AC000068.5	APOBEC3G	APOL2	ARSA	BCR
0.00253152678300414	-0.0107342447967494	0.0147763073833835	-0.0142305338172613	-0.00338642589178435
-0.0020661538222301	0.0110673587989264	0.00787068185739116	-0.0144583493613925	-0.0127283800428974
0.00196658034482236	-0.0325358240606723	-0.00299202190628079	-0.00378470894146936	-0.0104346426379358
-0.00204780003145018	-0.0129474482001443	-0.00982069152641644	0.0112527115132016	0.0168029126269738
0.00121999894607859	-0.0420951243384624	0.00226978333452786	-0.0126285151343569	-0.00925259651362583
-0.000174378792895873	0.0143068974375408	-0.00336306235926164	0.00274196545655757	-0.0120898809532712
-0.00201803301841605	0.000918422698750419	-0.00281402268151898	-0.00705533880334659	-0.0122151764822215
-0.00210288511185505	-0.020988559493235	-0.00650007765927472	0.000831745822185951	-0.0178255378582347
-0.00178319754314654	0.0256596244629006	-0.0120287604943079	-0.00362408728570813	0.00894066071599489
-0.00200624073433983	-0.00374498803065835	0.00408822772275598	-0.000259024458661109	-0.00430957514220249
0.00110522949875359	-0.0288985542342311	-0.00811065932140698	-0.014687256163084	-0.00897021423089579
-0.00240547457225696	-0.0296187639133431	-0.0202034936252352	-0.0230981362864173	-0.0136952977072188
-0.00218224585060856	0.000612662961130775	-0.0130362185549759	0.00184864514545809	0.00216838029117509
0.012590988579024	-0.0634754867197215	-0.0391702776894712	0.00184913962689063	-0.0225213848510793
-0.00232762010613214	0.00552690920232037	0.0290118364019761	-0.0169319293101645	-0.00123616403439285
0.000805531957224924	-0.0166586907298335	-0.0148945638490607	0.00122843711457234	-0.00544488468424007
0.000923026981376355	-0.0193114941210314	-0.00595355575712791	-0.0194649349368626	-0.00734434432819539
0.00191122022563962	0.000846074629562265	0.00729879821695693	-0.00958001666884895	-0.00722746982853956
-0.000238849173272985	0.0224545824118825	-0.0174639363681272	0.0259966420439479	-0.00607944180592971
0.0031102176288776	0.00277676654474374	-0.000656045266691506	-0.00299030920556625	0.00128155609741707
0.00976206589223347	-0.00380799506680503	0.00832662788874676	-0.0169634067917996	-0.00636683584861666
-0.00206549225388072	0.0143230571814292	-0.0138168858645665	-0.00163020942557171	-0.0174194203591339
-0.00225719409505629	-0.0318264336707953	-0.00388861589933352	-0.0159716217496079	-0.00952102534183678
-0.00220267228079714	0.0302387890315258	0.0267711006356291	-0.00221380799992724	-0.00586083633418934
0.000155084428945174	0.0033044278146832	0.00938894581792209	0.00464695428657969	-0.00765015616703901
9.48510332120948e-05	0.00265566019214295	0.00121779121401723	0.00765060354023182	0.00672915111087717
-7.49419287120442e-06	-0.0123387576109949	0.00519653826658095	0.0069705757345648	-0.0052022898429224
0.00338759325482345	-0.0103289860904561	-0.00279901833647014	-0.0115579041723123	-0.00138705583685922
-0.00215513864816155	0.0071695663172097	0.0105510915232074	-0.0110364298645475	-0.0131370894183328
-0.000251621149989238	0.0151401070860459	0.0112262862795719	0.00284216813183539	7.84058498330068e-05
0.00275229297004716	-0.00330851930666584	-0.000372244102962084	-0.00441786501808146	-0.0165332741468376
-0.00192840328930327	-0.0212541480233944	-0.00580237662361332	-0.00977472889811698	0.00230920070824067
0.00123587780317413	0.0725040514181482	0.031952472421573	-0.00514400810365823	-0.00618569366799856
-0.000108815115751728	-0.0243132116521327	-0.00963000980695792	0.00824348302271611	-0.00284107113756798
-0.00215513725429117	-0.0119567331163248	0.000654522954507959	0.00244134515445114	-0.00520001726601073
0.000129620898017597	-0.0247845936646497	-0.00361845385749452	-0.00145138373082603	-0.0122624019635128
0.00351423059827335	-0.0335120553100533	-0.0155420720150603	-0.00271197231469412	-0.0153459315833427
-0.002162733580341	-0.0133918597962647	-0.0110630569488232	0.0017407690282744	0.00129713426588034
-0.00214591479464503	-0.016088005681205	-0.00403038988681101	0.0057316629413352	-0.0121597522473102
0.00621718046928224	-0.00839653046733069	0.00089646252983096	-0.0101591743169877	-0.00347116471272842
-0.00225727866824351	-0.0457059912389797	0.0163848411020055	-0.0156044012484522	-0.0133125493308818
9.31867509988667e-05	-0.0292787024763758	-0.00595531353127939	-0.00318041537232163	-0.00953948895845319
-2.08932892375779e-05	-0.025335843971362	-0.0152917156347316	-0.00178519820210112	0.000209309315200071
0.00113819756870421	-0.0404238158806121	-0.0234237383502426	-0.00654878092824334	-0.0053122638070966
-0.000412348749431537	-0.0145566872833861	-0.0108800038107754	-0.0051483871155413	-0.0172585816604086
0.000201355017795977	-0.0501203593528671	-0.00428636439124731	-0.00150144165706727	-0.00117829838120782
0.00375480080553163	-0.0375001128374399	-0.0217077835395703	-0.0147406893080434	-0.0163463000277698
-0.00221670019178266	-0.0490661409915208	-0.0136663930015266	0.00137294849844375	0.00695873548822406
-0.00242148320752963	-0.0469722301316732	-0.0308346087231321	-0.0113272225565455	-0.00706676957796309
0.00309790306321895	-0.0249104046482785	-0.00196907796002272	-0.00998981207828832	-0.00988320661167096
0.000182025753112804	-0.0266774907400178	-0.0344772956353845	0.00861122590087138	0.00104113860421167
-0.00195718251124294	-0.0471099832913613	-0.0229689809263395	-0.00732606055597943	-0.0115872597306668
0.00214913730321531	-0.048145335812977	-0.0156601045334479	-0.0100846326610803	0.00066005721279591
-0.00238049078854227	-0.0393998198294792	-0.00744172715875725	-0.00881456168737295	-0.0230858374341317
-3.04517447927009e-05	-0.0124135702109546	-0.0150350525512782	0.00709607966955821	0.00766581051040391
-4.40607800607242e-05	-0.03344254881687	-0.017198711300642	0.00140477476949268	0.00339024416384694
7.53447806613615e-05	0.00745062941649746	-0.000132843245558865	0.0147408575134561	0.0104983606102576
0.00214649734517553	0.0170326124831473	-0.00574600087534881	0.0122116482107348	-0.0052936216294097
-0.00224837213523792	-0.0376483822541345	-0.00824025085646426	-0.00200404257398329	-0.0057988383513988
-0.00259364706667491	-0.0191027261272956	-0.0189205771946105	-0.00485318681651903	-0.00663179419598521
-0.00239232857795973	-0.0192227460923782	0.0193287535293746	0.024147193194439	-0.00716678145795526
0.00113986964654605	-0.00628924290147349	-0.013234598395658	-0.00227523376710827	0.00464574808799255
0.000183711014406619	0.00140881522705077	-0.000345304357425094	0.00708598671571128	0.00720672364122101
0.00152857162573702	-0.0258862682875313	0.00561898644294731	0.00123912582880104	-0.00632522777807224
-0.000482502778163441	-0.0162105627164839	-0.00956778869736264	0.00309520196742205	-0.00254378672049748
-0.00213573190310858	0.00718596117092486	-0.00827898770078666	-0.00934644755860836	0.00176887904700514
0.000142028232948066	-0.0023135041837897	-0.0120100982387436	-0.00381469266423956	0.00161617698895055
-0.000190441008575299	-0.00765834802385769	-0.00224869258703366	0.0144707012269294	-0.0136707539422135
0.00177706666117754	-0.0295635170680292	-0.0118941308652853	0.013790807398244	0.012387620344575
0.00156042781504331	0.0139763062175919	0.0240151739215691	0.0169526071304599	-0.00555167339786844
0.000385269071150839	-0.00968486091026089	-0.0132980643837623	-0.00997867982949661	0.0150497567615173
0.00119652243261085	-0.0084842455107313	-0.0184965324657435	-0.0104535157820817	0.0140302654837558
0.000513257741843261	-0.0165508692877955	-0.0193116373866139	-0.00161505239732434	0.018545071433347
-0.000789997500138534	-0.0141921583203485	-0.0140808609696797	0.0136894610192995	0.00799476462668414
-0.00142788776101515	-0.00428695462357261	0.00499140222327856	0.00755150991543028	0.00940301572881251
0.00213650640303481	-0.00392890268806846	0.00111514482403214	-0.00330685066566001	0.0162455679693294
-0.00239351940745925	-0.0329448555981613	-0.0334738968768188	0.0159990840347712	0.000410415899278813
0.00125563549546027	0.000683867814640544	-0.0141714697657783	0.0054843071712301	0.0078178487393644
0.00143413423300757	-0.03393710957742	0.005915935764628	-0.00740338750209097	-0.00535333906108119
-0.00223977400056072	0.0475625167609616	0.0176729395127398	0.0102709044262698	0.00270042039498639
-0.000715542720502139	-0.00557434956778358	-0.00403234752832056	0.00308779183277207	-0.00411007866382527
-0.00204591537783418	0.0348962879649126	0.0194077057090774	0.0284325195366734	0.012896375683888
-0.000574420777096687	0.0100343180224457	0.0133659180438843	0.00328056987825096	0.0131430380906126
-0.00183914099341247	0.00549984332623918	0.0150776116974352	-0.00735716068545047	0.00444613512449944
0.00255806736007703	0.044585266723188	0.0143628155099816	0.00514273577802088	-0.000890105951644833
-0.000263310686182588	-0.00534551808261796	0.0138605477630806	0.0143052719976924	-0.00396011259861605
0.000971969017563551	0.0131597558017172	0.0261331735184608	0.00111140532522128	0.0132129848689529
0.00722967117531724	0.00729924814771304	-0.00244576912764304	2.26395500479922e-05	0.00521651571955414
-0.000639599620585102	0.0177336638612673	-0.00392311713975059	0.0046190206227687	-0.00999624153955766
0.000878480435413009	0.048083656441168	0.0156305476343643	0.00044663617868325	0.00646969305171283
0.000366761124369672	0.0537508698367251	0.0192841146802935	-0.0152619820881241	0.0129261798327634
0.00218779882858454	0.0068140976164471	0.0290949527543728	0.0239465446280152	-0.00139040280385603
-0.00228739584383575	0.00993832809928967	-0.0102141610260642	-0.0097414917244522	0.00961285491818265
-0.00231977685501363	0.00195338869471519	0.00651740591842342	0.0105867115020487	0.00830066487708736
-0.000132498238683302	-0.0110571603194684	-0.000571666240693662	0.000429532179673583	0.000295617824794256
0.00262759319360291	0.0259511152197407	0.0132935543136643	0.001093683659952	-0.0026365827974605
-0.000711973519505354	-0.00315730166307764	-0.0107885743096176	0.00293633240048676	-0.00646581869383006
0.00159338688901192	-0.0155903045292553	-0.00750634752263357	-0.00348404019679056	-0.00994848547797388
0.0034651140376752	0.0131853546108536	-0.00320422292315435	0.0113675875209299	0.00472097853972526
-0.000939120627157365	0.0317505387574785	0.00668812301561314	0.00976427504583776	-0.00930536141497543
0.00359964958389148	0.00641829485261212	-0.000306516635956141	-0.00615080425616553	-0.000201190028508266
0.00268171641138937	-0.0185018931449506	-0.00225115148177226	0.00342326525239788	0.00604957843400503
-0.00227333343969328	0.0103151142868165	0.00545808652086495	0.00750979398986854	-0.00454827591406841
-0.000216109450572918	-0.00542724996338983	-0.00636235300661323	0.0155549274349987	-0.00180765106959124
-0.000873405497086176	-0.0293748035635189	-0.00480618007610155	0.00546474993258229	-0.00949962857182323
-0.00217144449993458	0.00441007043006579	-0.0055878954989578	-0.00959792579899404	0.00789059209907989
-0.00239909090328022	-0.0119450307237071	-0.00733640044723967	0.00347766926681689	0.00835159860718478
0.00330575731148101	0.073541994906011	0.0435978385850835	0.0251182032650024	-0.00730242110722349
-0.00233889633380074	-0.0217881413369407	0.00986011869960348	-0.000769886819056506	-0.0114321917981117
0.0018183049064593	0.00591500660320774	-0.00340487778195009	0.000898554606609439	-0.00390216818360188
-0.00207611526146247	0.00533431080431557	-0.00169330734904332	0.0304027890563429	0.00672959662188229
0.00148943854227444	0.0218681540124486	-0.000855095993586016	0.00213760055869965	-0.00442674896846744
0.00122305485026396	0.00107245072539909	0.020356885356854	-0.00278159128048226	0.00895635882646393
0.00197656910968403	0.0232225920196994	0.00780946743603736	-0.00202639625809247	0.0104575297954822
-0.00219766134012418	0.0819928735146646	0.0108673383967412	0.0386956928968433	-0.013576544189796
-0.00234824699092948	0.0352435226205691	0.00831107678985013	0.0031943840219268	-0.00309871112227812
-0.00220087280570277	0.0120619430729834	-0.0153960858138677	0.00574590528779687	-0.00942873191021847
-0.00242999599976966	0.0345532471633024	0.00637273854025596	0.0128877903696263	0.0034345747809867
0.00483003335893176	0.00379525834492474	0.00426912918508838	0.00896929421647613	-0.00084077689270342
-0.000681936966777721	0.0066223729126877	-0.010872920457608	-0.00104763265388111	0.00492535442832673
0.000717669403542889	0.000209734924686596	0.0138601114790241	0.00858135052230202	0.00953814601186115
-0.00208066199335288	0.0236844314191379	0.0229888538974694	0.0146332748740837	0.00482971121170791
-0.000633574225805593	0.0453125547927705	0.0238099248505555	0.0124065090203837	0.00762189810268705
0.00363453843843203	0.0210976429655317	0.00619921780940034	-0.00673514189190504	0.0106579991873992
-0.00206786701244664	0.063796725990692	0.00126039738237799	0.00970193937166362	0.00143793226587456
-0.000271454596086679	0.0337073986617184	0.00592258034819751	-0.000529465126950319	0.00269999988597555
-0.000254035240555585	0.018829273000589	0.020933579683758	-0.000595791145499742	-0.00976347238055569
0.00203495414008712	0.00228624870619012	0.0164064773164401	-0.00378635749701197	-0.00267749347718747
0.00495781818388611	0.00318999997135551	-0.0158910655661671	0.00455944623457356	-0.00485742792549984
0.00264996885272262	0.0310289529085671	-0.00466001186823068	0.0149700854490892	0.0187878698196822
0.00149197647179576	0.0378083740552278	0.0189934931152061	0.00259292852263953	-0.00197822216556627
-0.00213835226986391	0.0151912880126274	0.0103961915803	0.0204211983967063	-0.00268171959914187
-0.00138803332794551	-0.014755091061885	-0.000478832406934171	-0.00118914495138195	0.0020244357446235
-0.00208776094216753	0.0177128854108114	-0.00139580222470443	0.00562367337054972	-0.00858678815153867
4.61757724064894e-05	-0.0189666849180944	-0.0032447838052471	-0.0154697027288185	-0.00974230681647171
0.00059890202953823	0.0165520355829364	0.0111264751844262	0.0185204649890805	-0.0131775755254242
-9.15331070352497e-06	0.00228689325241403	-0.00134288414686314	0.00479518130081843	0.0110643261128027
0.00158690773562885	0.00285067703136401	-0.00570084888643421	0.0185374306791121	0.00352262652507584
-0.000866548357538791	0.0164313062071432	-0.0119553154493891	0.0055270866499502	0.00238311751229258
0.00394458922513943	-0.00173022281922749	-0.00436117796060401	-0.00189405293276457	-0.00830855410510168
-0.00237087325847068	0.0446434525335118	0.000290336750710606	0.0165043719303772	-0.00611311028001136
-0.000609573015143883	0.0238062474282143	0.0214779562914869	0.00649485030433179	-0.000567751490808625
0.0038596385736708	0.0191281220501596	-0.0015439367647141	0.00608450106961459	-0.000357929081874973
0.00157830108597705	0.0524058748136434	0.0325227124413809	0.0057402214376619	-0.00342810743550728
-0.00216676760291695	-0.0162768605738816	-0.0158849994190519	0.0148803418661615	-0.00688455330487361
-0.00225307881863986	0.0329080611287204	-0.014645075881963	-0.00709999247226759	0.000838557814260135
0.00710768956463076	0.0521324699977322	0.00646652229224121	-0.00405231350239291	-0.00568548991075424
0.00761726071343428	0.0376177592789529	0.0286975615112296	0.0149794010723678	0.00490558761774976
0.000762430893226027	0.0560779496131145	4.68515232721263e-05	0.0132604198291708	-0.00730998489635516
-0.00256379009491651	0.0198970322846725	0.0146035392206261	0.0115514263004437	-0.00412473134197715
0.000887258509994508	-0.0097607994816231	-0.00368121502469837	0.00959166472141599	0.00138075687604267
0.00387656802097635	0.0453907458610714	0.0120094931522627	0.0205645088941322	0.00399377575685372
0.00223755989422813	0.0220880141340666	0.0234806218328431	0.000489312495976468	-0.00303656288968415
-0.0023617217170784	0.025920955049041	0.00734638216510797	0.0120927759301561	-0.00622965820890252
0.000880314916901885	0.0177626670960431	0.000875489899519353	0.01384654301735	0.00964525832748612
-0.00198841779269038	0.0428857698101982	0.000449587312983465	0.00316462235270018	0.010043902201352
0.00702065161195948	0.0241379359387327	0.0157045757062052	0.0102629403818592	-0.00584142066038377
0.00130428525212776	0.0476383974831737	0.005638718329363	0.0117395078868294	0.00168694332429485
-0.00246082799846145	0.033440692931944	0.00518622393980711	0.0296358683662266	-0.0150024593101242
0.00220466088834743	0.0943499795262699	0.004852620443902	0.0172680265541351	-0.00236293526831466
-0.00198096652539433	0.0466368739231913	-0.000574702556484926	0.028113610485513	-0.000875503803625059
-0.000661804995315325	0.0246624495474681	0.00902468291803153	-0.000885828104616196	0.00975545315588244
-0.00242385163815513	0.0634814651938046	-0.0176483945060348	-0.00710564301458631	0.0166806678382032
0.00283350304557322	0.0059366631376829	-0.012084561900188	0.0135018085801988	-0.00667679211311924
6.54612220839138e-05	0.0222484197622846	-0.00958516413783011	0.0184018027883738	-0.00110730663281867
0.00280263256459716	0.0186314135839351	0.0102419216684505	-0.00394854700483393	0.000356962903371974
0.00653022074494733	0.0413405538780226	-0.00399714617623906	-0.0030127768982968	-0.00153696371761307
-0.00213665031315567	0.0470597434427135	-0.00486427335215178	0.0165000434288552	0.00752462719449441
-2.29627851815217e-05	0.0323998781197081	0.00581346018454622	-0.00525422464176768	0.00919598233816148
0.00386091346944505	0.0312370354423147	-0.00391574298710966	-0.00727716026586587	0.0114087631156479
-0.000237738077789255	0.00334661748062555	-0.00876259202966308	0.00754875526352503	0.00946795941552093
-0.000436405810903361	-0.014559848761845	0.008896466995908	0.000314314128840887	-0.00144184544199343
0.00424716625322428	0.0836906484135363	0.0617528286339434	0.0103050233498562	0.0388865457502653
-0.000581126484222706	0.0545883772691857	0.00726152143142594	0.014558890082957	-0.000506996163712475
-0.00261148884355857	0.0402764171912488	0.0259462838053193	0.0172129754637893	-0.00269988983057875
0.00022325070410023	-0.00551717100329769	-0.0175226019272098	0.00249584035861526	0.00591937036387074
0.00705578825796411	0.0284076364958674	0.0133762664623586	-0.00294356564937235	-0.00143159381719037
0.00129021700679154	0.0120631042402301	-0.00740453809083433	0.0156809532842799	-0.00820490993611102
-0.00205582919010753	0.0302190588889149	0.00239730518761849	0.00303340071927528	0.0234754829017915
-0.000456905698916778	0.0159410567662158	0.0213887152588131	-0.00726291986628049	0.00602622517826101
7.94639251843359e-05	0.0159724175439644	-0.00112702700464798	0.00861859079606632	0.00191264900394559
0.00300772327268637	0.00480718717701829	0.0113757223072028	0.00922731744118933	-0.00307544521709173
-0.00216227628372389	0.0576059097490573	0.0135610545297357	0.00950101379249588	-0.0105272118609487
0.00107133701382624	0.0431011523263379	0.0243293536164289	-0.00909292511231339	0.0143657264394725
-0.00221454760446414	0.0240360975665082	-0.0124058943670474	0.0135006972039413	-0.00361079328368825
0.00246293633337134	0.0782353725237247	0.00757676362348179	-0.00958495915077513	0.00517890396756515
0.00425400245939226	0.00372022334682523	0.00888899908528962	-0.00121500527674931	-0.00173673417336299
-0.000418887694530063	0.0077616127182253	0.0255905034940532	-0.000180184783583614	0.00188309692567139
-0.00234246701411921	0.0232753137936431	0.0136102208125157	0.00602153661194938	0.00955608864690735
-0.000329540936424229	0.0285922724106941	-0.0166573728135917	-0.0085770808966299	0.00117591038798266
0.000906940244848278	0.0369320383235036	0.0240652739530716	-0.00608421400400811	-0.00887645452894162
0.000222736705862613	0.0139207440722093	0.0127736644622523	-0.00414379918813844	0.0174673148944062
-0.000977209717556171	0.0151391063352031	0.0035647628458666	-0.00811007347286811	0.00853896945581849
-0.00254660616718099	0.048566853464246	0.017165045363493	-0.0135173961903739	-0.00128973249555585
7.79821268718695e-05	0.0435669460382706	-0.00539017321651746	0.0226275829979924	0.00378310841309139
0.00141867665293132	0.0230583424274415	0.0232700492895017	0.0113031241971735	0.0172926314956413
-0.00185448439414421	0.0850136884216267	-0.00839509722955971	0.00783007093707578	0.00321502288530262
0.00278678386932103	0.0632909399734368	0.00233283885302758	0.0150453134692257	0.000751957572406112
-0.000800057507905705	0.00899985398359116	-0.00281000373301476	0.00507618767923334	0.0144839177232853
-0.00247240838641327	0.0523555951062321	0.0137065657206201	0.00953406118039212	-0.00309225801151751
-0.00219896056865761	0.031996172121118	0.019613831597862	-0.0103106820115624	0.015127722388408
-0.00231690764609964	0.00845456781201631	0.0126799756920127	-0.00235502720957825	-0.00401521843214691
-0.0022920589534828	-0.00252074957242889	-0.00610076464886377	0.00241436192477811	0.00203139717994696
-0.00220112901704795	0.00730984032635374	0.000556534486393238	0.0118125709279796	-0.0105291817601759
-0.000455065797337669	-0.0216574594772541	-0.00255764139010299	-0.0117718489345731	-0.00229273070982971
0.0006012141658675	-0.011201474622456	-0.00797955480594503	-0.0077949760428611	-0.00163876732739394
0.000306729225638518	0.0496439545998279	-0.0159727574909829	0.0247541897120752	-0.00651671126183978
0.000710559590983719	0.0388610800506292	-0.00521032908094297	-0.016551005586404	-0.00525678531067295
-0.00227047697572877	0.0284579490790916	0.0168536573692718	-0.0166672652033049	0.00237034002286387
-0.00221818192665827	0.0340948106266436	0.0106923274102292	0.00267831579486801	-0.00544129930778885
0.00466576312809767	0.0217726986063468	0.0414359079644581	0.00752889548276627	-0.00791472033210035
0.00356129943670019	0.0606747595486863	-0.00632454774441558	0.019414144306393	0.00425003502923863
-0.00203399521390941	0.00519935421292291	-0.000904507433837193	0.000275796312304794	0.00455264414216689
-0.0022401450079485	0.0258992372434877	-0.00710092761150482	-9.9128152796079e-05	-0.004745211287411
0.00110085550198119	-0.0109790527658478	-0.0056559251807792	0.00235762090973098	-0.00843830455190644
-0.00026916361078703	0.0241139630860497	-0.023910106365765	0.000736748871201771	-0.00541751790043887
-0.000318305359274227	0.021380891664348	-0.00442176540485093	0.00201898688526421	-0.00711311591405312
0.00111228011263492	0.0211616053520841	-0.0115156944810246	-0.011564855863143	-0.00887089233233086
0.00220155562603812	0.0058537368498926	-0.0233516223319554	0.00144661038556317	-0.00121399867831009
-0.00210572396646765	-0.00453491604514565	-0.00482802027791638	-0.00751814788372821	0.00107371834132079
0.00182180990504485	0.0209915612423386	0.0131769647376866	0.00488577274098195	-0.00851927886949979
-0.00221521062440183	0.00301840366887197	0.00221679909740157	3.41332481761079e-05	0.0010881364302434
0.00173211228043304	0.0240840118746687	-0.0244283473511092	-0.0179111525088076	0.0160378211395326
0.00115341381295128	0.0133347967000259	-0.013265145681158	0.0029116495252669	-0.00803076556261333
0.00680918342337311	0.0246807338081527	-0.00653862436870052	-0.00967510231748502	-0.0138993954068072
-0.000834760992416112	-0.0147597736302506	-0.0169157096177128	-0.0149355684780525	-0.0066363792292652
-0.00199044991642929	0.0030739740726066	-0.0184219779270373	-0.00999408109831193	-0.00713491184501547
-0.00221053276098316	-0.0777869999493674	0.02633283056505	-0.0279359534162267	-0.0215763708234353
-0.00202734895283944	0.0420113968663686	0.0436240862954214	0.0410137198641318	0.00612091700460928
0.00021593384898067	0.00299429785875098	-0.00336864204793788	0.00652001557766315	0.00996515400984412
0.00141953729148115	0.0546987182054377	0.0171915399312707	0.0230977213989761	0.0217941351721516
0.0015001968343021	-0.00191903748387366	0.0106995437849356	0.000744350790934657	0.0108183645624876
0.0029321501368977	0.0292972802883806	-0.00556282631374291	0.0116227307802587	0.00587850400034407
0.00379989372087113	0.0908610129416376	-0.00796577096275981	-0.0189037321927421	-0.00159977446911598
-0.00236062638504154	0.0353303035730026	-0.0249024155823386	-0.00755537801720036	0.0270926488211778
0.00109403622368094	0.0446573898338511	-0.00168154839412173	-0.00382664955356364	0.0164033236164309
-0.00246453339170419	0.0166007166903038	0.00925039896264331	0.0158863596608855	-0.000317617925001258
-0.00233005153078734	0.0426024408381857	-0.0136596982295843	-0.0129209757948354	0.0161563138194229
-0.0022425310765552	0.0358389898304904	0.0258524039406216	-0.00164715777753621	-0.0141690500493789
0.00397335812725051	0.0397438926716852	-0.00694569411086469	0.00783101686025011	0.0194682505101081
-0.00222429003243373	0.00721723088066069	0.000160259043617458	-0.00681550875331694	-0.00333114023378556
-0.000828915793967869	0.000305919951105161	-0.0193637580951781	-0.011500230002533	0.00464510103076144
-0.00245960291458485	0.00650435435951637	-0.0169010529430077	-0.000803916027187043	-0.00951367564394978
-0.00103550963282246	-9.80948659713543e-05	-0.00854946181517631	-0.0103327308817768	-0.00755239259301239
-0.00228865059879222	-0.0176560508876644	-0.0290164466539378	-0.0176670287116964	-0.00495268194319717
-0.00226119763585269	0.0262038966712692	-0.00922080257691261	-0.00580062526389011	-0.00511562389273867
-0.00205718695418063	-0.0127589066098734	-0.0154732010453427	-0.00412538323800203	-0.000421557799983882
0.000300494860406606	-0.0273356039339468	-0.0137451838345758	-0.00158984721283557	0.00177474760988778
-0.00184544614682373	-0.0229993715451222	0.0103364658560345	0.0101948650244116	-0.00883903747592177
-0.00218400739038689	-0.0299407978733018	-0.0113890650962638	-0.00692338712858499	0.00114793483707087
-0.00192667036248252	0.0270623759620309	-0.00309683312508648	-0.00771583212526369	0.00583558125326769
0.00230240710290733	-0.00973838335745797	-0.0126847313081448	-0.000319388404851496	0.0051728291144323
-0.00197041019946028	-0.0307123284157419	-0.0135266369744201	-0.0211886299277838	0.00622659882998591
0.000768638135459998	-0.00140907975216757	-0.0207829228174375	-0.00463853113065788	0.00391955902029295
-0.00217782666132277	0.0193062792688664	-0.0107661619540018	0.00419691362303032	0.00178671495813249
0.004318972338627	0.0074096958543863	-0.000340897791334342	0.000335921442672107	0.00116302800853421
-0.000318685244532164	0.0154439039533947	-0.00250929318358852	-0.00936047043239331	0.00572950649102521
-0.00201732032201462	0.0196483465944997	-0.00309828812360765	-0.00266017294385817	-0.00270266127443006
-0.000341143110395555	0.00703840396033836	-0.0125351381854881	-0.00712566951797933	0.00118525794804507
-0.002330607308558	0.00687097388835797	0.00338450305759362	0.0210041781494291	0.00728885155758746
-0.000481824377450647	0.00954546105310797	0.00187886524604014	-0.00200410272540396	0.00565838492809309
0.00401222389781912	0.00203623935786823	-0.00697850935430645	0.00128169808643586	-0.00510770395055184
0.00119778079455082	0.0138042209016819	0.00401532959377913	-0.0057442275744081	-0.00154165065266605
0.00327611404353174	0.0240935744699653	-0.0256845627601074	0.00360161631915109	-0.0070770987852218
-0.00222242875146556	0.0304621214426908	-0.00111794651519177	-0.00807323000628082	0.0235635899138827
0.000299805917157826	3.09533317855013e-06	-0.0112626561071543	-0.0112977648875575	-0.00838434420152717
-0.00234365994476974	0.0235244720641623	-0.0223566993741997	-0.00720081086292151	-0.00647374235598019
-0.00134941934352541	0.010383391597133	-0.0182569782524323	-0.0101120697774851	-0.00104994744706459
-0.00193512541344546	0.0330073857633639	0.00837779980738268	0.0148970905410194	0.00256857199982269
0.00611164645193492	0.0124667378291158	-0.0125347066999204	0.00349113165997303	-0.00290105335267281
-0.00227836229910694	-0.0049644773339819	0.00828988221601072	-0.00564531749943824	-0.00530570518565064
0.00584059726298634	-0.00327820500876734	-0.00565293574444317	-0.00238793143981054	-0.00393496233210474
0.00232757412466562	0.0188743839420161	-0.00668342257061815	0.00200145180403597	-0.00197425728408003
0.00225987713383349	0.00558348160738001	0.0142608063222424	-0.0117794635537492	-0.0117691049665612
-0.0021956880125067	0.0155406903799255	-0.0147121866718393	0.00374796701837385	0.00668492890396029
0.00244883885814689	0.00940596559124473	0.00414863826810791	-0.00609490208660132	0.00989438712486107
0.00010439436344925	0.0149772512144381	-0.0115839847755905	0.0016197192102182	0.00211816772454764
-0.000635126283123213	0.00703500046923314	-0.0129426221886537	-0.00638634103357261	0.00682712803874686
0.000464247238337891	0.020628124499233	0.0234462847825202	-0.00780815739633749	-0.00137809879143422
1.65104599402288e-05	0.0284577594368127	-0.00214485857187892	0.00655157893696046	0.00369627824040125
-0.00181921495275024	0.0461663218625072	-0.0129257296866172	0.00973412384482914	0.0092617045347222
0.000283821038816053	0.0188665454321864	-0.0146003405556242	0.00831075498694244	-0.000158758068579703
-7.23944939799245e-07	0.0656177425598633	-0.0104240331143296	-0.00432199376564043	0.00504347504690684
9.83160605811762e-05	0.0424275472623864	0.0532254545212715	0.00631707584109248	0.00503444504042594
-0.00217632902299713	0.0900470325575981	0.0141477414888054	0.021961212323966	-0.00662536282084984
0.00851267841301517	0.0359665992984749	0.00133749059480825	0.00582415589001981	0.00619404131683033
0.00113360657035846	0.0157409258535686	0.0157041756464558	-0.00450584573654577	0.011822895309796
-0.000572265798894216	0.0503985004741727	0.00995017098241844	0.00648604064293563	0.0106297159205086
0.00115911617125536	0.0637800929145141	-0.00735384949288801	0.0123496576079821	0.00661226428343038
-0.00218106009087516	0.0588223650142022	0.0192663903088253	0.00516214315688795	0.00509714862453209
0.00227550985942544	0.068109291070914	0.000739201577121003	0.0160944927746393	0.00720694577813345
-0.000604298696966714	0.0483150656956469	0.00725511135242043	-0.0144610109864734	0.00210611926029458
0.00773085602984046	0.0194644339492991	-0.0034872260551172	0.0163090489088544	-0.00337811170186048
0.00509929432502793	0.0824717464242608	-0.0280741006980945	0.0347523652414102	-0.015625513614403
-0.000275386854023274	0.0512996479842744	0.0104902929675957	-0.00160310985239282	0.000606960457829826
-0.00210900405638992	0.021797492434097	-0.0200351791901057	0.00192248318588639	-0.00356448685577682
0.00100293653326689	0.0697006445660272	-0.00266787598097523	0.0120258976628236	0.0115308218996467
0.00149598883579003	0.0570598445467806	0.000983579722540208	-0.00486217632377655	0.0085955592608026
0.00774021690674904	0.0681756831980412	-0.000496523114422468	0.0145057388839868	0.0248459955714483
-0.00194444854293535	-0.0021484782230726	0.00701953193282145	0.0059102305582722	0.00320951558212059
0.00205831378617081	0.0355627776336107	0.00774310754984524	0.0113043292145096	0.00589964011772764
0.00422316335202213	0.0663922721037646	0.0149048398449458	0.046705948241061	0.0100346419526317
0.0026208328937675	0.0143404476481896	0.0150196217291738	-0.0074707060164025	0.0145709587903157
-0.000113953979993892	0.0195230615157142	-0.00385191381335212	-0.00544890941413745	0.00125990538092677
0.00703553094545658	0.0424198413206084	-0.0071433512052931	-0.00437912274569009	0.00730731251447877
-0.00194261654567874	0.0411598936695184	-0.000447463531487393	0.0125394993026667	0.0207218355803789
0.00137385824052856	-0.00528512718454686	-0.0118641011780634	-0.00128178525374356	0.0110684014164755
-0.00223977897246622	0.0817428842167887	0.0303983587600586	0.0224131137309071	0.00651200137327269
-0.00206230660360619	0.0215351106534077	-0.00491028646861564	0.0260087784773211	0.0103106884653939
-0.000380875730640796	0.00537942342023404	-0.00697963058390806	-0.00529561174621767	-0.000573551028047741
0.00229127297832311	0.05514571011449	0.0273656248004332	0.0174282781569092	0.00427753374494498
-0.00200806057232337	0.00530854682064575	-0.00356837955917721	0.0157537247382131	-0.000351619998737427
0.000123196166429393	0.0177127477543479	-0.00824598680284171	0.00557703701604673	0.00116583510198904
0.00219158096609478	0.0384023769643199	-0.0111432168948669	0.0101888518777864	0.00822139767070536
-0.000794803993171399	0.0853684776367888	-0.012475001600179	0.0139962851840805	0.00338040746396625
0.00121366324489015	0.0172417084166071	-0.00449275566368967	-0.00737012041725325	0.00083755683591895
-0.00176557359341216	0.055825312300343	0.0326292020617027	-0.00444884567035277	0.0201759396228617
-0.0023649082204509	0.0388097166319903	0.00219998478968638	0.0173850280268791	0.0101469831226527
0.0043960734457664	-0.0085370224492802	0.00278107649460815	0.00661102669974607	0.00586344638653541
-0.000511438877064929	0.0517381259476042	0.0074880285839018	0.00920438802931134	0.0126889064600641
-0.00235163093250014	0.0460571529925382	0.00113633540226674	0.0169864736533193	0.0038982578049492
-0.00175977015880523	0.0302462425412981	0.020363473877416	0.00135890079476362	0.00925447169297179
-0.00221423161406939	0.0400509309675098	0.0183468820714565	0.00471690156164986	0.0045114441216005
0.000391816667699286	0.0243628796815337	-0.00414790006876455	0.0238513832253231	0.00325799992331555
-0.00203906502513111	0.00962599455317329	0.00745525394222354	0.00855889212999501	0.00192726249223794
0.00338774628643042	0.0337076443877936	0.00878925029933137	0.0215290135973767	0.00712914976102529
-0.00206999587843973	0.0666579060834378	-0.000620894364410748	0.00315862150756419	0.00852826519783728
-0.00208907532278845	0.0335615847826962	-0.00257173395035217	0.0525909684237205	-0.0106316727632266
0.0023007385037907	0.0270984275375578	0.00617120818750828	0.0143392052433595	0.00419013733220346
0.00680453765994521	0.0433717877759189	0.00415652854681878	0.0250141951923386	0.00254883558073815
-0.00203814050204339	0.0554606454171353	-0.00206160716582434	0.0234544861483446	-0.0136762129153326
0.00230663887636112	0.0824277293201303	0.00702370106306892	0.024657674430253	-0.00513668191634491
-4.81025669066736e-05	0.0074525865846499	0.0458605089526289	0.023762835363054	0.00819665031352972
0.000956379720451709	0.0306705387146356	0.00223984537174922	0.00243336685004768	0.0164409972298859
0.0034435147272897	0.0568400337292945	-0.00339775430457326	0.0206733554985482	0.00382767364325722
0.00119837019976772	0.0377877193849779	-0.00452927270083493	-0.00176841625430045	0.0262868780458704
-0.00252562966658272	0.0291278869273451	-0.0114244690099207	0.00643533115498516	0.0201736429147586
0.00332301215174786	0.0157911422620695	-0.0140781406644001	0.00522873045883422	-0.00113947737269692
-0.00013265912459555	0.0181237518834537	0.00598792909585867	0.0238258485265977	0.0064826264751964
-0.00225763750365416	0.0181970077753563	0.00787389441756589	0.0201786493661444	-0.000800362232489209
-0.000183327500571869	0.0141645474535714	0.00859916145938276	0.0268993339222146	0.00329212741094031
0.00234869458759915	0.0194021142683119	-0.00615180500400378	0.0246628293031851	0.00501111469211102
0.00204608770976426	0.0334360470594214	0.0026593375909509	-0.0029455307778627	0.0114989172541691
4.58864644311942e-05	0.013533440857267	-0.0107335425230086	0.0161443368202876	0.00762106616664147
0.00217072765701256	0.0278201842014694	0.0200802034611042	0.0222532663055239	0.024180519032932
-0.00218314259956682	0.00579496370192531	0.00158373218184652	0.0286542989195288	0.0145692827593608
0.00323302286147849	0.0104162560927065	0.00268328615270963	-0.000192728462005243	0.0148646109058658
-0.00225074445942973	0.0308920831728012	0.00439229209153647	0.0212020401241366	0.00202233668201989
-0.00235993465995842	0.0137955175100324	-0.0078273986550694	0.0425117704580644	0.00356219670274041
-2.8953373962691e-06	0.00410313337937684	-0.00477658237645939	0.0177351435968081	0.00199052669453215
-0.00200851707131816	0.0116617046668981	-0.00806542306936874	0.0301294734218336	0.00546847757989117
-0.000636423879416697	0.00290302704375146	-0.00918450050933706	0.0119055748398496	0.00374786936725414
0.00138988279462543	-0.00357105889636695	-0.0127532055702108	0.0170883123853543	0.0124421964520549
-0.000866432194082155	0.0102580115491995	0.00414130189316907	0.0131872500558622	0.00972743862645008
-0.00158478065904344	-0.00892151562004942	-0.00816991506667274	0.0128082177580775	-0.00556642971593645
0.00295284762704676	0.0330527317775338	-0.00827685804467647	0.0128054558046801	0.00344991602879518
-1.6183892281591e-05	0.00264777216898303	0.00384383348373798	-0.000358389370081684	-0.00447651365612121
0.00184289743031131	0.00364876754017403	0.00733949886942499	0.0236006023173944	0.0076407601168259
0.00113119958620255	0.0410711475181864	0.0256733411417627	0.00739231729962743	-0.0048310309659537
0.000200345989172111	0.0471121666595063	0.0210954882579787	-0.00240456054657752	0.00387008492444241
0.00189863991211329	0.0770613566167794	0.00328886800898683	0.00880740619204281	0.00375525320142082
-0.000323012973239758	0.0287917379894644	0.0140527975519542	0.0171736051038277	0.0141235693518903
0.000966642846895654	0.0108138080737859	0.0115534853574775	0.0209799013132775	0.0114435082562335
0.00176411341158503	0.0555111968262813	-0.005238624986929	0.0149228784153466	0.00581519913722216
0.00251354299751716	-0.011386819142904	-0.0122501120088619	0.00235428674132787	0.00252302443443381
9.11974035744904e-05	-0.021243458668391	-0.0173407381095061	0.0139437094042287	0.0104410503665717
0.000944258363442218	-0.0112228269169425	-0.0091904879916222	-0.00458669041064599	0.0144351753975823
-0.00193488688429436	0.0236884846085791	0.0201334447603717	0.0149108044450642	0.000479237099186565
0.000116265724546137	0.012112495330795	0.00946782158675307	0.0246545959839678	-0.00125551313071042
0.00247879983894428	-0.0038004178142953	-0.0252181592767491	0.00967948345349322	-0.000117046122178332
-0.00208201313157363	0.0179016446221221	-0.000844499687236101	-0.00195177240707688	-0.00647331451210144
-0.00232822654409331	0.027456663664475	0.0118711132874815	0.00743936118986364	0.00308768784475931
5.28370233966883e-05	0.0173111170740329	-0.0038534151457208	0.00785327524617544	0.00157025172958097
0.000490080445741008	0.0611669782342799	0.0287316824858538	-0.0184897894238356	0.000332705772063634
0.00131254848959469	0.0183682198628717	0.017981221177714	-0.00343923838961422	0.0122858854903528
0.000453956489537735	0.023679035346244	0.0170353439240658	-0.00348104906287072	0.00143918618155941
-0.000329714957748991	0.0364279359623793	0.00790625254185358	0.00575524902776553	-0.00112527054545715
-0.00196398169218409	0.0480747095329542	0.0188898885426185	0.0244665371855458	-0.0150477348023319
5.86117667998078e-05	0.0115975404529256	0.00862466571699023	-0.0050185401461263	0.0071356074279482
0.0015609721764425	0.0518918828625336	0.0176841588854438	-0.00282835858472324	0.00877604068292982
0.00293352961220042	0.0425766932515234	0.0175846909599768	0.00436433897879708	0.00580752982165001
0.00148292180282423	0.0041687233112352	-0.00306722900012932	0.0149532331159596	-0.015748160269852
-0.0023240746318162	-0.00600473259126355	-0.0163341919568274	0.0128238498423498	0.0110569720513123
-0.000242775741826013	0.0359758560248474	0.00831866033850685	0.0253196868662929	0.0265213392718546
0.00572884375098151	0.0135990524764334	-0.022323119365734	0.0366472551857222	-0.00791935907708965
0.00490102642948158	0.00135044752008983	0.0049520523067043	0.00839658114342386	-0.0125489020601931
0.00145149076439443	0.0259219019352003	0.0226200858030976	0.0157332803937912	0.017726461506445
0.00118055354943125	0.028119389667993	-0.00943254363222254	0.00364055176943289	0.0067453364547715
0.000173987571558018	-0.00152358365371806	-0.000342270306202028	-0.00495367181753379	0.0136904234252533
0.000754977341818242	0.0278485989807436	-0.00103555724473536	0.0180179424667421	0.0221442879760359
-0.000642439055586227	0.0241469531878624	0.00130675944109609	0.0126820974994676	0.0250893605017374
0.00244940596898617	0.0147632394437904	-0.00482637295857009	0.0216377455013053	-0.000174272419023202
-0.00226365190392709	0.0668645271921184	-0.0076104963113732	0.0413832008616684	0.0248657876189759
-0.00237237865140236	-0.00496045688474698	0.0107630553241007	0.0092513605840757	0.015221044059834
-0.00209050773034893	0.0353094127923437	-0.00162254925190722	-0.00406980753926047	0.0251976520940605
-0.00232586381927553	-0.00484950569633011	0.00561015962043104	0.0195508494934209	0.00577791069930213
-0.000625350411516658	0.0215143145720206	0.00261465641476056	0.015024641059195	0.00536992027284221
0.00228088328119148	0.0113229404537349	0.0223884414320553	5.63918215691546e-05	-0.00195162662123905
0.00214343767882835	-0.00137523114679296	-0.000760125277289351	-0.00137505677836975	0.00977281859559425
-0.00221676021668735	0.019007332458257	0.0183548642435783	0.00469438991215633	0.0152858092350253
-0.00210165898176641	0.00420149794128954	-0.00887653012083421	0.0171116198569278	0.0290021537266491
-0.000241164576870029	0.0246030861411771	-0.00524146300595765	-0.00485979469316903	0.0126137875525664
-0.000619882532360078	0.0140901390445342	-0.00837184222720544	0.00375329837125295	0.00876402815905111
0.0022033291495527	-0.0164292668723459	0.00892625910144722	0.0194537348530855	0.0134174784604674
0.00158556054562352	0.0339566380979189	0.000713186189785484	0.0338958841209152	-0.00891920190445578
0.00156346519990304	-0.0112991700259059	-0.018300727641363	0.0153562517301875	0.0257947581044138
-0.00226127701525223	-0.011419431558414	0.0299612147421765	0.0239005309869563	0.00409554396843365
0.00040774165792082	0.0334707238572057	0.0117543710179361	-0.00980370060494846	0.0119924820579343
-0.00200118170136053	0.00219355255084856	0.000204803338110993	0.0328472824510904	0.016229211543888
-0.00131453237336909	0.00234218759935427	-0.0119799617206196	0.0126057755411123	0.0028083030553315
0.00173561246653857	0.0233878812589298	-0.00559138730549992	0.0116165227401254	0.0128186247048288
0.00261805647818608	0.00286706908152339	-0.007466989779357	0.0153080342160194	-0.000924946014242839
0.0012036398136487	0.0335239223870943	-0.00513769147717349	0.00957537651494708	0.00602747862355765
-0.0023599346424302	0.0245192997336935	0.0161887776738474	-0.000564920178521652	-0.00436234287506678
0.00247711444731352	0.0390977671010921	0.00258113695532364	0.00543267531819662	-0.0021933583442726
0.00425664177233727	0.0527910260475283	0.0307973135809597	-0.00160197953484332	0.00382221781543918
-0.000390432852304469	0.0201473833575862	-0.000414093256292525	0.0101171866734253	0.00671038471992204
0.010271346725297	-0.00173001543194642	0.00462125782918991	0.00295653661343712	-0.000223976481588866
0.000988579478437037	0.051590138535189	0.00409284103404407	0.0198168162522056	0.024068091649097
-0.000341170834541915	0.00864003591103758	-0.011470378039859	0.0217123984684826	0.0065242658378671
-0.00199235407725074	0.00336228023895431	-0.0191257778203981	0.00439432063732769	-0.0224069738405368
0.00394902459945459	-0.00783886054544379	-0.00169930338133898	0.0131552616025154	0.0244495466505041
-0.00189125596842767	0.0206317950301624	0.000181235841457559	0.0140769649080389	-0.00257814844898674
-0.00092071217029688	0.0413651388213216	0.00710749202146241	0.0264425392242409	-0.000123141758421593
0.000833391828404556	0.0298575633918495	0.0298659081438309	0.0201658860931672	0.01857615577012
-0.000697636306236051	0.026227975609877	-0.0135901524992857	0.0106841159829683	0.0149579660035452
0.000596652226388346	0.00843675708144862	-0.00690610435288371	0.0262472524348885	0.0015651480720672
0.00323593620328148	0.0221735464299619	0.00157021095118801	0.0371773171690594	-0.00555479568111514
-0.00167118631082815	0.0237213543876093	0.00878541720507329	0.0244590494721429	0.0162452067960934
-0.000339539722571584	0.0238681531117592	0.0103910344132883	0.00324911882153	0.00169453073096809
0.00219019039081758	0.0376244289461344	-0.000293047782491567	0.0167827168339237	0.0097343504675046
-0.000456909192012439	0.0535051226756694	-0.00833368217647092	0.00152896995858334	0.0228969022647541
-0.00184425762765861	0.0113756081580516	0.0102840169526605	0.0130554038316585	-0.00468253975962689
-2.2928829473742e-05	0.00983536754699634	-0.0033597784792399	0.00424714215794665	0.00396559231985396
-0.00215471673650217	0.0392132749590944	-0.00700672534003197	0.0391412962033294	-0.0135508020031936
0.00648673554684849	-0.00610010635428241	-0.00293164585798854	-0.0152723156631416	-0.00354338271371597
0.00428051101640591	-0.00702487817824578	0.00201700137637463	0.00612715525609764	-0.0068832497598988
-0.00221820335830583	-0.0549794417547709	-0.0147207690069051	-0.0234354197602239	-0.0123566817631959
0.00314345389673168	-0.0117575674241523	0.0184969418552568	0.00833438413371156	-0.0118712575302261
0.000913671776263447	0.0471783407931647	0.00945925011300336	0.0111495272464855	0.00413870843987651
-0.000383915781473119	-0.0219554444940466	0.00861692884139201	-0.00152055994969921	-0.0118298343675809
0.000569784925680334	0.000310640263064324	0.0020049169074604	0.00690364888999011	-0.0149039285221354
0.00363261423576014	-0.0407441218526317	-0.00351546355444195	-0.00660792297503955	-0.0120397223430094
-0.00209633892365847	-0.030778994931665	0.0260461539546437	0.0176812056291433	0.00427370706820713
0.000418110207077643	-0.032584074843892	-0.0148117560693658	-0.0115260976371234	-0.0149131716385218
-0.00195914263232671	-0.0163541766582718	-0.00500215081562402	0.00432489535511166	-0.0026710280974973
0.00238756326483214	-0.0355188800760513	-0.0017457999431381	-0.00614705480105474	0.00521835246083865
-0.00204684362853097	-0.0106006822844517	0.0098366435732762	-0.002316838499758	-0.0137863258242847
0.00185975375563658	0.00641626379159283	-0.0190224713090334	0.0100256635832811	-0.00799174399757504
-0.00227108710291868	-0.0324310123852423	0.0148976444296077	-0.0019719055480097	-0.00571202841036261
-0.00198650924706947	-0.0227474359575106	0.0120301193708322	-0.00526138081190023	-0.01637309959669
0.000761234337069607	-0.0238489139726777	-0.002963144854051	0.00495815936190193	-0.00027546064055116
0.000236900787005472	-0.00331746219072853	-0.0105026087274993	-0.00291682523012205	-0.000393842989274905
-0.000118830577660563	-0.0456944351754749	-0.00201391186711857	-0.0112964460375019	-0.00651797237876288
-0.00199913885980618	-0.0227406331627467	-0.00686207837031949	-0.00386164946530047	-0.00210631592814596
0.000381001731870117	-0.0348473002597305	-0.0151687150744162	-0.000939365150369902	-0.005243750690805
0.00413509485368624	-0.0426824970142413	-0.00532478020356546	-0.00847735770929591	-0.00108057470851249
-0.00231189150554706	-0.0380515635815307	0.0120126328937314	-0.0129605330650432	-0.00697510979861845
-0.0019883947391971	-0.0148748023880425	-0.0107843309881555	-0.0173678600253192	-0.000201667451374149
-0.000179344638756273	-0.0250771514716276	-0.00343869642879644	-0.00391129695470303	-0.00828894653600805
-0.00196593750118867	-0.0311781726999497	0.00432539500251086	0.00308816662878106	-0.00858490705899524
-2.13027709311623e-05	-0.016734714510745	0.0105766584622582	0.00310213109581267	-0.00724858841567957
-0.00197208167446903	-0.0042702489112666	0.0133130978811844	-0.00733460828370663	-0.0191026511654003
-0.0022005469819654	-0.0409522177458037	-0.00753039480447489	-0.00327051257102019	-0.00403235861631837
-0.00237217235885341	-0.0236841148328904	-0.00402598948543041	-0.00792347447163735	-0.00870674055789231
0.00424612988503931	-0.0231746917879981	0.01334713499299	-0.0149079060161777	-0.0065127980584073
0.00465704083551755	-0.0483461377530806	-0.00596474914134464	-0.027376701282571	-0.00890183430728851
-0.00236071382454253	-0.0470834532364996	-0.0153698619484025	0.0056128263770003	-0.0113041149752383
-0.00103739260660146	-0.0131060581333188	0.00455356454107415	-0.00862979514279044	-0.0111317747021636
-0.00212672308880539	-0.0339772485436566	-0.0324211576755736	-0.0110042311812418	-0.00968071824871264
-0.00184092192063501	-0.0363827966061496	0.0279965612909367	0.0129491908712623	-0.00550163896673272
-0.000414681901011769	-0.0369278553599228	0.0279292933526689	-0.0148123944881976	-0.0104574517706802
0.000222550932900481	-0.0303075500092303	0.000857006800163176	-0.00358811579062213	-0.00400690168144632
6.4709090086125e-05	-0.0394428965927537	0.00718337826134565	-0.00776393194763618	-0.00219618009609894
-0.0021488542052973	-0.0245435565327204	0.0121271934253698	-0.00855962832363944	-0.00145617531674108
-0.00131139604275057	-0.0491023373368229	-0.00529888722694862	-0.0144522055789121	-0.0109457742915082
-0.000941323376555783	-0.0136359086495227	0.00190348679955409	-0.00568642952414968	-0.00439521130181429
-0.00237587995227966	-0.0598488257038734	-0.00720331042864529	-0.0204943153826456	-0.0122011970351077
-0.00202036704122174	-0.000849378455294587	-0.0129528607667554	-0.00741101733470465	0.00358314575494061
-0.00228357911880645	-0.0333272819362148	0.00260118630504801	-0.0171423872862486	-0.0106063583341997
-0.00191040725040339	0.00521093616220831	0.000276711726895671	-0.0113977829771554	0.00424031001105462
-0.00193045055482037	-0.0301178796144883	-0.000664876581498009	-0.0209915166110111	-0.016593286869541
-0.000511396925442809	-0.0312286940541534	-0.0171770836042578	-0.00200584226098029	-0.0136552625467916
-0.00205773935429618	-0.0234376145698135	0.00370918331768946	-0.00226973277414647	-0.00549260976732648
-0.00217308603095719	-0.0272597954626719	-0.00412930782345712	-0.0093502020329543	0.00716406673205919
-0.00186815920396838	-0.00806631728505756	-0.0146620486425379	0.0110886218597034	0.0161399379678004
-0.00213697370897535	-0.0210692621767765	-0.0164113956535086	-0.0130455294518855	-0.0133725817427049
-0.00215703832666896	-0.0352328800130486	-0.00159602792236107	-0.00712073357661045	-0.00618951258112508
-0.00212359528580099	-0.0173810728114589	-0.000284655575332185	-0.00430785794545023	-0.00984458917901977
-0.000209331626852191	0.00102520203249986	0.0179621852062171	0.00446629439193249	-0.0133805319555836
-0.0021597207099769	-0.0346370284737218	0.0112571191896998	-0.00225751962223337	-0.0105797436956589
0.00118977573049804	-0.0169610734626435	-0.00134160604813116	-0.00147953914019558	-0.000407852651300805
-0.00213386412452081	-0.0229099351214049	-0.021825703999418	0.000399775499924654	-0.00392018296174185
-0.0024655720252442	-0.025178292291594	-0.00923751189515543	-0.0273322661492327	-0.0103724462295726
-0.00208611058015742	-0.0632920099746631	-0.0170863718886822	-0.0154549150475127	-0.0042971395686762
0.00797687124502947	-0.0395849523230711	-0.0120182511235383	0.0168806365229285	-0.0126682062980316
0.00244357643627433	-0.0296322466721521	0.00394054668175964	-0.0138216600936224	-0.0115239923082762
-0.00231280185304391	-0.0451089018909268	-0.00964362650386638	-0.00408426672457467	-0.00435688350832866
-0.00224451154473044	-0.0388867193645869	-0.0208212525747829	-0.0136305449353593	-0.00467363937382911
0.000963138760551206	-0.0498361771926269	-0.00637735971570412	-0.00163909912986017	-0.0218158134230279
-0.0025008581632984	-0.0401880803325936	0.00621085718244309	-0.000745838831472928	-0.00696409906439542
-0.00104717110079119	-0.0330596030555353	-0.0147407785958255	-0.00754197519162522	-0.0112981318754867
-0.00238131662488059	-0.043091267708567	-0.00740303897300695	-0.0209096771704585	-0.00542029600445634
0.00157262645536859	-0.0593763364460913	-0.0134448089570561	-0.0104696844192168	-0.0144471176753865
-0.000791122072944278	-0.0288801756187124	-0.0185553774724281	-0.0142415208137858	-0.0108486315314539
-0.00183388697501436	-0.0360518585547387	-0.0152193213486552	0.00207522209373527	-0.0105621808690542
0.00103582127539987	-0.0381538509222351	-0.000982661174217995	0.00353032943087317	-0.00567979186707143
-0.0019950658185469	-0.0262166138328552	-0.00657480919942522	0.000248503531353192	-0.00228351251765473
-0.00193173860421596	-0.0385040986096959	-0.00576729300367577	-0.0103459507978225	-0.0130350349285297
0.00155922706268684	-0.0337506292576369	-0.0184079985095819	-0.00188510142138499	-0.00291008259754133
0.00162618736810938	-0.0354003484518554	0.0160887261256139	-0.0253461762439555	-0.00442104020194609
-0.000618216160758909	-0.0397365909036308	-0.0125578948874497	-0.00820594890543808	-0.00935345674986081
-0.00015794719729169	-0.038031266455991	-0.00710709583203367	-0.00272523894343248	-0.0104247751185875
-0.00201154631259173	-0.0392160063576064	0.00700615718854452	-0.00507059284660335	0.00694459359819608
-0.000621856156019744	0.0209333897341829	-0.00795756954061465	0.0126154714516575	0.0193211813931148
3.70061023430935e-05	-0.000271650955676318	0.0261570144430005	-0.00911887943971247	0.0074198965418836
-0.0023948749059492	0.0226219741240498	-0.000371927537435384	0.0131770558162498	0.00643470178276467
0.00115820778457325	0.0181298474307371	0.0139971183510875	0.0142531374956973	0.00442693222118952
-9.15909709163201e-05	0.0240687013863054	0.0290855314257355	-0.016226206916462	-0.000182536779809648
-0.00197677755726663	0.0346349147777236	0.0291857441259167	0.00192253303371346	0.00361002852482751
0.00305541056616356	-0.00884010664997847	-0.0120637049194962	0.0204025364563685	-0.00669608503261028
-0.000389074587584209	0.00904190665338418	-0.00400388088738884	0.0361507198954791	-0.00733638060702363
-0.00222828792011639	0.0279840425706642	-0.00906934017978034	-0.00388077112449768	0.0126608794816411
-0.000351555455649846	0.00966243812667475	-0.0078635980271434	0.00852049173876985	-0.00200118421545647
-0.00248564218493543	0.0382236220197525	0.0178428663099986	0.00459896855639307	0.00450344232094009
-0.000233395503535859	0.0402729976245358	0.0102860285708865	-0.000857997352099232	0.00996015796335897
-0.00248133680075611	0.0162345002756358	0.00305587885799295	0.00486777847269596	0.00286459662869898
-0.00228272751705616	0.0527981883585077	0.0364378169331618	0.00691625893199967	0.0237860759623978
-0.000176224647668374	-0.00913486946799114	0.00338012782614253	-0.0186325645481668	0.00333802489007093
-0.0020470901212914	0.000630136373419232	-0.0238866050966481	0.0198939087248812	-0.0143489880840429
-0.002211684955879	-0.0353104412133261	-0.0120472327336576	-0.0119239555160638	-0.00668629887713212
-0.00203052459600492	-0.0248244433513102	-0.00106990618533374	-0.0136922183977835	-0.0123905127220998
-0.00223097555504662	-0.0352827230028019	-0.00909732796838076	-0.0118199924787154	-0.0208847833427351
-0.00232597734963894	-0.0354913575136244	-0.00391537665286809	-0.00169827189389516	-0.0140367358095345
-0.00232146810259377	-0.0362176242381434	-0.0223649949698783	-0.0108315931422117	-0.00512134809711483
-0.000490795330002067	-0.0462868727641398	0.00750461490430287	-0.0090090431974992	-0.0179965370995352
-0.00175336371194317	-0.0101464951610651	0.029330972259805	-0.0132112721403633	-0.00948325063481031
0.00345254528026572	-0.0307783996669246	-0.00663912503117713	-0.0254361919724231	-0.0113863874863931
-0.00222079382009987	-0.0496792197298745	0.00239231794444758	-0.0109853642060994	-0.0023549788087538
-0.00235545914462498	-0.0380231210020732	-0.0114830852655188	0.00481328100360917	-0.0231351499461896
0.0017144417897716	-0.0222256885302192	-0.0149674689030357	-0.00569614969359133	-0.012051296484084
0.00405775622536597	-0.0310443439717572	-0.00524248829573459	0.00130616961802042	-0.00430881791393093
-0.000262952941224092	-0.00890842595662384	-0.00412539701830865	-0.00453912922113527	-0.00442078946553356
-0.000564888995780639	-0.0117895978158577	0.0148657531209276	-0.000910146090348378	-0.00912061319094992
0.00612769181803653	0.0105108532119375	-0.00147265072908187	0.000337075378526316	-0.00532076034739786
0.00225996124605614	-0.00404831740917259	-0.000958064994583579	0.00280310832708846	-0.00930052680197744
0.00211928263358343	-0.014726479055946	-0.00821189523884575	-0.0146065604743827	0.0062014985801019
0.00667939789539157	-0.0407275888774303	0.00374356422065423	-0.0130987800084002	-0.0143348259057978
-0.00218249777784842	-0.0280976907144739	-0.0102159551863782	-0.00413089794254582	0.00361283533210208
-0.00222895800887212	-0.0303001811119724	-0.0129428494384753	-0.00445694382802293	-0.0144912820885024
0.00305070516469929	-0.0129935094478482	-0.00210205297382654	-0.00294798445110932	-0.00815485914432372
-0.000770203248510088	-0.0421723492614835	0.0183421481301696	-0.00146291636271701	-0.00719773672209257
0.000389860692382638	-0.0326496552922619	0.0036067503958431	0.00443590208226174	-0.0110698786793589
-0.0019538142356386	-0.0115603134627424	-0.00818462603630954	-0.0117451488864122	0.0089679261014776
-0.000606297957115099	-0.0354451158104707	0.00376365400720093	-0.00531297006545219	-0.00764907536685482
-0.00211284378725365	-0.00839915248632922	0.0192813444264203	0.00093333440108438	0.000874026946105903
-0.000625043180682413	-0.00779005901296047	0.000516752396462121	-0.000222397984489181	-0.00493818346637562
-0.00203688450044052	-0.016509411727092	0.0167860996419413	-0.016587491341803	-0.0152154266218259
-0.00250930607816879	-0.0141230601173318	-0.00241980273750786	-0.0182029960282183	0.0170256794091042
0.00257382914258785	0.000391534602064455	0.0176852151690184	-0.00234623429314297	-0.000522267467523739
-0.0021740037050042	0.00130701288611988	0.00846591617055062	0.0014269409728792	0.00526404224410913
0.0056865573974065	0.0311802822208393	-0.0236256975319046	-0.00890387725093817	-0.00717843675860238
-0.00091726041581611	-0.0316086415032549	0.00103100811755964	-0.00186979856542307	-0.0118186233789316
4.4280271378199e-05	0.0244688605375572	0.0130909280547461	-0.0133135053152829	-0.00621109592664355
-0.00217006815676996	0.00842670422456302	0.0032908633486707	-0.00492369665062909	0.0027025510102638
0.0015900387811345	-0.0186290141679926	0.0151157298416061	-0.0102432144680033	-0.0189499146586091
0.00238761654781604	-0.013392153810492	0.0125223818374326	-0.0151004870721166	0.00706985317513625
0.000763796682625934	0.0182957387421367	0.0167306915712319	-0.00893638575234538	-0.00462783748219447
-0.00208451434216193	0.0150897679520647	0.0101906704865025	-0.00245544150487962	0.00289789661043388
-0.00050711328942471	-0.0320068919624851	0.0204769216369725	-0.019337478019727	-0.00972490599059577
-0.00194035037974188	0.000559777219307685	0.014218390434235	-0.00768012706524694	0.00354406496561966
-0.000315386296339234	-0.000330777381945489	0.0200419320233363	0.00247956484959346	-0.00191002946150996
0.000262237279711821	0.0409568795980116	0.0170578722439233	-0.00424214525241644	-0.00707793046522799
0.00345079619768834	-0.0236801387196779	0.00596037728782004	-0.0106883820096279	0.00461055089675018
-0.00197600462678022	-0.00622869079587153	0.0227140402271524	-0.00214567890337818	0.0307193131970994
-0.00208229070136019	0.0079934925463376	0.0212344077824395	-0.00556990279312909	-0.0108228412051165
0.000312422066858415	-0.00769234193258087	-0.00064630193037556	-0.00364096415205927	-0.00592279084492362
-0.00176874432669249	0.0108398172390988	0.00379886602482595	-0.00459849455117568	-0.00302559179855124
-0.000493922792236622	0.00399965689100616	0.0209009863895226	0.00832830209054746	-0.00469980716242612
0.00297902038491817	0.00129779390943282	0.0289875199305466	0.000405373666816717	-0.00984434981767033
-0.000534358171740648	0.00357981790020635	0.015824032118733	-0.00945229495133827	0.000452113200312983
-0.00198919369736299	0.0508316947894523	0.0143982986464798	-0.0178668256513506	-0.0022806297782783
-0.0020291972577117	-0.0222106543318879	-0.0153044940076085	0.00328054813824116	-0.00553453243415471
0.00108755520370338	-0.0224408003143549	-0.0129981856133247	-0.0197860439840729	-0.0194542770422178
-0.000678406404867709	-0.0157419505466511	-0.0104156160724149	-0.00732019669610718	-0.00747533425314748
-0.00240966250765886	-0.0459101991223008	0.0102825261028755	-0.0075860565244956	-0.00205365052808619
-0.00201150887396289	-0.0198949500431856	0.012440262670065	-0.00247204055596418	-0.00600771825996509
0.00259592204162998	-0.0350254899911166	0.000720137142840974	-0.0119346878553814	-0.0112519324456062
0.00147527022094338	-0.0330531913991322	-0.00261248784029997	-0.0124202050884655	0.000569179082477521
-0.00187109862978643	-0.024428770324976	0.0190931451077987	-0.0116657563904914	-0.0129165798770033
-0.00202762005753379	-0.0341771833168917	0.0111319676448809	0.016275496958546	-0.0186248375439195
-0.00242184801893983	-0.0391360036539366	-0.00453325289639216	-0.00749065674184878	-0.00936716499977908
-0.00207778502200911	-0.0333915762349167	-0.00253835396674611	-0.0103689883420333	-0.00866631271959052
-0.0019837632731224	0.00131046804751323	-0.00750510212813069	-0.021774193581213	0.00816742829796717
-0.00225397656402719	-0.0293790631641989	-0.014825481972987	-0.00723739582505285	0.00587495158369926
0.000201918015328867	-0.0259191755874129	-0.0209177513842899	0.000301935528097744	0.014354407684977
-0.000108284826653084	-0.0287658906409455	0.00608405236995371	-0.00618024168100182	0.005179237809567
-9.54393677014342e-05	-0.00666904291195468	-0.00785706601795154	0.000135756139291585	0.00887533041056313
0.00156815861233428	0.000998062218642177	0.00391695927276543	-0.00432025562004336	0.0194022398804695
-0.00228719930170791	-0.0116703546393188	0.0180867123424519	-0.0161323421668415	-0.00445242829713858
-0.00235635276500834	-0.0204396688684481	-0.0122896216831564	-0.0188962486069315	-0.00257182880210542
-0.000609948768926376	-0.0278956217430795	-0.0151528621127713	-0.0073552682919879	-0.000120301057836035
0.00176988750488503	-0.0375843562957849	0.014794341291673	0.00224465629037612	0.0027742616401992
-0.00208773653770786	-0.000672499398061199	-0.0105119196483905	-0.0130164751056455	-0.0114202330693745
0.00182311005063677	-0.0331676513091416	0.0257835020382874	0.00174194847842462	-5.29584168829987e-05
0.00149018126655271	-0.00099833394155824	0.00971094600664707	-0.00684258179437156	-0.00759168068036034
-0.0024081955107061	-0.0124771568762741	0.0100486388978607	-0.00840883572462135	-0.0151284099219275
0.00163820947346974	-0.0162606185703982	0.00562582440294976	-0.0130433188041072	-0.00381083388904238
0.000531026257593366	-0.00445281140864292	0.00158673400976252	-0.00618826275799065	-0.00381965035957572
-0.000542596665477532	0.00307969962542717	0.0109324101608772	-0.00216694305876709	-0.00433049915971311
-0.00185689626977126	-0.0240985601237802	-0.0162964789242019	-0.00964839654821417	0.0041649153131516
-0.000898078981573835	-0.0320267152962157	-0.013578141527451	-0.00671201725130515	-0.00983176228550218
-3.96405326652786e-05	0.00964472186004616	0.0164350925375283	-0.00343372805546599	0.00286414109060608
-0.000114056813173234	0.0177333470203223	0.0126364813414421	-0.0123063001980867	0.00711986962846466
0.00219307887697668	-0.0238623136057629	0.00205892311825429	0.00322451188087712	-0.00324546052101179
-6.5511000060387e-05	0.0440809962991615	0.0291378892846345	-0.000179982928054298	0.00240293144056582
-0.00214378427746636	-0.0263233021210544	-0.00354020382627833	-0.0103370238679549	-0.00442593376856045
0.00532327992363324	-0.0369053432148014	-0.00847419933759274	-0.00373083888248692	-0.00567682114384968
-0.00236223733136262	-0.0218671904439337	0.00402967490444413	-0.0157611704737181	0.00989888364656159
-0.00182903992347516	0.0132450327399448	0.0182107961929521	-0.0186556164899842	0.0150788027236128
0.00114143749852997	0.0187296999554676	0.0193287777583131	0.000464280928673979	0.00734997159997859
-0.00192384341482318	0.0150623279401822	-0.00800453829737278	0.00044610114527002	0.00831725488313773
-0.0021320026205718	-0.0244085233737495	-0.0195896010023959	-0.00298039485103637	0.00300368437676265
-0.000478554362406774	-0.0145155461405542	0.00864090022990222	-0.00704793402312841	-0.00799432845590964
0.000364088072345013	-0.0195726182995823	-0.00431728799469418	-0.0094334172793838	0.0135707479455001
-0.00206548991052928	-0.00152225392306789	0.00826173023977054	0.0154617926568156	0.00415296533204448
-9.72460607140399e-05	-0.0149940271744604	-0.00799572513371772	-0.0115164829717058	0.00562785363513114
-0.000540314320355721	-0.0171044075623371	-0.0140638853353464	-0.00630359937147425	0.00489304136918643
-0.00213387581132054	-0.00432523570874794	0.0215469389358023	-0.0111531257082642	0.000975279372411097
0.000509079009944918	0.0185738079419856	-0.0165281234565477	-0.00792369791009886	-0.00460167757406857
-0.00229238187635603	0.00511724979188921	-0.0109131284717044	-0.0195258551850157	0.00539013532828318
-0.0024505131521978	-0.0145470218624792	0.000393109831095571	-0.010870319447448	-0.00757083199678074
0.00124370494339116	-0.023090734132923	0.00316746225599033	-0.0218178878820768	-0.00136173296134047
-0.00226791799999887	-0.0181563464089292	-0.00624352569231068	0.00668634878262359	0.00573853640871288
4.69855360098338e-05	-0.00390376875070589	-0.00656987761813677	-0.01054827417587	-0.0105967832105333
0.000907845977528263	-0.00827697384251908	-0.00760713191396226	-0.00510837613787117	-0.00783336768662307
-0.00223149931163	-0.0172889530950079	-0.00418193716016091	-0.0189505396180969	-0.000352197937473945
-0.0020182693707788	-0.0241808992928221	-0.0254432254898512	-0.0037443210267254	-0.00382542952720871
-0.000977942160815703	-0.0351629676488161	-0.0104305107430271	-0.00522516205603187	0.000650962435920358
-0.00230747019739104	-0.0618584846906959	-0.0131108903864574	-0.000894431138105526	-0.0132523887472385
-0.000926362022086467	-0.0428771488061397	0.00316015333872623	-0.00679427115834656	-0.00548224174319201
-0.00173562047220143	-0.0453486799777471	-0.0323819142028005	-0.0264047131728427	-0.0177810370375125
-0.00211602063737587	-0.0315656219659084	-0.027109507346866	-0.000598260721636395	-0.00311732761472478
-0.000894290467356608	-0.0352292264348716	-0.0313297732327321	-0.018032453609614	-0.00154976581881704
-0.000136526995791541	-0.0305234902529208	0.000284085105395733	-0.0047826839239661	0.0114876469033467
0.0043423142908173	-0.0436637959938478	-0.0140715700297864	-0.010230137000376	-0.00353212288854541
-0.0020261005932789	-0.0160506132365496	0.00398514360772596	-0.0119356298833925	-0.00563987945725478
-0.0020628992803644	0.0432166411470448	0.00150525264372031	-0.0157037205714366	0.0138541826109444
-0.00186667532162847	0.0578913756618898	0.00200219586953722	0.0142272180315729	-0.00453592515016236
-0.00239531911690083	0.00959233252857762	-0.00720794678079421	0.00464325028970402	0.00230893683082045
0.000446802700424069	0.0406667411374865	0.0314479841654357	0.033009055927092	0.00343188681648956
-0.00226235696095155	0.0128645782607426	0.0104753187898105	-0.0136287101944001	0.00624151633605178
-0.00253918691313703	0.00905702574534605	-0.0102726433679859	0.0176197300284483	0.00212564912841411
0.000546131380560936	0.0691839345939718	0.0298106255664346	-0.00305825461677867	0.0125133957835239
-0.00220327373851552	0.0287881020252483	0.00847473656790872	0.0246608782125661	0.0104147749377734
-0.0016786465714657	0.053043866048095	0.00921487725323042	0.0255731285974544	0.0281582331799843
0.00093780543580103	-0.00976014916350742	-0.00437434674490214	-0.010698136350714	0.0168833026896588
0.0019269385705697	0.0353490626733708	0.0013932004892026	0.00334139555681507	0.0116488523368296
-0.00192569663759303	0.046515984125863	0.0052943544452153	0.000247865205897351	0.00466520278031794
-0.00249110572203933	0.0315078839219889	0.00144192128421269	0.0191420433102974	0.00894305719919675
0.00634646215271634	0.024988461618454	-0.018007425799054	-0.00403801520087443	0.0104580603849239
0.00361128944612339	-0.00808248532076149	-0.00724414036449415	-0.00524039447223757	0.00305515482525366
0.000384593477064253	-0.0222494142047626	-0.00278874910755615	-0.0114997012278966	-0.00773802329034184
-0.00220410780327029	-0.027119211970734	-0.00929128703647254	-0.0140696034833409	0.00398347016271111
0.00384946638132449	-0.0250553718935114	-0.0238202322087957	0.000881762534004574	-0.00717769803827912
-0.0022096604219647	-0.0363072317006569	-0.0204803792117273	-0.0121817058268593	0.00143361532400147
-0.000665606082751787	-0.0226504188616536	-0.00675007872217298	-0.00938019330223596	0.00929114384797933
0.00957991532284434	-0.0393909749641617	0.00389547043409613	0.00883902362192976	0.000495256983536976
-0.00184537192184807	-0.0314979716867619	-0.00372549762583934	-0.0169463539293818	-0.00562661249650287
-0.000158098558663982	-0.0374173952470237	0.00284037503463455	-0.00258313832134674	0.00327213460282331
0.0042469902088965	-0.0406663210882962	-0.00789122806803935	-0.0135712619770825	0.00147133849484684
-0.00220087002174735	-0.0308127113697524	0.0232696653557128	0.0142533494259127	-0.0097610910908002
0.000973308697626788	-0.0297954017984145	-0.0100148377042639	-0.0109128349508728	-0.00381331763697138
-0.00251148115639666	-0.0463677726747772	-0.00325909558768348	0.0329541932428072	0.0225414888251261
-0.0021098949634667	-0.0299254233909097	-0.0013418445648379	-0.00361319466409064	-0.0004632951531832
0.00179174732480795	0.00395511323090908	0.00841088948147565	0.00334276782736742	0.00779286155185651
0.000725108356907825	-0.0125219220180873	-0.00456513453295072	-0.0206838741804003	-0.000970570372884054
-0.00194403531675204	-0.0261231134593178	0.00081410776628021	0.00951654465786943	-0.00175494434907478
-0.00223824505500631	-0.0406840426988015	-0.0010435860146102	-0.00590263163264977	0.00138153856111589
-0.00025176053665296	-0.001726764444313	0.0201688843748589	0.0153382380161815	0.00375890059377693
-0.00202275870467347	-0.0192546819990741	-0.00270795794396446	-0.0140622904249093	-0.0225958782149227
0.00322567419278093	0.00167366932398898	-0.00372470756308875	-0.00863315779391499	-0.00276364198993879
0.000991918419440517	-0.0375835795640662	0.00171093911743573	0.0148846784311717	-0.0101484172310323
0.000136239050238742	-0.0297325470428409	0.000633148334019377	0.00430539059472007	0.00152541578439338
0.000357567406533537	-0.0332227116618209	-0.0227375061523114	0.00714527976851271	0.00498790980473461
-0.00203563507909714	0.0552695093138372	0.00659591122024314	-0.00652327804232256	0.00224027217576033
-0.00242884873397202	0.0222586733451024	0.00778634107419966	-0.011951566110567	-0.0069323948682607
0.00126593337201048	-0.047360426721761	0.00452281057485877	-0.001485161226604	0.00145148516104998
-0.00217421386331004	-0.00189301881719843	-0.00589772629539309	0.0234455161170797	0.00332708332159502
-0.00188368530376555	-0.019943848198388	-0.0023471060217503	-0.0043676656799442	-0.00264739232414426
-0.00197876518885616	-0.00478310807577295	-0.0023324578101624	-0.0121491839433389	0.0307691260318202
0.000374306435582167	-0.0150084046721637	0.00486011718329651	-0.0066335560413951	0.00798390484255904
-0.00234534880525287	-0.0166460114949057	0.0112055721139427	-0.000235530975576788	-0.00189423503635235
0.00100817932709338	-0.018302801748468	0.00464023076574612	0.00693009783360154	-0.00492604213012909
8.27732924271749e-05	0.00736220474013484	0.017787922624478	-0.00659621847943656	-0.00285963334146213
-0.00231494691064148	-0.0294241507679466	0.0295498482774741	0.0146066950196305	-0.0024951082461755
0.00010967391310504	0.00966795795203373	0.0217441395677681	0.0118668372118926	0.0104239637118987
-0.00205614553973033	0.0359293308594689	0.0370599116093517	-0.00598845721677605	0.00951712530188311
-0.00179038874060617	0.0518183314313849	0.0392614525171132	-0.0129677908245462	0.00734932810712109
-0.00199097862304427	0.0339764602360099	0.0176973880353727	-0.00256432623946211	-0.00656993977640396
0.00558555265760584	-0.00201166860332099	0.0204704985519131	-0.0202525190343824	-0.0148359515068122
-0.0020381557904453	0.0179969322422628	0.0332827588692595	0.00134427590826709	-0.0027030627793572
-0.00205479971339409	0.0100007327427809	0.0186143377406953	-0.0136826136639943	-0.0125492004883111
0.00620308292827259	-0.00105466840278718	0.00622298689695898	0.00137757850095082	-0.00274839113625325
0.00219453650794488	-0.00740686711353222	0.000156335818333455	-0.00950394161292618	-0.0120975157633353
0.00177949669237337	-0.00306623850181353	0.0433701169323081	0.00475946231870518	-0.0022598243479201
0.000359409814781164	0.0233052040979806	0.0496327464851848	-0.0179025108835988	-0.0118012283500567
-0.00195915195157483	-0.0153964183595548	-0.0104472989385474	0.00106189683749079	0.000586990716891199
-0.0019199928574332	0.0163052458441167	0.00280576548134507	-0.00943127119128759	-0.0105049309639907
-0.00233998142679541	0.0248785543012773	0.0432583013728652	-0.00404987414409953	0.0169679912538714
2.32853108689314e-05	0.00695705313326787	0.0125642424066303	0.00195930342681643	0.00148827833581753
-0.000184461496512532	-0.013473919105706	0.0393282421211813	-0.0068173471544085	0.00371838819367603
0.00172841979584167	-0.00327180001132333	0.0238867288992054	0.0137582822303518	0.00681184776145582
-0.0020014057143016	0.0665076887941986	0.0490280354888973	-0.000174096974651516	-0.00813050376469123
-0.00221055219433272	0.0786767715667401	0.0182190200720737	-0.00235918998668989	-0.00612770192874516
-0.00220029009414459	-0.031994854425394	-0.0169242314684751	-0.012127258285299	-0.0229567266391663
0.00154259647483117	-0.0272034558739654	-0.00451458172795162	-0.0132017562039046	0.0126708029983927
0.000653343296172193	-0.0074390076348525	0.00776859130991785	-0.0196865876039658	-0.00583598994915879
-0.000519327457101428	-0.0192966472902051	0.0234985615132596	-0.00824832278337625	-0.00799848143104393
-0.0020166924598166	-0.0290498790647386	-0.0161390121245653	-0.0118760229072645	-0.00740826951362432
0.00117533851605548	-0.0180041344183411	0.00388300065226117	-0.0108685351016683	-0.00768731102760582
0.000196767220501004	-0.0148999544781719	-0.00775959910848778	-0.0171400941642005	-0.00115732025759126
0.00155239333188482	0.0044290294215335	0.0260791427830229	-0.0141421256021302	-0.0055426321524923
0.000947399992995113	-0.0387506249334304	0.0164385231752412	-0.000764424008104265	-0.00719405960911444
0.00164460567112955	-0.00113908375340897	-0.00659234821514496	-0.016995907928296	-0.0151520106360297
0.00417652767532802	-0.00543348109359931	0.0229171617512302	-0.00591151099373013	0.00187639006819953
-0.00197485058336916	0.0298069531934971	-0.00698219282187462	-0.00851786932698008	0.00550360163677199
2.49548532056805e-05	-0.00278126787142387	0.0212728512270244	-0.0214398155581488	0.00658193827421393
0.00147761955059643	0.012721511692614	-0.0119807019640082	-0.0146477594792702	-0.00733314458833551
-0.00198450945182618	-0.00455311864039071	0.00407806246525263	-0.00313161317757332	-0.0140688895407013
0.00223832532891745	0.0110091439120753	0.0233066418599304	-0.00686518988686952	0.00296792743011519
-0.00201351480746691	0.0210251986215095	0.026494448185981	-0.0159138303608604	0.00678318508586278
0.000293958223235311	-0.0071947006592019	-0.014264282062406	-0.019065173132731	0.000822504871851808
0.000991298445480219	0.0100753115767456	0.0246395482005276	-0.00156957010766765	-0.000812762073056306
0.000339505058929128	0.0209647168241145	0.0314124262538587	-0.0159137650442136	-0.0128072147548029
-0.00184473755821194	-0.00282973991041987	0.00770255848973437	-0.00330294402165675	-0.00278221961741963
0.00137369030400918	-0.0201726542852438	-0.00353987103423771	-0.0116926466695057	0.00791852201117228
-0.00230392276586739	0.0113470275690635	0.0261008747600906	-0.0115889576778111	-0.00994988582479466
0.000935227829886617	-0.00623121026421162	0.0394879053909278	0.015569716720438	0.0155679059877834
-0.00225354492992734	0.0425646236214398	0.00429114366911472	-0.00479531943752388	-0.010597234742722
-0.00194054220324582	0.0557528179629501	0.0124436351158218	-0.00879090060952029	-0.00384921609491063
-0.00208358091744097	-0.0408253582996604	0.00311432738228148	-0.00927430256542369	-0.000735634611650556
0.00216267668994032	0.0123784395352774	-0.00556549265397142	-0.0106940347200018	-0.00282536894409204
-0.0016843047706863	-0.0142356721405813	0.0231915452591364	0.0220895772598442	-0.0169708480212035
-0.00212034861355701	-0.0181132084165256	0.0181443893517574	-0.0146557815961228	-0.000218143028230915
0.000840787362240821	0.015330540201069	0.00661794970941017	-0.00717490938495733	-0.00337312286217779
-0.00240437151781447	-0.0425803284015167	-0.00914592896383665	-0.00552996202965756	-0.00206096627887819
0.00283647078752311	-0.0173486906475692	-0.00138807439651972	-0.019277029434351	-0.00323186241186323
0.0046972977150133	-0.0332220912410114	-0.00582844066316141	0.00199802417558889	0.0141127824718968
-0.00089997497668315	-0.0199621345438188	0.00338183098551818	-0.00880493882314658	0.0104728859305902
0.00880586730052324	0.049794461736562	-0.0065340937604932	-0.0113032508809575	0.00888385284032929
-0.00195748409996804	0.00391956156197319	-0.00599508022555671	0.00128685934714161	0.0128557785488857
-0.00051668508829361	0.00345083961587621	0.0108805780595216	-0.0104667800891558	-0.00424432318805637
0.000139092898156281	-0.0228254592581629	-0.00396426857562215	-0.00512980495753684	-0.00573085869139431
-0.00206887966137997	0.0299798283983826	0.0319192040803508	-0.0151473193988597	-0.0094063685449727
0.00509100655785377	-0.0203167836257473	-0.00149533192520244	-0.00779951798784374	-0.0197494295751314
0.000120183457562408	-0.020362088394315	-0.0090434101851409	-0.00300490409250615	0.0148945489392086
-0.00223258897764539	-0.00474766916406807	0.00244223361203334	0.027212830864537	0.0156436310599722
0.00401102155762793	-0.027677086405862	-0.0271207322728456	0.00190822801162439	0.00667864453688196
0.000163919440929811	-0.00533855116701267	-0.00486804555604463	-0.00417134823606239	-0.00768819008435841
-0.00195174769951549	0.00692910135556239	-0.000401452266962334	-0.0123867449065025	0.0188032961726361
0.00496717054103144	0.011920184559058	0.0156186641120071	-0.0169179146328012	0.00442618512163277
0.00297361437981376	0.0094341998681265	-0.00347570941850914	-0.00844993786473257	0.0189191930728438
-0.000177783064878557	-0.0393556953396652	-0.0271952795628722	-0.0135667839812425	-0.00227813373554733
0.000487486591945687	-0.00402687400779022	0.029767231465175	-0.0234178896192399	0.00528009748995294
-0.00226753356533806	-0.00755097769280818	0.0364084808064774	0.00151852389648578	0.000820507106348664
0.000111747714219689	-0.00327243204583624	0.00805286360335066	-0.0220406048222803	0.0153171307087111
0.000839325615637747	-0.00577784874215458	0.0314495087474835	0.00446784261714588	-0.0113257087486435
-0.00195755319878593	-0.00397091256912137	0.00602031295656477	0.000824085132740674	0.00607335328635405
0.00552861672985662	-0.0444633338421138	0.0166696051196575	-0.0219072587941759	0.00119037217686254
-0.00210431942272658	0.0209508397814825	0.0524758957720781	0.0238038933030646	-0.0219657654673458
-0.00225329235304171	-0.00939130701934446	-0.00684378605114957	-0.00770186591591981	-0.00856630964866784
0.00233625613654511	0.0188423215642906	-0.00566247977962736	-0.0120844211463826	-0.00174846757609944
-0.00196966334260021	0.0175836369562941	-0.00462167256894283	-0.000808930174178709	-0.00308509829883568
-0.00188259180262917	0.0233583545997779	-0.00575108200422752	-0.00715256033492419	-0.0136326871842384
-0.00242947389169971	-0.0273395104086748	-0.0108807401959289	-0.0176375321211899	-0.00541699240844419
0.00329238420721619	0.00682715321704945	0.0166997952901798	-0.00260549166976589	-0.00153308092828098
-0.000276571539649903	-0.00715004408285627	0.00222971037209456	-0.0131152632294121	0.0113567727485711
-0.0022885074977548	-0.020292707715693	0.00212895299060192	-0.0132861919794986	-0.00999047942858073
0.00202365307873596	-0.012066290590552	0.00111309749171055	0.00943564661301156	0.00285669188209301
-0.00186370124333424	-0.0549078686280711	-0.0233859099137168	-0.0171342597178147	-0.00103663000442707
0.00018952764003553	-0.0213326745142338	-0.0214175497841181	-0.00545781952518887	-0.00494265078894335
-0.00240092741050787	0.00929986136809446	0.00641114907067314	-0.0299800863721781	0.028138931780863
-0.002247112253521	-0.0162758449293791	0.000118995689834416	-0.0061653641451622	-0.000475249038554673
0.000792126075583754	-0.00359914542074733	-0.0244249980262651	-0.00532824523339696	-0.00442627557986213
-0.00223361912531588	-0.0232801361709782	-0.0146613015341466	-0.00343436926600541	0.000488703529544579
-0.00236927594214912	-0.0204038721183522	-0.0214314350236885	-0.0174495210645943	-0.0035996614388783
-0.000751565103720364	-0.030003691929786	-0.0100758342457712	0.00578161667702436	0.00153964256531099
0.000598305805226391	-0.0262583208655708	-0.00977893293609082	-0.0170439213272227	0.00274724190044387
-0.000183473758884368	-0.0199167477108005	-0.0186907075675896	0.00638329199955315	0.011463170756535
0.00105641529279422	-0.0179255699634551	-0.0277826604047168	-0.00620111523270881	-0.0113992972716356
-0.00190563952269122	-0.00675213729206398	-0.0136695397635134	-0.00658786873515094	-0.00684522449819472
-0.00179938832810116	0.0150504164727745	-0.0054811929866929	-0.00264072434373829	-0.0013201526038567
-0.00227395262766131	-0.0311874239586601	-0.0144706183177527	-0.00677608769830549	-0.0100335891758731
0.00246745971458513	-0.0116603490693243	-0.00368149448066036	-0.00995762131946838	-0.00505150881172706
-0.00208630930282769	-0.0360653856505122	0.00750184624413044	-0.0140507800213222	-0.00955462703320011
-0.00222880659817376	-0.00444548001991795	-0.0077554321711314	-0.0242599809189767	-0.00283467275010917
0.000790751452752721	0.0147206043628461	-0.00701180901354233	-0.00529139827714708	0.00794024606764089
0.00186904316142674	-0.00760185681971431	-0.00515676640720124	0.0145208103448647	0.0110717254967739
-0.000613353716324488	0.00828385906114547	0.00661451058008665	0.0145244156223068	0.0163379049118904
0.00372863376942671	0.00677263968423712	-0.0207095271941965	0.0213090308898351	-0.0139586127902109
0.00356910677781466	0.0211277714850784	0.0222988245051076	0.00325404852100461	0.0115701442535454
-0.00199760490045968	-0.00910282550369891	-0.00245575322205693	0.0133318929374318	0.00191127819072192
0.00293901020029525	0.00111631718044302	-0.00512414990153702	0.0161107168619553	0.02060142500633
-0.002101853931025	0.033568406044479	0.0213228297626305	0.0171695553363336	0.0151909164992614
0.000622791761653802	0.0585787760133352	-0.00736708369126662	0.0220819465617462	0.000528867132240501
0.00131356960218727	0.0510154059833936	-0.00137008099177193	0.0318549205184247	0.00343539251057719
0.000326550836716926	-0.00731184037684332	-0.0269759353473418	0.00709087239301323	-0.00164677387214187
-0.00206747171762538	0.0523578301972196	0.0103208114047442	0.0216990168556534	0.0230489159694604
-0.00189537822936529	0.0203757758251581	-0.00676245573218518	0.0230847204423396	0.0155347086663606
-0.00255249155786944	0.0182089497656258	0.00426162758635491	0.00978141877417114	0.0144623197210972
-0.00215797394996763	-0.0278247450348424	0.00203383831454559	-0.000982773578032826	-0.00239952183279278
0.0019333800305132	-0.0306848519477648	-0.0192373865673785	-0.000357992267518375	-0.0104030448264952
-0.00198336367180116	-0.0269656875124269	-0.00787168549414283	-0.00241562187649295	0.00638077021358634
0.00520748694416902	-0.00923049107451107	-0.0115179091321598	-0.00703396856909361	0.00706600192903957
-0.000680348317362977	-0.0193438692574558	-0.0151485426215138	0.00166458301859135	-0.0125463121433855
0.00324678104339509	-0.0176164245415494	-0.0345026442255594	0.000105590499181263	0.00195060701218902
0.000791762393983004	-0.0337924393384539	-0.0307188950749317	-0.00838908521163294	0.00094006454786257
-0.00192154717795009	-0.0264743714606227	-0.00996863490870921	-0.00656638147776281	-0.00545471903958789
-0.00231534254623086	-0.0135942699560094	-0.0178859173715407	-0.00155177502029944	-0.0076631088807082
0.00254141703523762	-0.0263258171243182	0.00842221137381944	-0.00861772728820083	-0.00484677678979438
0.00174623672465996	-0.0328660966250308	-0.00625543074853428	-0.00672779597287851	-0.00971178062316491
-0.000286242357886909	-0.028120472851968	-0.018803555444382	-0.00587352737210886	0.00828064921171094
0.00154960375301838	-0.0198859095148224	-0.0304964577232649	0.0107498847498401	-0.00411194537612275
0.0034667004919714	0.000484605200723157	-0.0318856280691941	-0.00602274572961878	0.00604618975643544
-0.000304227395358346	0.0191491464791887	-0.00579448777701601	-0.00265255449233952	-0.00932215780375878
-0.00218962984219348	-0.0261027524083886	0.00282108071352223	-0.0131986802819253	0.00235750435930045
-0.00239274721461099	-0.015568203739797	-0.00981251552237445	-0.00866744281346399	0.00247178850661937
-0.000286248002246754	-0.0337103812402045	-0.0278922263676137	-0.0191042309818945	-0.0044207282014266
-0.00242202629541422	-0.0290954171105142	-0.0123604638971386	-0.0198943803864885	-0.00614493590673775
-0.00216480413091881	-0.0271969711790071	0.0113683931635799	-0.0208531958584074	0.00221661767644006
-0.00219611169182957	-0.0545612454224533	-0.0239225467003718	-0.01849833426723	0.00079975375433971
-3.06855470573809e-05	-0.00171979254944743	-0.0126137818886451	-0.0125194567789029	0.0021587419613022
0.000673395459705273	-0.0127817788455007	-0.0219281169435736	-0.0181856111700238	0.00460390911368008
-0.00186329780742649	-0.0120499346359657	-0.019208527322935	0.000520134087301922	-0.00475319422336143
-0.00205158520384278	-0.0362654809880529	-0.0353936063828755	-0.0200637794954661	-0.0061224183456318
0.000187636243054189	-0.00636859119268153	-0.0145574452951753	-0.00284621440271861	-0.00395574744820638
0.00581516639126636	-0.0148461478895191	0.00214483569728489	0.00119990896034905	-0.00154564895945941
-0.00228176946209024	0.0233972504560269	0.0177220083792889	-0.015731998233957	-0.0021922240392269
0.000454018605035783	-0.0440088547689298	-0.0131736637076847	-0.000566499495374164	0.00765460435189922
0.000676092384764976	-0.0159082591707705	0.00299773050206421	-0.0175333083232995	-0.0115888273663467
0.00163457173614065	-0.00803921774348386	-0.000863251810316325	-0.00811205743042562	0.00781601990190223
-0.00201463633743752	-0.0180037457091934	-0.0123607535318564	0.00222095238651293	0.00298190334386728
-0.00236819901489446	-0.0142870687992343	-0.00801897277876037	-0.0168693036814989	0.00617738708964061
0.00228324219894782	-0.0319424179446132	-0.0110111351854637	-7.85429314843589e-05	0.0087843440338692
-0.00191986455038535	-0.0251617735684732	-0.0171481920281976	-0.0186452865543192	-0.0112672311090181
0.000684855629892491	0.00511443699210467	0.0312552716981633	-0.0308739603265769	-0.00699449190801318
0.000464090012949868	-0.0374720180197916	-0.0207840942096664	0.00356935627590402	0.00195200489753081
0.000959500042361797	-0.0277590289667314	0.000779311253733307	-0.000471583594828118	-0.00204189692338465
0.00256298154979582	-0.0296990387081856	-0.0139847997999116	-0.00502217799746134	0.00619027032235972
-0.00211875405467677	-0.00613542415665054	-0.0077666493599904	0.00332834882780172	0.0100828673879274
-0.00193917959191329	-0.034699684827772	0.00437827993853585	-0.00503266344077619	0.00651026268907994
-0.00208579425401949	-0.0161580206297024	-0.0116855435654865	-0.00300767146469464	0.0242573417178405
-0.000156751944860372	-0.0287255856977512	-0.0331008717746838	-0.0032484125597397	0.0033069977065908
0.000279038017690383	-0.0500781954987075	-0.0149861511389294	0.0129374640246659	0.00310490424306258
0.00379809972074017	-0.015384331373085	-0.00214151176874288	0.0111535330573004	0.0037391847547704
0.0007114870683425	-0.019565650624837	-0.00885399919126466	0.00579454563304507	-0.00263260177725624
0.00150045104442624	-0.0325341842375346	0.0140123535217064	-0.0076516052571311	-0.0051534132928978
-0.00215247103348115	-0.00580735537869297	-0.00333889048854814	0.00139082036098159	0.00801103792265221
0.000494317081035381	-0.0138091869733252	0.00231304500925136	-0.0128426342083472	0.00273211483913287
-0.00163824939461135	0.0306675410750323	-0.010006132095552	-0.00489614528842046	0.00947656328375888
0.000908779091301951	-0.00655217329992541	0.0126901525193657	-0.00489012669246447	0.0285174971233253
-0.00195500531541689	0.0111454922179532	0.0322441821450377	-0.00494423513859558	0.000402804217878421
0.000295033687584199	-0.0159939576517249	-0.016784718358561	-0.00063037191331994	0.0223532920547379
-0.00241040349722844	-0.011939902792814	-0.010566108589135	-0.0154682181994315	0.0160049211779045
0.000449558730592	-0.0193740089596686	0.000605739006490949	0.00798947672903098	0.00930507025045832
-0.00170579596376434	0.0419278728976459	0.00659435549265744	0.0117694028020088	0.00438422291316383
-0.00234727258231646	-0.0226407821698084	-0.00830374237685448	-0.015158795049416	-0.00133038052672808
-0.000790731344698811	-0.025105795503974	-0.00403731762716689	0.00367391983249315	0.00197370787909598
0.0030085429385765	-0.0267141675473157	0.00928794151095136	-0.00895120013108398	0.00787707882694508
-0.00228845212683574	-0.0167424997423343	0.000650368987971902	-0.0180826828065741	-0.00778182780233516
0.0028240433006921	0.0451681161344949	-0.00357394519479333	0.0100397706833145	0.00885138131348299
-0.00229796410145145	-0.00670945949081783	-0.00829124443465343	-0.00551757124646408	0.00428555609191358
-0.00180009615971764	-0.0382880587492697	0.0104718225757522	-0.0130816804034466	0.00506401230985077
-0.00217188005779225	-0.0216863825095294	0.0161178136158387	-0.0130646114880134	0.0035256458332041
0.00169397335965981	-0.00446760437115924	-0.0169480195105927	-0.0207329753854264	0.000177644903953092
-0.00229313587175622	-0.0184942305857715	0.0140922467067139	-0.0118028202083017	0.00956523127635415
-0.00194384403586086	-0.0243390494716523	-0.0216462404793866	-0.00477058434038641	0.0178618721807842
-0.00203320280637888	0.00441416787146614	-0.0180224078931751	-0.00458265866721593	-0.015882320236475
-0.00223204566108736	-0.0318240550016113	0.0177840017316607	0.0226101201653182	-0.011403575415794
0.000654893911099105	-0.0095040986711	-0.000123999902216388	-0.00322033928389304	0.0136918501446455
0.00481883975208129	-0.025095165201779	-0.0220161627382632	-0.00180725121644155	0.00213122810620306
-0.00014852442193677	-0.0215091706395221	-0.0145926544321091	0.00178952630193045	0.00791005646961498
-0.00188649082579973	-0.00316564102920869	-0.00605066149519684	-0.00953883613564638	-0.00755387733799178
0.00104853141087042	-0.0244300445113689	-0.0174457406618548	0.00273135467116689	0.00841953365637329
-0.000653465702352639	-0.00488383353030465	0.00335033005805298	-0.00628220521174709	0.00718841255557302
-0.00232204084096267	-0.0467578531583798	-0.00913065278998485	-0.00811155696190143	0.00764451177374543
0.000907207023341178	-0.0215680998468571	-0.00229929270004901	-0.00415992065356552	0.0152578687935566
0.00139654261972907	-0.0153038544009634	-0.00663920511095155	-0.0108342801103246	0.010898905930896
-0.00212015433905034	-0.01584504136105	-0.0174278704131401	-0.000918052671081394	0.00356529841392137
-0.00221017806687598	-0.0395239774002693	-0.0110506429446488	-0.0105779593966852	0.00297880578769571
-0.00171184055094419	-0.0281758858517697	-0.0114088247854969	-0.00227839724326874	0.00246690930818186
-0.00205699850747438	-0.0233777765963684	-0.0116324114362957	-0.00599878964737565	-0.00377037737212929
-0.000748979248667763	-0.0373251862118842	-0.0222989408068444	-0.00773072727040793	-0.00778496660564374
-0.00255282701565104	-0.019120638479719	0.00061542698389852	-0.0105791514467974	-0.01600591944324
-0.000512101647820457	-0.0315099242565163	-0.0127122945754983	-0.00177091904029661	-0.00290597155535841
-0.00050368717630941	-0.0349410720749827	-0.0213123087410615	-0.00907340068739135	0.00130781980261915
-0.000870132530666255	-0.0572398744644482	-0.017355212600703	-0.00682125640029406	-0.0145697845201939
-0.00193678779965904	-0.0406193792291405	-0.0260663434383411	-0.00569365392602944	-0.0209610998794859
-0.00196537881272953	-0.0111937314414332	-0.0257787895227114	-0.0146479182137134	0.00204033021058983
-0.00256626824384161	-0.0427750802371038	-0.0113936562031315	0.00430371842601514	-0.000287249429823929
-0.000609307950973492	-0.036535072999306	-0.0129667468787412	-0.0145967422788217	-0.0155146283209383
-0.00223916959818417	-0.0289784433013638	-0.00818942490795908	-0.00876523696385188	-0.00740064035984933
-0.0020979709751314	-0.037812172510499	-0.0071921596340581	-0.00774453118008304	-0.00558846186143984
-0.00209057426195524	-0.0447500676813451	-0.028146772666882	-0.0190588059436579	-0.0076540958629636
0.00279197600344419	-0.0305352945980017	-0.0194175045155663	-0.00918306885132088	-0.0086745023418593
5.84162349443942e-05	-0.0181491621813877	-0.00433453839596715	-0.0106287649815788	-0.00117621138073013
-0.00209855557233151	-0.0325366937161264	-0.0102282665235856	-0.00601961913172439	-0.00479538490967799
-0.00192758943294287	-0.0182133954548768	-0.0183128112737875	-0.00113795319470466	-0.00709420392642861
-0.00205241276198705	-0.0372751593232291	-0.0244450764970909	0.00663473965461028	-0.0123613804639418
-0.00211047143669068	-0.0252944478301748	-0.0203006835205402	-0.00680318748469355	-0.0017437384541314
-0.00249408800177034	-0.0394834052521814	-0.0248246804842186	-2.09873620023423e-05	0.000859400748898501
0.00205149866922658	-0.00629136340539587	0.0141212853395369	0.00238649267934043	-0.00672568053070107
-0.00230091179904119	-0.0156082974462975	0.0113007852590856	0.000688793714576398	-0.00454132556295266
0.00474943828700828	0.0117891515435899	-0.00261562861108547	-0.00957333731877644	-0.00407277369951797
-0.000440774023998301	0.00197152821727631	-0.00934631881144173	0.00191625462149097	-0.00712058696686095
0.00229482651678015	-0.0442930820109802	-0.00380021791000678	-0.0195189096582053	-0.014814097374436
-6.51018682403485e-05	-0.0366423640075373	-0.00787131806402499	0.008058769642536	0.00316108399418238
0.0113026421082705	0.0124615418666374	-0.00357745885846523	0.000765237044653356	-0.00946210054441791
-0.000455933229198869	-0.035018580379109	-0.00756917934847013	-0.00255816646959657	0.00359320617140475
0.000300005602945596	-0.0282788947114396	-0.00975357933253779	-0.00909383089670516	-0.0131413503840084
0.00244987456203251	-0.0532824111221376	-0.0165703242016724	0.00077468272589785	-0.00686875156346268
0.00141149088434148	-0.0249101058169725	-0.00470871755593341	0.00564787842702243	-0.000303688167738031
-0.00193932999697494	-0.0492513549639449	0.00339426227812312	-0.0124273215399788	-0.0119257978523622
-0.00221940190787674	-0.00730153413276316	0.024271403725136	0.00841947776476417	-0.00824353904300057
-0.00238419485574243	-0.00974097208781733	-0.0167180493791868	-0.0216896643150382	-0.0168018765109409
-0.00220228288219987	-0.0281626885745821	-0.0188545722744386	0.0227512872877341	-0.00571486716800967
-0.00240389929093787	-0.00364770035145193	-0.0041224155688786	-0.0150195021210553	-0.00610150825048001
0.0027468559861432	-0.00209643219930742	-0.0058980817508649	-0.0115890083686893	0.00176978851692972
-0.00209520946978729	-0.00720897683326202	0.0101871269622954	-0.00398104932020416	-0.001649905571008
0.00245220810898081	0.0184321782134563	0.00568125200049793	0.0162416593962304	0.0020264722837495
5.03753707659663e-05	-0.00330081586706938	-0.00905257110878909	0.00293947338027814	0.00142578368922886
-0.00225717038009047	-0.00647114092951072	0.0135311919148248	0.0143894016014188	0.00871752947533069
-0.00225428669266149	-0.0283518556474679	0.00173204870703628	0.0117381224674379	-0.000240793895107288
-0.00010760611297311	-0.0317726427551083	0.000124133147498647	-0.0191163606457025	0.00437113130130084
-0.00213762088987143	-0.0205252485630077	-0.0176081163408358	0.00116668393636907	-0.00612458510047371
0.00162461926560428	-0.000593400162268102	0.0021557911081945	0.0156355290664235	-0.0048547692766907
-0.000191139320006584	-0.0110240339384736	0.0234234399533904	-0.0124019173673472	0.00535723409690379
0.00123514945721666	-0.0119351344173105	0.00667635931922534	0.0104790995555827	0.00381883038368472
-0.00220297444591215	-0.0223877619862715	-0.00863205486223263	0.00234970336046151	8.46594031893362e-05
0.0034541703248792	-0.0137103103055571	-0.013549154581125	0.00685639935647117	-0.00168994025933329
0.00213054853257366	-0.00137250438745726	-0.000552453048986347	0.00848127779339045	-0.000246089994094348
-0.00241318199390821	-0.0289031218458019	-0.0157285511973837	-0.0106752763373588	-0.0101501701041324
-0.00208311296837573	-0.0158938932644991	-0.0122489873628292	7.67756693598041e-05	-0.00749291029175357
-0.00190915559589409	-0.025288707970529	-0.0143436462825283	-0.000324269477530491	-0.00491093308844603
-0.00077780429619224	-0.0327610927287126	-0.0123263987292676	-0.0102913647320434	-0.00168305793886933
0.000183608758360624	0.000430818455999382	-0.0102142597089964	-0.0142881018609626	-0.00869445012059531
0.000697972850228227	-0.028307339109184	-0.0152975119519964	-0.0120654335345371	0.00130311226605309
0.000695494424207139	0.00868379607254832	0.015090363845529	-0.00606074943611178	0.00937973715326376
0.0014892512267441	-0.0272547111076087	0.00681794453736479	0.00107379210181759	-0.0085014654975582
0.00023043947975837	-0.0207287845272446	-0.00779081943940213	-0.00358174942418186	-0.0103101100289314
0.00413345444886246	-0.017961297493781	-0.0125961310922456	-0.00512676846858257	-0.00184265527530422
-0.00218695345989383	-0.0256410904938179	-0.019007488588865	0.000595987186432607	-0.00349384404101238
-0.00221529837552788	0.00449477000285922	-0.0234089507046827	0.0196871707877183	-0.0153446755166451
-0.00217701038358266	-0.00822036422198363	-0.0229840236732535	-0.00054490132601322	-0.0117059499423198
0.00495453368298984	-0.0167979902086492	-0.00724813314721921	-0.0142623695716812	0.00933376190359941
0.00790795894236516	0.00159068085232052	-0.000648274816071718	0.0020402078610982	-0.0136591542234146
-0.00207009918837507	-0.0178640778075854	-0.0127980356540945	-0.00364579794149536	-0.00512522363855253
-0.00188960329726633	-0.00948907852969608	-0.0165989822755401	-0.000911585504025542	-0.00164058968591242
0.00686708948177427	-0.0339239452343253	-0.0104549914840984	0.00382477982156721	-0.00534493865690672
-0.002114753685368	-0.0174565821751763	-0.00909139698824584	-0.00836753266940447	-0.00876424657588692
-0.000318445410249566	-0.0359128970724717	-0.013435604221736	-0.0130702463357055	-0.0072906505801088
0.000842977759082667	-0.0400725447233151	-0.022338497046477	0.00922424179123606	-0.00769830639567275
0.00142176831401241	-0.0264420134999825	-0.00736475671310997	-0.0115845132277179	0.00928838753577948
-0.00203713642671969	0.00470484613831475	0.00250368012791991	0.0110673696068766	-0.00715212853313403
-0.00214990862721771	-0.0142036536427969	-0.00528464907734123	-0.00458690666203446	-0.0156071147249548
0.00323545480467951	-0.00181531349376128	0.0294220877515672	0.00339705351007521	0.00869883375408247
-0.00228955214375089	0.0103821791677642	-0.0146225532458151	0.00480515684987395	-0.0100288863666648
-0.00214413385433895	-0.0389098306341291	0.00103129030934227	-0.0139289349013735	-0.0129098222562867
-0.0020799908604919	0.0118837714205105	0.00419394609271726	0.00948891298172349	-0.00415200396210063
-0.00217328961786415	0.0145111811102377	0.0244444582052607	0.0022583262810135	0.0139027012272025
0.00155835093320337	-0.0122288881894287	0.000739576862200099	-0.00619606175178166	-0.00737267477811909
0.000465506192036159	0.0247977882007187	0.00842350281664979	0.0169460668105669	0.00114283837191322
-0.00194381345572929	-0.0195553970117442	-0.00665603120548629	-0.00186774495182598	-0.00448686912200636
-0.00186576070062277	-0.0022124984120677	0.00891592193704033	-0.0045390724801582	-0.0043905864714753
-0.00235493287937662	-0.00845753740012314	-0.0105072221739891	-0.0172187870140627	-0.00804990304123688
-0.0021805948979125	-0.0217391504413683	-0.00374427089126084	-0.0125192582785324	-0.0113212623431654
-0.00194928130018336	-0.0180706326957037	-0.0133695886408139	-0.00419154649880727	-0.00475864578840168
0.00421649658813217	0.00991741654158937	0.0325493583366845	0.00507614811229221	-0.0152199732280879
-0.00239356392146717	-0.0348374214676269	-0.00287744290394933	0.00741354690483091	0.00643777727292187
0.000135422851976819	-0.000106253972700371	-0.00111403897502476	-0.00413701731851597	-0.00481296456688253
0.000984304860231703	-0.0103173893153778	-0.020733009915609	0.00237785939452208	0.00153163982001271
