SNP	GENE	CHR	BP	A1	A2	A2_FREQ_ONEK1K	A2_FREQ_HRC	SPEARMANS_RHO	S_STATISTICS	P_VALUE	Q_VALUE	FDR	RSQUARE	GENOTYPED
rs417309	AC000068.5	22	20098544	G	A	0.09139	0.0771789	0.132680574620705	136886883.495953	3.03328750273377e-05	0.004527204074857	0.0349020123428311	0.99997	Genotyped
rs100798	AC000068.5	22	20111729	G	T	0.09081	0.0770403	0.132680574620705	136886883.495953	3.03328750273377e-05	0.004527204074857	0.0349020123428311	0.97776	Imputed
rs383129	AC000068.5	22	20121842	C	T	0.08997	0.0767478	0.13108475502485	137138747.762688	3.78303094267475e-05	0.00551725852150395	0.0475752671433248	0.96083	Imputed
rs9611084	APOBEC3G	22	39437591	G	T	0.2702	0.28454	0.13681087112426	136235008.996499	1.69256878118141e-05	0.00278959574343754	0.0211291435305064	0.94172	Imputed
rs6519166	APOBEC3G	22	39472177	C	A	0.66498	0.658377	-0.158557422343523	182852257.490202	5.91444103150166e-07	0.000133096777432067	0.00207463258443818	0.93963	Imputed
rs9607609	APOBEC3G	22	39473992	C	T	0.26759	0.273037	0.144913917991054	134956125.115935	5.12868893460836e-06	0.000944054851535742	0.00954990267867861	0.94344	Imputed
rs2294366	APOBEC3G	22	39479353	T	A	0.64304	0.645319	-0.147481831122895	181104224.273486	3.46500096065807e-06	0.000665282431663598	0.00605179278672951	0.95101	Imputed
rs5757467	APOBEC3G	22	39480259	C	T	0.64278	0.643563	-0.150676948337241	181608501.734681	2.10748970183448e-06	0.000426714831834407	0.00401109032180361	0.94805	Imputed
rs5757468	APOBEC3G	22	39480260	A	G	0.64265	0.643563	-0.150676948337241	181608501.734681	2.10748970183448e-06	0.000426714831834407	0.00401109032180361	0.94755	Imputed
rs2011869	APOBEC3G	22	39480697	A	G	0.64307	0.645273	-0.146708621015113	180982190.43123	3.90199048962149e-06	0.000737007708367965	0.0069046960694493	0.95154	Imputed
rs2413571	APOBEC3G	22	39481393	C	G	0.64132	0.643502	-0.144951018920325	180704792.432129	5.09995546592933e-06	0.000939131586679302	0.00948587176989516	0.95107	Imputed
rs5757470	APOBEC3G	22	39481860	C	G	0.64023	0.642947	-0.143558877589718	180485074.203116	6.29085621016654e-06	0.00113643643211559	0.0121335522643791	0.951	Imputed
rs2413572	APOBEC3G	22	39481895	G	A	0.64031	0.642978	-0.143558877589718	180485074.203116	6.29085621016654e-06	0.00113643643211559	0.0121335522643791	0.95126	Imputed
rs2899313	APOBEC3G	22	39482023	C	A	0.6402	0.642254	-0.143558877589718	180485074.203116	6.29085621016654e-06	0.00113643643211559	0.0121335522643791	0.95144	Imputed
rs17537581	APOBEC3G	22	39482809	G	A	0.0974	0.107669	-0.180712208536455	186348892.694866	1.17884306904118e-08	3.35531915662767e-06	4.09659530819154e-06	0.99781	Imputed
rs3891126	APOBEC3G	22	39484178	C	G	0.09749	0.108362	-0.180712208536455	186348892.694866	1.17884306904118e-08	3.35531915662767e-06	4.09659530819154e-06	0.99714	Imputed
rs6001423	APOBEC3G	22	39484920	C	G	0.09732	0.100185	-0.180712208536455	186348892.694866	1.17884306904118e-08	3.35531915662767e-06	4.09659530819154e-06	0.99545	Imputed
rs5995668	APOBEC3G	22	39485212	C	T	0.09751	0.0984447	-0.180712208536455	186348892.694866	1.17884306904118e-08	3.35531915662767e-06	4.09659530819154e-06	0.99684	Imputed
rs28583464	APOBEC3G	22	39486593	T	C	0.09889	0.0997228	-0.184502606673223	186947121.874299	5.73025959360187e-09	1.70743524897179e-06	3.31864197620629e-06	0.9951	Imputed
rs112004487	APOBEC3G	22	39489351	G	T	0.09519	0.0957499	-0.175615239547457	185544450.663749	3.0363477656499e-08	8.20417340534673e-06	8.38354800341576e-05	0.99767	Imputed
rs61362448	APOBEC3G	22	39490968	G	A	0.09567	0.0966585	-0.171194479915212	184846733.085847	6.7476686785294e-08	1.76176632302165e-05	0.000273533457251661	0.99729	Imputed
rs75842619	APOBEC3G	22	39492651	C	T	0.08995	0.0917	-0.167680108125288	184292068.463227	1.25469587393433e-07	3.11749672352694e-05	0.000433270063133062	0.99908	Imputed
rs41281251	APOBEC3G	22	39493251	T	A	0.11315	0.12972	-0.14730804173159	181076795.522942	3.55893563475668e-06	0.000676800514835065	0.00622904823604378	0.99985	Imputed
rs55989856	APOBEC3G	22	39493294	T	C	0.11315	0.131568	-0.14730804173159	181076795.522942	3.55893563475668e-06	0.000676800514835065	0.00622904823604378	0.99998	Genotyped
rs60093835	APOBEC3G	22	39493356	C	T	0.11266	0.12798	-0.150937693170212	181649654.44789	2.02276382706745e-06	0.000415012822254889	0.0039169084398779	0.99974	Imputed
rs6001429	APOBEC3G	22	39494238	C	T	0.08913	0.0915768	-0.171645490352983	184917914.949696	6.2255630055211e-08	1.62965007424792e-05	0.000260118578373714	0.99787	Imputed
rs6001430	APOBEC3G	22	39495115	G	A	0.09482	0.0972744	-0.177333980935431	185815715.37344	2.21370490370136e-08	6.05993826388884e-06	2.38743267918443e-05	0.99473	Imputed
rs6001431	APOBEC3G	22	39495213	T	C	0.09489	0.0976594	-0.177333980935431	185815715.37344	2.21370490370136e-08	6.05993826388884e-06	2.38743267918443e-05	0.99419	Imputed
rs77582628	APOBEC3G	22	39495512	G	A	0.09485	0.0976594	-0.177333980935431	185815715.37344	2.21370490370136e-08	6.05993826388884e-06	2.38743267918443e-05	0.99472	Imputed
rs11913950	APOBEC3G	22	39496663	A	G	0.11767	0.131999	-0.156405616690007	182512643.316716	8.42035927515187e-07	0.000185831560374845	0.00257273619628396	0.99418	Imputed
rs11914001	APOBEC3G	22	39496744	G	A	0.11768	0.131614	-0.156001783112939	182448907.260313	8.99277040817532e-07	0.000197694921235599	0.00266831775603917	0.99406	Imputed
rs11913991	APOBEC3G	22	39496828	C	T	0.09494	0.0996766	-0.17678405607317	185728922.090194	2.45004811812482e-08	6.66829247722018e-06	3.53039682299076e-05	0.99466	Imputed
rs55887645	APOBEC3G	22	39496902	C	T	0.11769	0.132014	-0.156001783112939	182448907.260313	8.99277040817532e-07	0.000197694921235599	0.00266831775603917	0.99406	Imputed
rs111264862	APOBEC3G	22	39498699	C	T	0.09264	0.0973052	-0.171178580524687	184844223.724296	6.76682649913306e-08	1.76611778432267e-05	0.000274014826652771	0.99571	Imputed
rs59728386	APOBEC3G	22	39506202	G	A	0.11983	0.133908	-0.152772951547286	181939308.746291	1.51240724161141e-06	0.000318459726208615	0.0034093467714964	0.98794	Imputed
rs8135095	APOBEC3G	22	39509159	C	G	0.09378	0.0961965	-0.173892801540704	185272602.525842	4.1546007883187e-08	1.10841433238242e-05	0.000189584451200539	0.99801	Imputed
rs76500409	APOBEC3G	22	39509587	G	C	0.0943	0.101063	-0.173038729971941	185137806.518847	4.84789483316971e-08	1.28395655931186e-05	0.000218940806929985	0.99851	Imputed
rs1807586	APOBEC3G	22	39510861	G	A	0.09	0.0983369	-0.166951326734894	184177046.695743	1.42463608689782e-07	3.49498752830565e-05	0.000496350957041663	0.99913	Imputed
rs738469	APOBEC3G	22	39510995	A	G	0.08996	0.0982753	-0.166951326734894	184177046.695743	1.42463608689782e-07	3.49498752830565e-05	0.000496350957041663	0.9998	Genotyped
rs56277322	APOBEC3G	22	39512165	C	T	0.09404	0.102695	-0.169710685485413	184612549.47448	8.78153150567825e-08	2.22796441519828e-05	0.000323773086093164	0.99596	Imputed
rs78521561	APOBEC3G	22	39512205	G	A	0.09404	0.102679	-0.169710685485413	184612549.47448	8.78153150567825e-08	2.22796441519828e-05	0.000323773086093164	0.99572	Imputed
rs56347445	APOBEC3G	22	39512415	G	C	0.09413	0.102803	-0.169710685485413	184612549.47448	8.78153150567825e-08	2.22796441519828e-05	0.000323773086093164	0.99489	Imputed
rs56135326	APOBEC3G	22	39512522	A	G	0.09417	0.102803	-0.169710685485413	184612549.47448	8.78153150567825e-08	2.22796441519828e-05	0.000323773086093164	0.99425	Imputed
rs56075836	APOBEC3G	22	39512571	C	T	0.09319	0.0961965	-0.174579647380873	185381005.708974	3.66765298371948e-08	9.82382749523857e-06	0.000152257450120035	0.99375	Imputed
rs60597135	APOBEC3G	22	39512611	T	C	0.0942	0.102833	-0.169710685485413	184612549.47448	8.78153150567825e-08	2.22796441519828e-05	0.000323773086093164	0.99392	Imputed
rs8137055	APOBEC3G	22	39513123	A	G	0.09424	0.104312	-0.169710685485413	184612549.47448	8.78153150567825e-08	2.22796441519828e-05	0.000323773086093164	0.99338	Imputed
rs139358	APOBEC3G	22	39513530	C	T	0.40486	0.391069	0.134657099224156	136574933.497829	2.29923976116227e-05	0.00357777148379104	0.0248413344019452	0.98135	Imputed
rs75452534	APOBEC3G	22	39560340	C	G	0.0641	0.0643055	-0.13179950414074	178629121.325557	3.42776358103417e-05	0.00506003000972456	0.0415692305394576	0.97054	Imputed
rs60044379	APOBEC3G	22	39560753	A	G	0.06472	0.0659994	-0.133838809764474	178950979.897106	2.57991365940436e-05	0.00390206362470678	0.0280873833948245	0.97051	Imputed
rs9622533	APOL2	22	37411703	T	A	0.15744	0.155313	0.131392625398013	137090157.341824	3.62592355592163e-05	0.00530943060853111	0.0449352380922658	0.97906	Imputed
rs9622534	APOL2	22	37413607	T	C	0.15742	0.154004	0.131392625398013	137090157.341824	3.62592355592163e-05	0.00530943060853111	0.0449352380922658	0.98278	Imputed
rs7288429	APOL2	22	37414983	G	A	0.1574	0.153927	0.131392625398013	137090157.341824	3.62592355592163e-05	0.00530943060853111	0.0449352380922658	0.98352	Imputed
rs138952741	ARSA	22	50945657	G	A	0.06397	0.055482	-0.230803603501542	194254693.886551	2.43321546909728e-13	1.33088323801468e-10	3.31864197620629e-06	0.81881	Imputed
rs5770892	ARSA	22	50999681	A	G	0.2329	0.233569	0.149349920723633	134256001.757143	2.59415394529128e-06	0.000513514206152386	0.00462340333321187	0.95497	Imputed
rs74489771	ARSA	22	51001216	G	C	0.05833	0.0791346	-0.131090746392159	178517259.840022	3.77991289140737e-05	0.00551384550389425	0.0475232332489465	0.99602	Imputed
rs3752396	ARSA	22	51001391	C	G	0.22919	0.228134	0.15865707467535	132787076.628307	5.81780194651028e-07	0.000131046847453784	0.00205235515064489	0.97675	Imputed
rs5770903	ARSA	22	51005160	G	A	0.10478	0.104188	0.135206062503323	136488291.978869	2.1274780940745e-05	0.00341584988853914	0.0233725521278175	0.98836	Imputed
rs2334104	ARSA	22	51006716	G	A	0.10708	0.10676	0.138046046009402	136040064.394024	1.41691967353804e-05	0.00238803314357487	0.020344953516915	0.97515	Imputed
rs5770912	ARSA	22	51013464	T	C	0.16605	0.193502	0.136052604835943	136354684.292624	1.88630851828336e-05	0.00308132438795045	0.0219067133251268	0.98029	Imputed
rs11912237	ARSA	22	51060049	G	A	0.08392	0.0838928	-0.319750135087222	208292905.357733	8.83269018403347e-25	9.97005930562708e-22	3.31864197620629e-06	0.98963	Imputed
rs6009939	ARSA	22	51062051	G	T	0.21165	0.221189	-0.161572458429529	183328113.191533	3.57670844383809e-07	8.30872822721757e-05	0.00143034967326102	0.98988	Imputed
rs8142033	ARSA	22	51062832	G	A	0.08365	0.0855867	-0.322965628350597	208800398.720438	2.82740604879273e-25	3.26958096479073e-22	3.31864197620629e-06	0.99456	Imputed
rs5770953	ARSA	22	51062938	C	T	0.21097	0.223514	-0.161834266891419	183369433.774668	3.42235370040918e-07	7.96190196290372e-05	0.00137458319977702	0.9879	Imputed
rs6151429	ARSA	22	51063477	T	C	0.07931	0.0698029	-0.334588755353908	210634848.15787	4.09908779864373e-27	5.0754682765149e-24	3.31864197620629e-06	0.99997	Genotyped
rs2071421	ARSA	22	51064416	T	C	0.12574	0.127518	-0.319688356671917	208283155.022976	9.02690734969039e-25	1.01811794206695e-21	3.31864197620629e-06	0.99988	Genotyped
rs6151419	ARSA	22	51064915	G	A	0.16174	0.147521	-0.285492835160663	202886160.291597	7.13073336194819e-20	5.98902517532579e-17	3.31864197620629e-06	0.99255	Imputed
rs5770807	ARSA	22	51070401	T	C	0.40755	0.408238	-0.152088218590019	181831239.034251	1.68638263668577e-06	0.00035263126233286	0.00357470685984371	0.98508	Imputed
rs5770959	ARSA	22	51071455	C	G	0.39775	0.399692	-0.161352107378521	183293335.729199	3.7118009429316e-07	8.6070361507469e-05	0.00147709303648293	0.99178	Imputed
rs9616802	ARSA	22	51072161	C	T	0.39721	0.398168	-0.158119869145473	182783199.549273	6.35735658769289e-07	0.000142633848471828	0.00217348102355704	0.99888	Genotyped
rs1003322	ARSA	22	51072289	C	A	0.20363	0.205559	-0.203372578206425	189925322.891424	1.25702575952025e-10	4.74980446623347e-08	3.31864197620629e-06	0.99965	Genotyped
rs5770961	ARSA	22	51073266	G	C	0.3973	0.402187	-0.159432802420837	182990416.566491	5.11578838990364e-07	0.00011649246613084	0.00188236379972363	0.99292	Imputed
rs5770964	ARSA	22	51073893	C	G	0.36859	0.375577	-0.14178426836777	180204992.011127	8.19723740036799e-06	0.00144492008463061	0.0159490779841297	0.9798	Imputed
rs8139925	ARSA	22	51074534	G	A	0.36863	0.3753	-0.14178426836777	180204992.011127	8.19723740036799e-06	0.00144492008463061	0.0159490779841297	0.97706	Imputed
rs8140041	ARSA	22	51074628	G	A	0.33915	0.330259	-0.167237764281707	184222254.426542	1.35534678195734e-07	3.34701197191335e-05	0.000469527275423388	0.97109	Imputed
rs7511322	ARSA	22	51075403	C	A	0.35896	0.368925	-0.153641823640886	182076440.683579	1.31633580502349e-06	0.000279917868899104	0.00321526097942958	0.97155	Imputed
rs7511341	ARSA	22	51075524	C	T	0.35838	0.357884	-0.153906243107128	182118173.355084	1.26167949183754e-06	0.000269792516535093	0.00315598554601749	0.97137	Imputed
rs9917543	ARSA	22	51075638	T	A	0.33863	0.330089	-0.164964231962472	183863428.433948	2.00865106061808e-07	4.82584387399475e-05	0.000758717600920483	0.96699	Imputed
rs78309468	ARSA	22	51075784	G	A	0.0668	0.057376	-0.235862094144824	195053062.975367	7.011484496192e-14	4.05234874395898e-11	3.31864197620629e-06	0.96671	Imputed
rs5770808	ARSA	22	51076095	G	A	0.3387	0.33032	-0.169919514532724	184645508.447418	8.46306096007089e-08	2.15535486548881e-05	0.000315803774474419	0.96611	Imputed
rs5770974	ARSA	22	51076686	C	T	0.35766	0.364475	-0.154953426014548	182283447.647867	1.06587332806842e-06	0.000230846863120776	0.00291529347622801	0.96198	Imputed
rs4040041	ARSA	22	51078251	C	T	0.36503	0.373868	-0.1472647953062	181069970.046398	3.5826867607849e-06	0.000680687817345035	0.00627443545694239	0.88473	Imputed
rs6009942	ARSA	22	51079220	C	T	0.7224	0.720634	0.178145447243304	129711274.902699	1.90484872880649e-08	5.24993487689241e-06	1.4024146314625e-05	0.91931	Imputed
rs6010035	ARSA	22	51079221	G	A	0.72281	0.720665	0.17686943690179	129912664.46443	2.41181358762944e-08	6.57432648304846e-06	3.3173888181585e-05	0.91817	Imputed
rs2341007	ARSA	22	51081332	T	C	0.69138	0.698399	0.15415621176393	133497436.708986	1.21201920632904e-06	0.000259604074566767	0.00309933373731217	0.93222	Imputed
rs13057207	ARSA	22	51087027	A	G	0.06151	0.0508315	-0.199393263815068	189297277.525964	2.90419530005312e-10	1.03842948352544e-07	3.31864197620629e-06	0.90695	Imputed
rs6009945	ARSA	22	51089213	C	A	0.69072	0.699831	0.156860100125706	133070688.684747	7.81805554374934e-07	0.000173159095291512	0.00246552373026349	0.93872	Imputed
rs6010043	ARSA	22	51099133	G	A	0.67716	0.686711	0.151490252578762	133918198.464928	1.85388239566516e-06	0.00038391905624457	0.00373950942837931	0.96602	Imputed
rs6010045	ARSA	22	51103091	T	C	0.68338	0.697028	0.150411982683774	134088379.140205	2.19706818856138e-06	0.000443774841190332	0.00411456741592315	0.98178	Imputed
rs6010046	ARSA	22	51104170	A	G	0.64239	0.65231	0.142207162542303	135383325.645433	7.69834377875787e-06	0.00136223095296647	0.0150422008315937	0.99195	Imputed
rs713692	ARSA	22	51109735	G	A	0.67724	0.691792	0.15018605722469	134124036.397603	2.27632129980997e-06	0.000458867530890419	0.00420950962045489	0.98675	Imputed
rs5770814	ARSA	22	51125913	A	G	0.92048	0.937419	0.146059653836245	134775296.456311	4.30901783602691e-06	0.000805091707166208	0.00775280614384989	0.94811	Imputed
rs2040487	ARSA	22	51147015	A	G	0.39103	0.401124	0.131827916326045	137021456.449386	3.41431682781997e-05	0.00504122986711497	0.0413400866784243	0.90179	Imputed
rs5770821	ARSA	22	51150771	A	G	0.46685	0.482615	0.142171436919532	135388964.132268	7.73934254967996e-06	0.00136914396019554	0.0151198527267665	0.92212	Imputed
rs73152671	BCR	22	23646022	A	G	0.22762	0.225778	-0.132188418726021	178690502.754322	3.24798669450743e-05	0.00482478754676118	0.0385060076630939	0.96365	Imputed
rs112127229	BCR	22	23647039	C	T	0.22716	0.225331	-0.132759061704489	178780565.926696	3.0003187932778e-05	0.00447988449742399	0.0343621842714076	0.96603	Imputed
rs67376222	BCR	22	23647800	A	T	0.22723	0.226825	-0.132759061704489	178780565.926696	3.0003187932778e-05	0.00447988449742399	0.0343621842714076	0.96727	Imputed
rs67084985	BCR	22	23649369	A	G	0.22715	0.224792	-0.132759061704489	178780565.926696	3.0003187932778e-05	0.00447988449742399	0.0343621842714076	0.96734	Imputed
rs4050356	BCR	22	23649738	C	T	0.22638	0.224515	-0.132759061704489	178780565.926696	3.0003187932778e-05	0.00447988449742399	0.0343621842714076	0.96235	Imputed
rs66569843	BCR	22	23656148	T	G	0.22963	0.228657	-0.136903330464725	179434645.632925	1.67028382227658e-05	0.00275591237902903	0.0210567349915932	0.95127	Imputed
rs111397379	BCR	22	23661565	A	C	0.23245	0.229443	-0.138558995273127	179695955.121798	1.31549943012681e-05	0.00223383240607919	0.0200647641189615	0.9269	Imputed
rs113014214	BCR	22	23662340	A	C	0.22992	0.228349	-0.138102084496814	179623842.022086	1.40548767701067e-05	0.00237017481153329	0.0203145521890298	0.9305	Imputed
rs112933490	BCR	22	23662639	G	A	0.22986	0.227841	-0.138102084496814	179623842.022086	1.40548767701067e-05	0.00237017481153329	0.0203145521890298	0.92998	Imputed
rs111611263	BCR	22	23663189	T	A	0.22998	0.22838	-0.138102084496814	179623842.022086	1.40548767701067e-05	0.00237017481153329	0.0203145521890298	0.92858	Imputed
rs117158056	BCR	22	23663366	T	G	0.22997	0.227933	-0.138102084496814	179623842.022086	1.40548767701067e-05	0.00237017481153329	0.0203145521890298	0.92831	Imputed
