ARSA	CTA-29F11.1	DDT	FAM118A	GGT1
-0.0283556363995602	-0.0590417583203117	-0.0142917676517479	-0.0156273809083224	-0.00497279615537932
-0.0134784247254792	-0.00776227224184616	-0.0393877929085941	-0.0134249649189126	0.0053859250404828
-0.0143770672995789	-0.0393386539533475	-0.0030875161664919	-0.0408237833493176	0.0113282496343479
-0.0262017154468904	0.157050439138635	-0.146565698256714	-0.0977407703960118	-0.00670966226866422
0.00580677479226095	0.000298436676801611	0.0338299502509388	-0.063796526183179	-0.0088581372539736
-0.0327068912292618	-0.0969906745501424	-0.0326885830040617	0.00494500406706835	-0.00454809702297779
0.00613935977740463	-0.0436690612536646	0.0162080712674409	-0.0480100169928057	0.0151635164402318
-0.0268083323056794	-0.0985517010660531	-0.284127091806888	-0.079843809292509	-0.00865665629595069
0.00129280278545077	-0.0935278190119759	0.0702076764074466	-0.0676870626636201	-0.00687942840513094
0.0521383829171258	0.0554625099706904	0.0233354352317896	-0.0612817119498202	0.020873008128519
0.0113621212622275	0.0208845405703752	-0.0219205767950634	0.162462681144145	-0.00477636622681621
0.0218343672512722	-0.0449924812614532	-0.00927895505418857	-0.0590918901074915	0.0127245342558732
-0.0263130690710186	0.0584249214028145	-0.0603275550104736	-0.0897130439072045	-0.00841464406961622
0.0396698706365827	0.0294563885863193	-0.0668494201657437	-0.0617315549598873	-0.00548965895835975
-0.0228754972946493	-0.0238456193114887	-0.216653803496111	-0.0575285555387259	-0.00656740647334382
-0.0141758952540643	0.0090208997252676	0.0670137035243723	0.0542285522473246	-0.00603227167709533
-0.0238677600755535	0.0326907352308843	-0.0236614374640005	0.144034763619044	0.0115557400904632
-0.0295005184712586	0.00608135997683566	-0.0501568253096382	0.202106084667626	-0.00849524060106013
0.00969765204393873	0.00991343822647734	0.0876021539213369	0.00391260583909824	-0.00679869717349556
-0.00365740979277214	-0.0333164791548358	-0.072321640967519	-0.0657140318763427	-0.00643161327082661
-0.0343577454640597	-0.0121614276721191	0.0322555521692486	-0.101372686435471	0.0388453663359085
0.021292783757806	0.029040914075303	0.0151055136496837	-0.0334184502419912	-0.00508439753657616
-0.0347993954214927	0.0835288589437116	-0.0995680980717657	-0.0394315847006926	-0.00415242592049537
-0.0353958859005362	0.120887728451497	0.201271319456835	0.126101560481885	-0.00567741728346375
-0.019248405632236	-0.0919494971427229	-0.275248371102161	-0.0767160248728464	-0.00545816922741246
-0.027474451900243	0.0168820726046714	0.0719310902283418	-0.0361064213150893	0.0123636424854339
-0.00829047851164322	-0.0032235459140562	-0.0617482101226402	-0.0570335956586196	-0.00356548778537569
-0.0249328152900982	0.311672819779305	0.124906334520745	-0.094636184745343	-0.00689935508197177
-0.00801413013914917	0.159769742543518	-0.0136769190220158	-0.0182737886394503	0.0197997015354591
0.0108232301225477	0.112378967546348	-0.0889778470586431	0.116152944846561	-0.0115589442295045
-0.0232966825530426	0.0530714105367429	-0.12599535313821	-0.0521800935698589	0.0135772986608006
-0.00370166813750092	0.0898874145351631	0.176159913179722	-0.0118584122458951	-0.00706221936956296
-0.00597527751121674	0.119961893560608	0.0098027360035562	0.125766986281735	-0.00371388792732121
-0.0258966730252279	-0.0294581229109093	-0.095075515907436	-0.0319292588140505	-0.00646987964134097
-0.0244275789562106	0.0507502433634998	0.077281617902884	0.00822454271249779	-0.00536151295681347
-0.0343308852778428	0.122595136592992	-0.283405402137916	0.0238972800300361	-0.00555724585514193
-0.0251984551985058	-0.0963032973407028	0.180049203509216	0.0920451505094006	-0.00507750838624518
-0.032501934832386	-0.0440531564992738	0.0436985256211602	-0.0442315569481383	-0.00705567389410475
-0.0226644171596917	0.053727679150503	-0.00379843128386226	0.0537598890121519	-0.00502534088024746
-0.0318652388772643	0.0681584527443611	0.0449135837984379	0.101911734332378	-0.00517875796794442
-0.00786813638216303	0.0248546283307226	-0.108965662905748	-0.0577384305724364	-0.00495346656720418
-0.0148447366442203	-4.71093456640459e-05	-0.0427578847185256	0.0378276405050488	-0.00949680996334393
0.0223994105190173	0.0644234627694064	-0.00272573263518927	-0.0614559818548353	-0.00783965408282503
0.0264422652770051	0.0201452149217866	0.041966368504797	0.0476003513406249	-0.00662375751511115
-0.0269075529002647	0.0923527239224409	0.0648679385101581	-0.0475160430756957	-0.00561585679724885
0.0129824612337667	-0.0491697932915256	-0.0699051209508318	-0.0110762703793444	-0.00726072558601772
0.0367387890181141	-0.0989212763492472	-0.151236096066518	-0.0658046515885489	-0.00536954040462077
-0.0292472435899343	0.0193304848110632	-0.162854701917634	-0.090294941745872	0.109578330094819
0.0107262688292906	-0.00591759567555676	-0.136567252515377	-0.104929996123104	-0.00832311871387162
-0.0310480079290176	-0.0966738316060201	-0.281913168689947	0.234690198435464	-0.00503019347604859
-0.0275272246271626	0.268602726814554	0.254968946442059	-0.0847108043726076	0.0452599589110541
0.0310685462948614	0.0649688445492893	0.106287015675809	0.0816290722687871	0.0497093190146507
-0.0330966901895794	-0.0985227435988901	-0.28285146780908	-0.101083166854236	-0.00556370004415174
0.120877404427524	0.052044046530562	-0.178639544342941	-0.0455037847037933	-0.00698507920677961
0.0339618653189002	0.0353436916412464	-0.0309768059659689	0.040092669702022	0.00853918094395676
-0.0319370097564199	0.205332433152056	0.0258681755496031	-0.0894025495765317	-0.0111300207774618
-0.0248850924420796	0.0727906533414334	0.00109376228872479	-0.08943361163719	0.07961793136213
0.0496104519668957	-0.0185581626752904	-0.127528549353515	-0.0927672440424978	-0.00848714581276076
-0.0337075237982062	0.0349494105873203	-0.150136885687358	0.252282956799975	-0.00468947660705893
-0.0316733528170417	0.0275461089988004	0.0368091853596823	0.0334436053387438	-0.00965088299452273
-0.00412863018359033	-0.0326131023595701	0.0658500414611944	-0.0440647251703783	-0.00756753966959711
-0.0162345083972878	0.0494262328323509	0.0515605962041694	0.123897915930293	-0.00479066066305486
0.0181403057523684	0.0440464549477523	0.0191357455685395	0.014980568317641	-0.00750067092098624
0.144706561287707	-0.105110723735741	-0.105790534094667	-0.0900912370674906	-0.00737814050285191
0.0610238415757285	-0.100201964805449	0.0556273402936922	-0.0468217300064223	-0.00670850347971255
-0.0294709547339674	0.00919877457237798	0.00502027363311818	0.104480549591217	-0.00358566315015272
0.121057571054923	-0.0439256306243767	-0.0357187957530901	-0.0489452317137592	-0.00521835308741564
-0.0141604024721301	0.0697657280994482	0.0410897751956223	-0.0496544268515091	0.00886064196531253
0.0291292947919913	-0.0495975326396499	-0.0978145342931606	-0.00312167088484781	-0.00503127630825919
0.0677232161700045	-0.0293141677360188	-0.115688676985986	0.0916181924519536	-0.00691196432922347
-0.0263503763096311	-0.09503098406204	-0.00465040650871911	0.179269688539557	-0.00709707508226607
0.0540093217459203	0.100567876840303	0.0545852409070305	0.000844293989514585	-0.00559134083003011
0.0142179237920302	0.0410716833438831	0.0328730921840413	0.00992640773835911	-0.0119659304489594
0.00567181389465909	0.222536488980755	-0.00635092862612487	-0.0277746295827948	-0.00697435376433655
-0.000856567529407882	-0.0198686192614648	-0.0285792920168618	0.0736754123035735	-0.00621659849823393
-0.0320570328015941	-0.0990344298321099	-0.108156516567947	-0.0977928734987534	-0.00487931094888892
-0.0312294655554552	0.0455995217918591	0.0953890510234125	-0.0275063535070891	-0.00581707106286156
0.0348328728522984	0.284457724509053	0.000127968479858728	-0.0277740075252145	-0.00809470140115955
-0.0293102627761168	-0.0596888012096141	0.0478529165913674	-0.0942591962061885	-0.00821546845065933
-0.0304124683357664	-0.100080352512523	-0.296622468347175	-0.0910420661094365	-0.0052707471687606
-0.0384130362076139	-0.104550923591307	-0.102774838614443	-0.0924981350511888	-0.00834536725642677
-0.0280369945056489	0.12754566360041	0.0672131906580693	-0.0983086903255353	-0.00621523529249256
-0.0264831715044158	0.0642677922697814	0.00116161500818783	0.0379749155968191	0.0143194211224263
0.00158424854333349	0.0964410101893308	-0.083755871681929	0.244507745624217	-0.00624204548992694
0.0336210803629138	-0.00495132875983876	-4.52780062488915e-05	0.0346324415058466	-0.0107502806720186
-0.0256883937984496	0.0616151792663001	0.126306765851228	0.0994172831603369	-0.00553256001191183
-0.0272303347812003	0.00915266476935173	0.231183312313175	0.00973283878609857	-0.00735928510347765
-0.00963205518828318	0.0543165340277135	0.0998858272367854	0.0235674810124091	-0.00516783661958403
0.0447113643859773	-0.0232509385530642	0.0545609760775719	0.0550489380252865	-0.0111058839779121
0.0317893908480756	-0.00622972441747036	0.0693904630227071	0.211619713952619	0.0230995568655732
0.00681156732641392	-0.0215206896277903	-0.0308324557873042	0.211624917840929	-0.00596473614002472
0.0211307951330234	0.136399347208394	-0.0102252170891481	-0.0969348579095406	-0.00347650342452071
0.0380618554423572	0.0279181860569516	0.227737961113666	-0.055651345675488	0.0244286599547073
0.0280125935837868	0.124063007165182	0.065864829965204	-0.000457169907238819	-0.00775455223696308
0.00117284530128255	0.0255570497042253	0.0140731097632723	0.0345263635217644	0.00412422531499053
0.0462546800037225	0.123901082467203	0.00500770255516053	-0.101759762829781	-0.00522320710475523
0.0167348456664058	0.0618000015921927	0.0474604524524257	0.112776465184405	-0.00515877644273048
-0.00585343815723638	0.0756480919970137	-0.0202830058203981	0.0711111589571482	-0.00488032858350108
0.0177162544441907	0.0414222936182483	0.061509035718397	-0.0474828326096454	-0.00938927174403649
0.0661182365399446	0.0929266584617894	0.110070015150005	-0.00514489114602598	-0.00599162771378454
-0.0265416639900137	-0.094000285507641	0.10179610985179	0.0899349361677057	-0.00625322957594505
-0.0263432172146437	-0.0306594401817169	0.00678806174532322	-0.0925562557263843	-0.00684269183758392
0.0381024727172007	0.102588329772733	0.0489802351057632	0.107604030139724	-0.00516299625793084
0.0330626679972557	0.0243713169331874	-0.00479250280315162	0.0305697724814956	-0.00401731029933803
0.0292227188170034	-0.0361397357026347	0.133909743418371	-0.0969664301176843	0.0140403103872571
0.0291054782079453	-0.0565349196587005	-0.0727024404081359	-0.017610058482539	-0.00560585161316525
-0.00874793238188211	0.120305788111331	0.099167562747263	-0.040137928124589	-0.00711294363640549
0.0365556859257714	0.008664510536573	0.191345095677374	-0.0272746872615931	0.0365752015214538
0.0108277442928658	0.0191786773874843	0.0664232851792875	-0.00840464427876355	-0.00910702808982581
0.0627158128636726	-0.00149214394878564	-0.0970038788925318	-0.107794945135076	-0.00554556975776129
0.0434866959912732	-0.0951718679647475	0.111971029254825	-0.0237789261728346	-0.00407625236467699
0.143901010104043	-0.101216574389237	-0.072186839640335	0.0229173731798961	-0.0101963346363786
-0.0269884165423471	-0.0963479793519944	0.0843637593053851	0.0940348238282427	0.0423328052163385
-0.0268355807980284	0.108106823750234	0.151177116688395	0.19082047116254	-0.00791792101038911
0.00163700560753811	-0.0638440034390849	-0.0379324338815797	0.0873257648296407	0.0305161849970652
-0.0280659476338888	-0.033490239592636	0.0539532110320959	-0.0199293099604995	-0.00336377946330859
-0.0346259244864941	0.0414420716441826	0.170589526963048	0.0584136205147848	-0.00647645603575165
-0.0257287676178193	-0.0894859006046975	-0.0531551655728639	-0.107710640070057	-0.0087078776357865
-0.0323040358766705	0.0247404408981619	-0.0774278840033128	0.0655759467635868	-0.00468594651814497
0.00167676599757396	0.106516002876764	0.0695176154429758	-0.0594690075373381	-0.0075603952838284
-0.01513357489989	0.0205015095577817	0.0191747739572307	-0.0750474730906401	-0.00269035712802384
-0.00159164852150723	-0.00175255038900151	-0.0115158775782072	0.0821298233809855	0.028736466235792
-0.0289768571187693	0.0509550699418944	-0.0466006801341233	0.0491890975754618	-0.00820638784411767
-0.00616459503002245	0.0596870546406725	-0.0293180236447104	-0.0220011198677278	-0.00593106238003277
-0.00350882306825219	0.0550815640726753	-0.101719531765074	0.0131241923755347	-0.00945613516085058
-0.0348858490127256	0.074732296778077	0.170515923862518	-0.104766924686079	-0.00711207671450049
-0.00809220476214166	0.087489252655847	-0.0541555309440131	0.225434107630277	-0.00598885902773588
0.0153238291671203	-0.0498891995103648	-0.0205618415147736	0.329464551646985	-0.00454626084841138
0.030534523632883	0.0539701339211522	0.0632666144810842	0.259159517230989	0.0121000467439988
-0.0362753378839882	-0.0171857059897239	0.022150912335046	-0.0908889886585955	-0.00714692464532565
-0.00365478228793335	-0.0242815202206821	-0.0163978247468158	-0.0262489859621231	-0.0078306946790966
-0.0221596013482197	-0.0952895923636947	0.122427526184861	0.206211275487144	-0.00569191650740862
-0.00728414765019076	-0.0720105853028175	-4.68273629359699e-05	-0.0947348184847925	-0.00523698529604654
0.00518660878916255	-0.0412603779938314	0.0100927224464985	-0.0584576050266917	-0.00563875486159133
-0.0340443332803726	0.113319387893979	0.030686953295148	0.0013859314797425	-0.00621000574007357
0.0162318099800331	0.0224270975962438	-0.0734051411558302	-0.0191951834941373	0.0139232561232718
-0.0364087734888321	-0.0429389314374305	0.131689374357129	-0.0125789220847068	-0.00542784761736151
-0.0306661710885162	0.0445278924861291	0.0434965005533818	-0.0908858374027337	-0.00562646809615816
-0.0094846505677603	-0.0303611825640229	-0.0121092603538818	-0.0236360963529902	0.0184625943495595
0.0274735540810658	0.0371535847240908	0.0322062822502654	0.0910488286864993	0.0236526856353505
-0.0343474985822723	0.0561395533443452	0.090620668674996	-0.0255674259503014	0.0207270639744831
0.0238929275973588	-0.0278468520815773	0.0501998983632877	0.130415483388355	-0.00597381564322307
0.022744592063195	0.028677823387919	0.0649141947297689	-0.0516167800469074	-0.0044725174081676
0.0772996893258227	-0.0415687016042688	-0.075469295368651	0.0581239303539553	-0.0052004006629922
-0.0240664875009495	-0.00740249604661476	0.0979799688198634	-0.0850829200619252	-0.00744592273471205
0.0132840317896904	0.00685180524302075	0.125266436330465	-0.0319785882536859	-0.00403177379150611
0.00934274263253534	-0.00295749574274496	0.0318329729706624	0.286970754567659	-0.0113281804422124
-0.0273129382279566	-0.0915916907711977	0.127410631643847	-0.102722012084442	-0.00988144196870814
0.018458204787212	0.0148864534847242	-0.0493116115293441	-0.0286026108647851	-0.0077259303049935
0.0215044271922427	0.00791783412442489	-0.0108510308635523	0.0406985231406025	-0.0135029184993865
0.0588360990978504	-0.0979175492042261	-0.0115240258324789	-0.0415607527837779	-0.00534939190029835
0.0139454612557316	-0.00412940133839155	0.0866234071683472	-0.0348958872988047	-0.00520721684117078
-0.0295153571600731	-0.0663816134971913	0.105847601042729	-0.0468048055585014	-0.00693739330699215
0.0641891448767291	0.0374171976136404	-0.201180180249325	-0.00418819047021185	0.0145261723530582
0.0115941566699386	0.0707960894315603	0.0558061950423522	-0.0921448333095379	-0.0171091321960265
0.0116563362908519	0.0390492452355303	0.0969890821914511	-0.0533495603105552	0.0290663831790604
0.0505097077844762	-0.0980368385320243	0.00240900752784188	-0.0953808404995569	-0.00474360532662359
-0.0292025993439392	-0.0978637152237685	0.0984780851818722	-0.0241570295608809	-0.00319057455270631
-0.0274825012844598	0.0712685900171497	-0.190960296407023	-0.00711397708120633	-0.00799106156527178
-0.0109531162198057	-0.00835056155566895	0.0378297659086627	-0.0636660621886984	-0.00777394999942256
0.0199378434927897	0.0341467514450129	0.0703850613492828	-0.0577561736850444	-0.00516737212969116
-0.014607494204896	-0.0467465216793662	0.0778122634682221	0.00715756817918672	-0.00616952674613555
0.0999836125633246	-0.0989190300669298	0.294830864284043	0.0879135244937554	-0.00437666341631854
0.0301411537308388	0.0273289150598477	0.0576893315966182	-0.0411078596081448	0.0568780556414216
-0.0299362569015001	-0.0724394037710013	0.00409491690365855	0.0814864221632839	-0.00549681251461041
-0.0274716557593345	0.00633143851639434	0.00675246354445052	-0.0283770012549549	-0.00804196676579155
-0.0294174152339681	-0.0982785074785803	0.0193518099779168	-0.0688799117264769	-0.00808738443049146
-0.0353383416865828	0.12033885942262	0.030606648799858	0.197831373720232	0.0334861242094454
0.047582781094327	0.0168999896575259	0.138707134728046	-0.0169482607478116	-0.00337597599278848
-0.0322821667734554	-0.0990333105745599	0.0994741036388081	-0.0911137278341428	-0.00670358849865923
0.120965448227568	0.0554289339199177	5.10394105369861e-05	0.35393245133085	-0.0031799784617027
-0.0369674225745794	-0.0239751811931516	-0.000463137549387823	0.196255973862344	-0.00760985484974133
0.0348931477062647	0.00522468099451243	0.0315411713449904	-0.0249502599970811	0.0356997916948616
-0.0265921309484219	-0.0949229911537029	0.202019698978568	-0.0219609049851987	-0.00797578557151342
0.0146983950281721	0.0753090192227675	0.0196749747960639	0.0113757284198579	0.00284048830858984
0.00172376806015503	-0.0144459991818757	0.0849372419160945	-0.0377983066320292	0.0201266016407078
0.0429589503220547	0.0789337257007926	-0.0604864578248334	-0.0302765916394699	-0.00567523934173965
0.037828198450879	-0.0245804958739861	-0.0256227522400249	0.0981834472562491	-0.00742052028840944
-0.03568733353273	0.040472503912381	0.0251100597465528	0.012430187176699	-0.0055952907673061
-0.031066306459856	0.149194894369282	0.130136272219179	-0.0510840607404335	-0.00488313008946794
0.135161504991204	-0.0100026776873748	0.0303567123804149	-0.0129458051792985	-0.00533746102263752
-0.000455984372320569	-0.00454940705710206	0.00033243959125858	0.0841273968276324	-0.00591212679189645
-0.0274703323538726	0.0380467224750146	-0.144788664885488	-0.0918378438839243	-0.00700394592400832
0.0591294070078494	-0.00669876376890449	0.195727349779962	-0.00701193561270905	-0.00527784118845937
-0.0289139034714296	0.0330412261375707	0.122429738800736	0.371481397944267	-0.00923465450598239
-0.0184375960994712	-0.0494818885912923	0.172090570437812	-0.0266896953121141	-0.00958421789653217
0.0101766136483177	-0.0549403751647415	0.13665546790942	0.349066488145743	-0.00784846806726985
0.0308708254036991	0.0497776603249558	0.00888532734517874	-0.0679267585016015	0.0089106468184875
0.0909528882288991	-0.033652411814805	0.172074886205817	-0.0422402123656194	-0.00553000569241209
0.00531973547215113	-0.00436989667232175	0.170552479289739	0.126030250877967	0.0248607865588917
0.0125602816394632	0.0239022402511623	0.0463429011816388	0.303561324379988	-0.00518934519689532
-0.0317107117031985	0.0789733187701338	-0.0965183628949376	-0.0372212497247078	0.0143105099001983
0.0304363083070891	-0.0365752856138019	0.0956574676930092	-0.0299572352035857	-0.00683881547197268
-0.00782611018857928	0.0357973361290471	-0.00851021833341507	0.125627904348956	0.0176617210260567
0.0226253822269915	-0.0161960250850907	-0.081422546920008	0.0232537913486748	-0.00522752246958965
0.0699685219346387	-0.0985493596234833	0.011662324217994	0.0480214733799526	-0.00661810880900226
-0.034389220737576	0.109933688447869	-0.0302125186747707	0.0162211416695168	-0.00740230545313266
0.0438386113528074	-0.0249237108691968	0.273812198919661	-0.015789429488116	-0.00587486255688115
-0.0282098044853155	-0.0964785224615826	-0.127681454661523	0.195503624808925	-0.00736177210839997
-0.0167927187751225	-0.0883258877185758	0.0497704185690862	0.220949806115558	0.00242392996123875
-0.0349410242776433	0.00535438031079156	0.00702279132899869	-0.014593998162766	-0.00713641322656963
0.0291467856702261	0.0465494467176551	-0.0289027081443353	0.158811712259014	-0.00581323820200014
0.0497891198728389	0.00206931378697762	0.0435117563422359	0.352879922358358	-0.00537266155338205
-0.00250070429666316	0.0412694889123802	-0.0256425430326433	-0.00805149448266354	-0.00408590457982213
-0.0292781903318263	0.0128730314169687	0.0746333344648125	-0.0563865289497698	-0.00451422890145511
0.0121313637807478	-0.0549678085749373	0.0211117467383916	-0.0182755052551587	-0.00675681240808323
-0.0262953933951435	0.0110460582925545	0.0388398024516765	-0.0376730166466633	0.0116006781016359
-0.033655048217499	0.0106668511992401	-0.0236211872846618	0.253088584057987	-0.00692902605202102
0.106062060045096	-0.0627589016662177	0.0258289564739618	-0.0281815709002142	-0.00522394768096666
0.00569492149817233	0.0142689590798986	0.0541395010813099	0.112135088817018	0.0340881518913789
-0.0342861373470008	-0.098717388943873	0.00131915364805141	-0.0983096182615437	-0.00943095045159498
-0.00784168295606671	-0.077924967611363	-0.0408007341134748	0.223755891437967	-0.00450992938902086
0.0307976362403169	0.059158312635178	0.000278498281510524	0.0130060552802129	-0.00576961391282271
0.0119066969360411	-0.0135789554548515	-0.081676939498386	-0.0134557594981208	-0.00575206912860214
-0.00195809320132057	-0.0383352201463781	-0.0431906294405437	0.161613062812485	0.0104441291763466
0.0287689990215016	-0.0246844472701652	0.00138436541689767	0.205955586000951	-0.00697890880888726
-0.00994533892585987	-0.0527545051631891	-0.0858133375691488	-3.63349092890094e-05	0.0173101984393517
0.109662760995721	-0.0979304104020224	-0.182912560732654	-0.0426557841569945	-0.00970724448782814
-0.0296002917815184	-0.0379002634843554	0.0888417750715258	0.14218425689488	-0.00958820766743386
0.0222106387373528	-0.0969194470959364	-0.0911945505326208	0.00955644947315512	-0.00833254267895951
-0.026217631799098	-0.0956355326888706	0.0544877446193003	0.0106756648453509	-0.00396266171817268
0.00414873886238223	-0.0322498539486757	-0.0478520779097627	-0.0565297344819858	-0.00392849646615976
-0.0315859617750997	-0.0982904313518631	0.0298071854974837	0.0748126923743972	-0.00463724793846885
-0.0325667788276944	0.00765972344751891	0.0221275130863306	-0.0724988537730269	-0.00571812801635123
0.0195239233699615	-0.0460789322067392	0.0837877563386137	0.0781009446301979	-0.00604597253296024
-0.0223958510643553	-0.0925027697147059	-0.273059984743496	-0.0891093266677834	-0.00610796612299811
-0.0288864057621458	0.027039067796993	-0.000900093435917711	0.0525323802393069	0.0166584479654032
-0.0102422838808615	0.0890114297942038	0.0796793403419329	-0.0185921751236888	-0.00520990161490589
-0.00707651201775201	0.0936096616503639	0.0883034187538258	0.0141060093811951	0.0454776036559036
0.0215471495050828	-0.0991916715872108	0.068645921889015	-0.0515084353343589	-0.00594585273882509
-0.0303634598927016	0.0542830626591803	0.176904772842368	-0.00616543099709678	-0.00863144795978245
0.0373148102463268	0.0348129349128205	0.103880489303713	-0.0118028783889506	-0.00692392940566701
-0.03322053782856	0.236571787472513	0.0675096466386494	-0.0307966603223601	0.0162121961875703
-0.0335871633937828	0.0255280624472183	0.100213611902272	-0.0174725878611651	-0.00669148275671218
-0.0293234126658063	0.142197184039221	0.0578211791487526	0.0268241664263227	-0.00493737521605161
-0.0332660656952477	-0.0982090705518122	-0.0832617451665503	0.00337481316124323	-0.00408017490559927
-0.0303070732870113	-0.0117863211639748	0.262716194901608	-0.0880867433950733	-0.00514681511759862
-0.0316073097035497	-0.097537211023257	0.119059027251178	0.306839966994984	-0.00472229195989085
0.0531428135347899	-0.015133859960426	-0.0283770982565552	0.0257987570752741	-0.00702984183947154
0.0028523732214182	-0.037766697441358	-0.0686152451932772	-0.0961831061813034	-0.00686087397604001
-0.0307612960534167	-0.040445617517513	-0.227483280599099	0.291407954485306	0.0530009895264441
-0.0154553047546061	-0.0645550902291756	-0.0762581954691359	0.0495343072855683	0.0129448416349383
-0.0330709144479421	0.0228750095032008	-0.168569133943418	-0.0243891084885207	-0.00731448529448485
0.00915778040820281	-0.0994099681217492	-0.000434601595522674	0.0612310720927459	-0.00665321129207532
0.0101196442193958	-0.0224637728004557	-0.0497343307719828	-0.0288226379967551	-0.00850579662431712
-0.0226799999249245	-0.0405189066453534	-0.103726328890231	-0.0103262604574653	-0.00557558185793829
-0.00472173257824155	-0.0514299116905069	-0.00919909285440997	-0.0846665444053055	-0.00950186032984671
-0.0213387076790364	-0.00572474091411136	-0.1286661405036	-0.103130743501837	-0.00997499788528932
-0.0278313002749602	-0.0973050932072947	-0.00328849207484242	0.0223461393530188	-0.007666966912241
-0.00434862136899934	0.0338801470662029	-0.101512259557842	-0.0519214899586711	-0.00477432633406301
0.0402849427059655	-0.100106330310165	-0.049184509364383	0.0671664315573319	-0.00689638049133898
-0.0364315035804216	-0.101794008216998	-0.0576083975102557	-0.100806598328949	-0.00680376357294162
0.127642303318974	-0.0447833174322999	0.101503914653634	0.0713684894571921	-0.00698332535812259
0.0304707369071428	-0.0519410730580883	0.0721761468031448	0.130541377863016	-0.00567933922201735
-0.00657381609323567	-0.0381374001908561	0.127392142069782	0.105928869406298	-0.00867268595529894
0.0103687314164603	0.0209880480265515	-0.127666996176663	-0.019481167368114	-0.00476449724192797
-0.0155955242909578	0.00459451823092283	0.126937112041525	0.0896959848247098	0.0120581286070091
0.0334438689092845	-0.0640091139934528	0.0631192839799921	-0.0730762251769753	-0.00395219059514685
0.00779369262526429	-0.0365861586339358	0.0687941801123013	-0.0642963887452029	0.0165584738054993
-0.033297115314832	0.0698598957716159	0.0932762920996158	-0.110747704791972	-0.004767965222442
0.016431776204009	-0.053728465232972	-0.0234225586374687	-0.00852506675717513	-0.00553521632120018
0.039013645574243	-0.0526553199702104	0.027082185405204	-0.0926768089061523	0.0181112184320186
-0.0123645795840102	-0.054359885921334	0.0855895494259884	-0.0582613530111765	-0.00690162734991154
-0.0283317730858982	0.0176715244438979	-0.288082934526073	0.0358371471131391	-0.00873454177520909
-0.0257575032147872	-0.0516810191910912	0.0170310401338603	-0.0165793409713628	-0.0058346321808042
0.0174054440962302	-0.0494437451814874	-0.0301140772682605	-0.0503917339685296	0.0415607069545501
-0.00064319893753061	0.000826094718244807	0.0352854853210712	-0.0118595187738864	-0.00524169618178624
-0.0345791260387025	-0.101820709491615	-0.0671407447294231	-0.0903155689076413	-0.00720408821945011
0.0827660543785062	-0.0958932058642637	0.0703085121681746	-0.0945651411151272	-0.00893424339021229
0.00455289575924069	0.0184745353909183	0.112248007183513	-0.0158489243142052	0.0169059025104308
-0.0295171586698895	-0.0983751672551367	-0.186916844187782	0.109184253766329	-0.00552247283465317
-0.0243417850802601	-0.0943709550546507	-0.106027965850564	-0.0336453998990152	-0.00514234413615502
-0.0291987367283734	-0.0959316569540187	-0.0413070090076702	-0.100725442911678	-0.00446950389486381
-0.030187463097885	-0.0999244129361435	-0.0300814480567151	0.0457118112343366	-0.00967305918774657
0.128285641368418	-0.0410324573119408	0.0841056006931479	0.233830446344209	-0.00626186039448716
0.0335674149403586	-0.0331633119245685	0.119371505694302	-0.0918541948305403	-0.00837183334060204
-0.027446441205758	0.0216670296640426	0.0381005150438427	0.128034827770343	-0.00618746545700712
-0.0378612539821785	0.142723344330096	0.0625543478143898	-0.0791537324329753	-0.00843130978393756
-0.0339110606561926	-0.00667226490973953	-0.0534176352182599	-0.0673881112391027	-0.00722941054938015
-0.0319079058848641	0.0450890860390855	-0.103300945179828	-0.0393187367847857	0.0284710307164176
-0.0369254864621553	-0.103431444312826	-0.0427657661173608	0.19309640696454	-0.00774840878606297
0.00780906772169028	-0.0594209086354447	0.0985538054433616	0.239292818336811	0.00267469324026237
0.0563531468121376	-0.0823632212194162	0.0188853650530787	-0.07625585089819	-0.00684020823635466
0.0295200870470783	-0.087299790364371	-0.072719368236212	0.230725502023116	0.0461985981057328
-0.0310143104154017	-0.0967766305138909	0.0145181805236142	-0.097385196945121	-0.00445428537545557
0.00394261742552627	-0.0223848659338928	-0.0555120185349211	0.029046326578565	0.0124206482346487
0.0464874492735881	0.102013910025007	0.173573058309795	-0.0211491627193797	-0.00687517180566616
0.00830419808025896	-0.0572048305440761	0.042501194395681	-0.055938652670966	-0.00647017040265988
-0.0341446787302678	-0.0115651492528928	0.0749894768601745	-0.0329632425875541	-0.00682889287535597
0.0337066713914518	0.0211228680450041	0.105837658949551	0.0169208478852406	-0.012173769389614
0.030331353723887	0.0760065728991011	0.0775763489908175	-0.101393366552318	-0.00498235310231376
0.254004727782178	-0.099942434949921	0.226319254934619	-0.101596193832505	-0.0053558770039998
-0.0132036263456203	-0.0396346622027582	0.0885945515457091	-0.071827971154144	-0.00447400233826826
0.015634089805947	-0.0520414337530684	-0.0356381774982048	-0.00750761096042454	-0.00944141459182391
-0.0306275407448114	0.0092512222235237	0.131588649608847	0.277087325371999	-0.00479463225345435
-0.033173433308751	-0.018254372938778	0.00581237542749989	-0.104916813195349	-0.00463235194675963
-0.000387346788207796	0.00588686288142929	0.00714541097352825	-0.0620657204149982	-0.00445220708190786
-0.0340154569332939	-0.0325287266088778	0.00696360978039051	0.317754131319341	-0.0049804632657679
-0.0285111271674816	-0.0989765802879525	0.0131813485453488	-0.0142614808252015	-0.00730640435785752
0.041272397862333	0.00508859019274705	-0.0606896820192201	0.265582956551854	-0.00600636060620654
-0.0327901155236679	-0.0597397360379723	-0.0569185070346916	-0.0799449489251279	-0.00660126407964184
0.0569266590354145	-0.0288116649844825	-0.0201992998387625	0.275730535165408	-0.00757441446278971
0.0752688124631787	0.00959005809123893	0.0542244930642886	-0.0173269259350664	-0.00654786180404394
-0.0276501929305956	-0.031255167553017	0.0100811330805217	0.0933622590960286	-0.00410853684761091
-0.0252674581188732	-0.0933965618659292	-0.0572427452426248	-0.102797633776406	-0.0056416831899702
-0.0343787304051818	0.054154506351226	-0.000306334595647147	0.0557969182319795	-0.00482531041135178
-0.00365167565897398	-0.000427375582660736	0.118629988219894	-0.0545867789442935	-0.00805716001783631
0.0177841904997112	0.00076629962605819	0.0855203782825606	-0.0750144991009802	-0.00496881947682905
0.015218819404557	0.0412388183905333	-0.0322833448680049	-0.0117061683455948	-0.00653596568609423
0.0119126307064288	-0.0179951539223233	0.0639853487974983	-0.0520738837166558	-0.00737462207225985
-0.0313356959464647	0.0109173544677163	0.123783731789203	-0.00391096236547579	-0.00636459027959589
0.0588573915694803	-0.0544108021958259	0.0258669022424415	-0.0400218924055352	-0.00923518239599642
-0.0290947442621505	-0.0343756133831547	0.120429983355785	-0.030155901185405	-0.00442638322475289
0.00683061937775206	0.0255566541673085	0.0313399727933808	-0.0918881015939123	-0.00815639357388648
-0.0297661177021624	0.0332999965598724	-0.0348518608299844	0.0508590795171662	-0.00802562465900012
0.0286957514785781	-0.0659395921652792	0.0530633179769045	-0.0686179631883612	-0.00605207466431411
0.00814604894430793	0.0500805757740992	-0.0364427865517468	-0.0935464094671968	-0.00434816909702592
-0.0348436845036031	-0.00243916881750194	0.130776127098932	0.363184923517815	-0.0067754891926225
-0.0271135086581547	-0.0948546423220661	0.151529324728693	0.109500784227927	0.0666525121007217
0.00886254162039636	0.0646946463155679	-0.117129170235382	0.183072915083124	-0.00676259142191581
0.0786949901058783	0.147279397703421	-0.000124015174599863	0.161466641986492	-0.00879551121607542
0.0707537082444157	0.00371750937065685	-0.0956957442504808	-0.0614671499341127	0.0286522328281441
0.0869039918752177	0.00225996492054916	-0.0206966305260918	-0.0757785656241488	0.0152286374000581
0.00538997815929074	-0.0259695734660751	0.0941782174488076	0.0278592234174592	-0.00483108846464409
0.0313088200820104	0.00896563266335003	-0.0171748169460362	-0.0798873361904265	0.0210820125016947
-0.00686966821644022	0.000421168958105304	-0.0992645951237332	-0.0869608368412641	-0.00759503782145213
-0.0225701281143459	-0.095419334698453	0.274218499878105	0.320338282121002	-0.00532272310693297
0.0442102068313196	-0.0305864713045854	0.0418452667268055	-0.0710861767258775	-0.00554945654352653
0.0206420604391476	-0.00216081389060622	0.0121342760619314	-0.0533363748963031	-0.00683876067361589
-0.0275560959859005	0.0701803352916356	0.0939582687911896	-0.0456942667864504	0.0139227165582622
-0.00389034452764935	0.00920252815078333	0.0824441849864188	0.00214395748151998	-0.00551437801314432
-0.0259462645281622	-0.0305639601934759	0.0502559986298031	0.156891708202427	0.0333881966860818
0.0504046033724516	-0.0556220696748487	0.0387279511292785	-0.0520478440351796	-0.00564216748496466
0.0402655559654442	0.00293847347689773	0.0294818104955441	-0.0626245250571262	0.0158376745918268
-0.0292647182238872	0.0286019016361826	0.00413647646765248	-0.031859948366895	-0.00515749249318262
-0.0306573961074042	0.0108881602181457	0.00939865932433569	-0.0171783677420752	-0.0040151923289493
-0.0343462825108121	-0.0227797616643859	-0.00337841275942956	-0.0477133600927262	-0.00751136598008626
0.0527409448357621	0.0668760658856476	-0.01588421826739	0.0443338355050384	-0.00605906979763839
0.0291780215525148	0.0810183989202198	0.0890962037826654	0.218582711244621	-0.00677157534376732
-0.0274867250119968	-0.0950893534438359	-0.014834851083093	0.114365127832395	-0.00516979283907827
-0.0293094330977652	-0.00171960696884466	-0.0989550752881087	0.0475470474071464	-0.00373702053927233
0.045289079027833	0.142168988736519	0.051374005711755	0.0444032083847289	-0.00825043804455932
0.0159940694374672	0.019441097166566	0.0561823968121303	-0.0505455787849016	-0.00629565094763261
0.0799250673008722	-0.0394584579367241	-0.0325200964147195	0.0565026565571269	-0.00665868108395503
-0.0366896594622184	-0.100082514082902	0.00892636131112879	-0.105183244012082	-0.00657467139300091
0.0677458117334017	-0.107120085426431	0.0753453182466818	-0.0811008360716309	-0.00910396764489405
-0.0362875277209857	-0.102928829517115	-0.0321454835129373	0.156567099748665	-0.00754557629485627
0.0130098666717533	0.0752354175775428	-0.0181970168358257	0.0475908603992674	0.00525569077765069
0.04507969236359	0.0430417915156109	0.0573680617488673	-0.0756100897636708	-0.00573745161683308
0.000245591567417183	0.0110706568626178	0.0430386027607875	0.00521416557824576	-0.00928787838743835
-0.0053113667912802	-0.0396940535471251	-0.0340116862973662	0.0420230033953879	-0.00769067267451286
-0.00362771492894552	-0.0135682303368958	0.0422758661091788	-0.0739912185447559	0.0150705962497523
0.0205822037506714	-0.00788512597308484	0.0399177105072049	-0.0537939303026727	0.0104359108874961
-0.0184733333197707	-0.0698877731818267	0.00228307301075666	-0.0048837413277289	-0.00676574095053426
-0.0241901676868084	-0.0405116270030135	-0.223049421877373	-0.0846934787356433	-0.00653806846297258
-0.021131076654603	0.107774149892827	0.0129583312963729	-0.0266738802017727	-0.00559332284913348
-0.0350703426908402	-0.0594059944760024	-0.163918181020681	-0.0109385701919321	-0.00742118566778215
-0.0292573902299885	0.128135290837869	-0.0529260359156064	0.0197572843553722	-0.00472227498347314
-0.0279953294398587	0.0667617182253932	0.0547336163975812	0.084108639839103	-0.00797551422153614
0.00437696720267603	-0.0649498836998768	-0.0188580098835905	-0.00350928167448009	-0.0066828684902161
0.00818286181676307	0.0722453274195457	0.0662752707957437	-0.0190899628486297	-0.00569192201664704
0.0418908421569116	0.0931976864900361	-0.00477389129880398	0.228470212798157	-0.0084496824241673
0.030965370337499	-0.100619739148972	0.046921610784082	-0.0278280768736719	-0.00631066321062772
-0.0324751457122131	-0.00383952678598461	-0.103322013576964	0.0824130021225023	-0.00517315920670306
-0.0262193340841772	-0.0950024181475264	-0.00775653013110382	0.0772368863372432	-0.00686318997581475
-0.0346984420323848	0.000980700196557347	0.0757222644272487	-0.0863293459149703	-0.00719192444420692
-0.0348215643810974	0.0603409709444128	-0.0166689725057168	0.0583096734585023	-0.00537082213775675
0.00598083816478235	-0.0292561614594253	-0.0607946192193743	0.0330853654261589	-0.00750643972122882
-0.0071200955164967	0.0594226113650346	0.0993380783969696	0.141353726402562	-0.00520806697706578
0.0269267747181243	0.0186075042078438	-0.00679180544566003	0.212230967463655	0.00860176248910061
0.0295614099956833	0.0163264421263202	0.020076562574729	0.0166964247029215	-0.0112078525919351
-0.0106497471396104	0.0674793385843979	-0.0629704914523682	0.069686648998354	-0.00684939248966432
-0.0172147935380843	0.0410966048636772	0.105148425381459	0.21709035620329	-0.00648818179897959
-0.00348772378255036	-0.0124231782178921	-0.0593224120788437	0.10860265896132	-0.0071473150592264
-0.0276763733985074	0.00997712931843995	0.027696370026399	-0.0105818723483866	-0.00892974084379722
-0.00194246078253505	0.0386628487858705	-0.0128178205515464	0.179645353235882	-0.00660233370555304
0.0278614186271689	-0.0419992160009	0.0173817550106897	0.27485211518559	-0.00928385829375446
-0.0312306965411523	-0.0303026507774938	0.0657990585469849	0.0497030331491116	-0.00950663021968403
0.0254978336303277	0.0125170998475058	0.176260305113253	0.0635568350701491	-0.00589871428745403
0.0304398949022358	-0.0412153193699676	-0.168453474931183	0.0296003001439082	-0.0079282923716913
0.0386121214782371	-0.00343756582958756	0.00337406911513457	-0.0533728928605899	-0.00831213233362333
0.0386211154895216	-0.0283855134221292	-0.0146333734619948	-0.048904603774322	-0.00462604023621079
-0.0136272070566763	-0.054444138310037	-0.0180985567988706	0.0429331999219609	-0.00950711844954095
0.0957181403035128	-0.0977007241317692	0.111473342907175	0.193553452131413	0.0283601064430685
-0.0361894389032148	-0.0412435630666158	0.0807351299094745	-0.0982310742367178	-0.00616680791794333
0.0462945427476321	-0.0985473850542067	0.0924217903366636	-0.0847522589033666	-0.010039973463414
-0.0334656450113879	-0.0313104880784212	0.0452847112193447	0.0382037537422161	-0.00594498785657817
-0.0287727070129385	0.14117637901614	-0.042168105924306	-0.0555462574320847	-0.00797187962151252
-0.0291891049281614	0.191151687456078	0.00656695365265372	0.0884002034084894	-0.00397214492058552
0.00375441793045018	0.0410501112954512	0.035396143538504	-0.040750234659262	-0.0033836599456315
-0.0311692494479876	0.178188033808356	-0.0947968590167095	0.280506863052091	-0.00440261556850422
0.0256454900446948	-0.0421384862190106	-0.0804786455177839	-0.0388193588413317	-0.00423111880231715
0.366037246811148	0.117488044785953	0.121240778295989	0.314756787499698	-0.00932709762911795
-0.010012722947623	-0.0118289028186782	0.0231603811337452	0.00291606774029936	-0.00450872772357753
0.0482963572285833	0.035294721762882	0.0146648075391628	-0.0468440024964502	-0.00656192961309738
-0.033387920743329	-0.0435700808423512	0.0493223874763313	-0.050519137919946	-0.00534602916435829
0.0618198551140102	-0.0580899880296196	0.0903134125827889	-0.0669122534045254	-0.00840525897309239
-0.0278797185207612	-0.0062370196199846	-0.0322563992946971	-0.106629541340891	-0.00723062848618009
0.0500659839643485	0.0660212681867705	0.117558840026912	0.358007412602081	0.00878098506115476
0.107659045751795	0.0442333519078508	0.103054196989721	-0.0311465364500861	-0.00727178116430083
-0.0277592777300787	0.164485129556756	-0.187029882992967	0.00806867283772704	0.0865551553607865
-0.0273131992905343	-0.0156873901366707	-0.0556353522810075	0.129342545462078	-0.0068727417088934
-0.0275310284397423	-0.0331352884311969	0.00261855034550393	0.0144268857465383	-0.00681530641257671
-0.0352323863192521	-0.10105720284693	-0.0591812763611311	0.122480871501017	-0.00644502794182195
-0.0288838412933836	0.206183065271543	0.024463224781867	-0.0153543151861691	-0.00962667857511903
-0.0351694689797477	-0.0305734618226687	0.338062167105729	-0.102299572911165	-0.00649682890553682
-0.0304032890432891	0.373761443653594	0.0503644106150228	0.23323473064684	-0.00463167096753559
0.0445319384968627	-0.00256345177749876	0.0323923822663019	-0.0360578347828178	-0.00792439874443954
0.0122568085767421	-0.0378396785044375	0.0574948715792058	-0.0606110339827338	0.00402815737688842
0.0507388258432161	-0.0321471257997091	0.0172060866896475	-0.0615132522011245	0.0113866104381403
0.0983011351159082	-0.0310616998468287	0.0757962511601354	0.0103610354195748	0.00644416192289551
-0.0360143073204656	0.0542521951595672	-0.278062394099738	0.0491976641756267	-0.00709474397436465
0.0473268841726801	-0.0128313954742012	0.0801852771705327	-0.0578349882930116	-0.0115559084546363
-0.0268150418734161	0.0449546335771521	0.0964584789406454	0.0633910715027525	-0.00642551386810617
0.00325938961662059	0.0577558363706768	0.0390783686570191	-0.0671320885595304	-0.0071106199389245
-0.027596167860282	0.0206875255047966	0.125578412589547	0.225289079457007	-0.00755752762930388
-0.0347181596051923	0.0243821233031315	0.0968534435766297	0.0815109531158653	-0.00580154229732166
0.083067839047673	0.0674339669226784	-0.0180260186005542	-0.0412427426589268	-0.00765047842455671
0.00588657368739002	0.00522074296972318	-0.0457025198116688	0.00942871702843696	-0.00381483853213742
-0.0361638477207355	-0.033423893868173	0.0699426451245403	-0.0942330654867457	-0.00730216213409414
-0.0245708233611763	-0.0867637295714175	-0.0393882728496551	0.205862200636306	0.0729377294133743
-0.00682487056644068	-0.0541805334688403	0.0746321860334148	0.30755523858035	0.0143694285719378
0.0893091418491033	-0.0968154716835254	0.281536931477041	-0.0885058574354142	-0.00391368577678327
0.0454569226428332	0.0266668570433568	0.107725124225051	0.291609809030824	0.0109191235257435
-0.0289652276312849	0.0545456792103466	0.00296187128377983	-0.0857702782513601	-0.00682060316615309
0.028140566102935	0.0659671296441855	0.0665642241841706	0.0197074659708036	0.0521202752883981
-0.00800504831655758	0.014583213716789	0.157036253186839	0.277920553667925	0.0190825481606852
0.00232335348940182	0.0406196592990118	0.0315368090229191	-0.0249182763190753	-0.00801849958014438
-0.011141353231456	-0.0432668841304349	0.0212773941426549	-0.00855071162449422	-0.0055985755268691
-0.00916831322976749	-0.0286538196532815	-0.0135036109883616	0.0298808698620135	0.0180073986743135
0.0315632825091629	-0.0405327847683726	0.0695127284866286	-0.0180692463228639	-0.00645502504244875
-0.00256906876675262	0.0480126235097908	0.0165605035725949	0.135289118995848	-0.00616636126024508
0.0252508265894212	-0.09464100503202	-0.00176091949647163	0.04975941767758	-0.00637828432522394
-0.0346851254469901	-0.0497680524594036	-0.158592187899087	0.14048304303692	-0.00734631348929288
-0.0260463288752566	-0.0461398602727311	-0.0892188323310144	-0.0835541845232928	-0.00988473653192677
-0.0147658647134398	0.00655806148149369	-0.0828103633397647	-0.0239485020632805	0.0120153632090494
0.0164744863106363	-0.0216786037287672	-0.0405825760239059	-0.0520182311933965	-0.00809017808174377
0.00329595783027734	-0.00879764997180808	-0.0384450071683185	-0.0913184622263266	0.0508401949034035
0.0381338417249995	-0.10498846665225	-0.0849359564108701	-0.0146273016816887	-0.00778528847172393
-0.029509150837491	-0.0507420543102706	-0.0645359994163414	-0.0965128054322212	-0.00845549059501736
-0.00555232472145716	-0.0552623635421378	-0.0964831510657432	-0.0140273126208942	-0.0091827659057839
0.00689620276399624	-0.0651402537062823	-0.0169768059894569	-0.0827992265956541	-0.00646478111987861
-0.00999484282795041	-0.00246069810934304	0.0624985724723931	-0.0567229790200707	-0.00608394621547939
-0.0366778988933561	-0.0142409702694007	-0.0618304957222898	-0.0761919017628362	-0.00667378044178222
0.036896497357388	-0.0614981406250239	0.159914406207397	-0.103179522018361	-0.00602442768688773
0.0660923207301995	0.0216510739771766	-0.0357790407918221	-0.0278707590110841	-0.00408922009780371
-0.0369749805783801	-0.053403624505515	-0.0954090185535209	-0.0248663639517733	0.0975169952548668
-0.0382476677743917	-0.052050994768009	-0.0108071643793963	-0.0453637022763741	-0.00711688678992097
0.0442950578549889	-0.0748234846609189	-0.102605555733466	-0.0580108563218171	0.015678664170202
-0.0284614484751335	-0.0998964279150459	-0.102598381552589	0.129294848700495	-0.0086154122239106
0.037728511909146	0.034568051089784	-0.0585236207487586	-0.0783096423332844	0.00848869984198664
-0.0241040476500537	-0.060078740970607	-0.040347383557664	-0.0505649350577442	0.0130999283224206
-0.026979109875474	-0.0954963946351296	0.0500436659811268	-0.0932994428643262	-0.00811260557552786
-0.0136322125715091	-0.0549698850309475	0.00639583637796162	0.172189743190631	-0.0066054498473773
-0.0212897330020167	-0.0692556170316114	0.0412335208452897	-0.053389256356668	-0.00586562082758121
-0.035441520665238	-0.0524369566515474	0.0889087775326036	-0.0972651698188616	-0.00751703481795587
-0.03936828967871	-0.107055901238874	-0.204773663936924	-0.0873923775031957	-0.00967263814306849
0.0518870480055281	-0.040050180911582	-0.0133680079644748	-0.105932881491981	-0.00619853744607656
0.0156917943674182	-0.073762326346829	-0.00609741282151863	-0.0573947501254607	-0.00298993896632388
-0.0262901164674932	-0.0954800805537184	0.225031842064347	0.274603087018228	-0.00720502921086143
0.00647127799004857	0.0629809094774296	-0.0498394675739326	0.0126547419432019	-0.00795388921535228
-0.0355200166129377	0.0175454296512311	-0.057425405285607	-0.0999721835615139	-0.00749934841623093
-0.0228323333313734	-0.0223084995890026	0.0352886541468376	0.103375851174742	-0.00531873883320448
-0.0274963345379108	-0.0655707418807849	0.0746762599893143	-0.0386049334879455	-0.00605295755647199
0.0127550336737204	-0.00664959311020097	0.0204275300108489	-0.0700854091244555	-0.00366579706310474
-0.0340464509364008	-0.100264257930844	-0.10848144360476	-0.0220518970852448	0.0305564550148698
-0.0280337336947741	-0.0135347178333761	-0.0440632453861489	-0.0491004011969702	-0.00798611028042201
-0.0089988898115474	0.0105493216977198	0.0104264850600864	-0.0357161094001383	-0.00539200641911751
-0.0080694066830272	-0.0444652461658901	-0.0465443706655296	-0.0839302266837301	-0.00565824487163256
-0.00562319019601794	-0.0708380131174837	-0.0685227815327059	0.0172056723472249	-0.00736786029470745
-0.0315753678383316	-0.100632551496552	0.0406507937714639	-0.0878294937658364	-0.0103443786460665
0.00312931033485856	-0.0342832570225772	0.0770485084897092	-0.0733080131264125	-0.00922889453335236
-0.00228377969021134	-0.0350624583394091	-0.0989133810480131	-0.0376005924115575	0.0101389062214369
0.0378716793978102	-0.0329266350799032	-0.0616942052374868	-0.0474974009903004	-0.0102181464297056
0.0126237875682905	0.0107421194683234	-0.0457714655865628	-0.0190595556949407	-0.00654783709816565
-0.000104502256195313	-0.0293703613308802	0.0531546484707871	0.230503038517204	-0.00793066497411176
-0.0343622414907573	-0.102061201991197	0.0145790119225699	-0.0368449069073427	-0.00630138024505574
0.00616223902823838	-0.0594736342457775	0.00996250075089795	0.132164970184559	-0.00648732615675429
0.0167750337345744	-0.0987111916181018	-0.0919146522396598	-0.0010138663337638	0.0389541938394983
-0.027598158200447	-0.0247798802524989	-0.101573237048972	-0.0960310829400791	-0.00553212631116755
-0.0251452774228524	0.023398014237934	0.202894209810658	-0.0926129406366221	-0.00649896644469237
-0.0295176190382221	0.0388884793371923	0.0149675713024698	-0.0229056186948831	-0.00924010911121409
-0.0391899615694187	0.0223355181140148	-0.117855923870421	-0.0473834581262729	-0.0089062716414303
-0.0315076879575914	-0.0987980238553287	-0.286076803486835	0.19384140458125	-0.00428324138713756
-0.0258901292883207	-0.0975965921875209	0.126119005421326	0.171929517210917	-0.00731258892801962
-0.0308770497377562	0.00398940389772856	-0.118187476529091	-0.0595966017049931	-0.00492236058761592
0.0320702389025556	-0.0981251715624953	0.102479687458688	-0.0373680877793023	-0.00496555100575147
-0.0343951551922397	-0.0557569266788854	-0.122804302565004	0.0709990866845693	-0.00524785124324251
-0.0228113611027539	0.0916179858007157	0.0385495543401863	-0.0301370008722258	-0.00650196985549395
-0.00967265412097154	0.0125802711263825	0.0546673615731343	-0.0389091258892114	-0.0101197551810821
-0.025421018004358	-0.0231182712407529	-0.108219479086393	0.106055008762325	0.0307379312794375
-0.0235465957280795	0.194216123359483	0.013534818593793	-0.0880827427705593	-0.0068887884053541
-0.0358368001436407	-0.0158971731435921	-0.0823968421108453	-0.0822834467611112	0.00849715312788341
-0.0310055180718519	0.0222818504566822	0.0810442481950332	0.0665274281943686	-0.00533403558249482
-0.0275313962645947	-0.0233333075253567	0.072192977993746	-0.0365835921693867	0.00476648069184921
-0.0107577272211176	0.0250539897866118	-0.0577970355276269	-0.0502080106691072	0.0152948089349859
-0.0267955306854686	-0.0428878832292637	-0.0401577761902351	0.136062733297758	-0.0068206520620972
0.0404457584430107	-0.0934211095664887	-0.0378799131961609	-0.0897614473066811	-0.0069484032350883
-0.0176286748104743	0.0126791553599881	-0.0388983008628938	-0.0707314328694276	-0.00519770424930843
-0.0285230805935172	-0.0165446872903367	0.00595355715879617	-0.01610320832801	0.0743828672204759
0.0165534300110169	-0.0248313740827186	0.0398097382920465	-0.0804438582590941	-0.00389672894171253
-0.0321847028380158	-0.0420484693159029	-0.17576257163042	-0.000116740349064341	-0.00565869954817317
-0.0325980354490122	0.0503737874572108	-0.00944323337224008	-0.0599938601459939	-0.00593598120333919
0.00979542596380458	-0.0142418409924245	-0.0327322776515618	-0.082846639009363	-0.00562211935705005
-0.00605708050991831	-0.0739398311078895	-0.119844325922204	-0.0576859917695326	-0.0065036095181469
0.00945010909987654	-0.0606418359884065	-0.0601659852826416	-0.0536523164563578	-0.00702549117906114
0.00197582670375405	-0.0164137107611199	-0.0187350430666772	0.0401031323387885	-0.00607725351171214
0.00621970653558633	0.0153847434057236	-0.0369348876130338	-0.0639652928013915	-0.00455991591201569
-0.0317977793022729	-0.0977807095452002	-0.196058865992765	-0.0995246238659576	0.133327323937303
-0.0275081163852653	0.155663645888501	-0.0319583299505139	-0.093140367876702	-0.00443066709606213
0.00503507635251138	-0.0332298991086476	-0.0957898576870114	-0.0503672763493116	0.0253389400380245
-0.0283795351415224	-0.0126109307094688	-0.198590873653506	-0.0411483102473776	-0.00736970712202275
-0.0310440636693056	0.0577522121934362	-0.282311552023806	0.0500464557975199	-0.00569107312327006
0.00525126915278372	0.061871618757771	0.0103224880685172	0.0413403489935234	0.020654533920874
0.00861613206836047	0.133906649918318	-0.084457689164537	-0.053672110591646	-0.00406739786126951
0.00365651516499244	0.027205018229598	-0.0777278082400525	-0.0579717525708873	-0.0038765492646735
0.0316348489956117	0.15168621340662	0.0871851094526758	-0.0722904813321567	-0.0042659479275005
-0.0220535988018315	0.0458455447616748	-0.0687121451767241	0.157587329067084	-0.00646679674732124
0.0241372506141053	-0.0459929266598712	0.00987306102227797	0.124409694541016	-0.00621433826793751
-0.000174759694629226	0.058156730441506	0.00666224141473221	0.0659666510838674	-0.00617497665382307
-0.0362116270490801	0.13307670619154	-0.10459276355082	0.0339821310895695	-0.00755371635195331
0.0182204274479018	-0.0481442366765262	0.0902571433665671	-0.0500307516833609	-0.00528136272219472
-0.0209112913845331	-0.00604681208404774	0.158224050907158	-0.0811170022031169	-0.00577665756102885
0.027892963234559	0.00769238294129183	-0.183699754035541	0.0535724164057532	-0.00875344330002795
0.0847499452803532	0.0754452327803551	0.244714302211627	-0.0486146075928515	-0.00519821236815996
-0.0200031576484942	-0.0924261490564857	0.0101278769975959	-0.0797198639530378	-0.00544367979415707
-0.003018774369536	-0.00693361745804321	-0.0449743755572606	-0.0536116800387672	-0.00671597811681673
0.0168186621024167	-0.00795489233162737	-0.0280713300394247	-0.0825939117564743	-0.00879593770170255
-0.0306836370487086	-0.0575133025132261	-0.0341432087984301	-0.096504853346741	-0.00462392053458537
0.000481418742258741	-0.0662650298800127	-0.0921634812616315	-0.0629280669711783	-0.00635657243078394
-0.0364627062146381	0.0416975831615008	-0.071723841242991	0.0458686528391982	-0.00816880028035496
0.0743397537237466	-0.05962370153939	0.106821025681947	-0.0651353076960991	0.0274741014371975
-0.00352256526935058	-0.0520123059065825	0.00888884257985098	-0.0902707541267253	0.0093821869005168
-0.0343695413663183	-0.00669249947763126	-0.0263594250423802	-0.0926929198118888	-0.00670558729710178
0.00739144531236148	0.0551134490669563	-0.0277807410085425	-0.0922926645315089	-0.00763374913005311
0.0220608020970383	0.110512988383903	-0.114180368707515	-0.084839554810912	-0.00609009060205651
-0.0345648726616848	-0.0256296473495872	-0.209127633984988	-0.0254092500340976	-0.00735620198843653
-0.0363034508693216	-0.0649687681533574	-0.105981393447575	-0.0131859855077584	-0.00838852143494737
-0.0226906870873653	-0.0196733483637958	-0.205483616873543	-0.0471630664194053	-0.00510763364597367
-0.0315971739365051	0.0158750249866488	-0.169838436641297	-0.0822535999706225	-0.0092124772326849
-0.0322950135654357	-0.020789479349577	-0.0665500734121935	-0.0251731005684903	-0.00565624497571576
-0.0023498205837902	0.046562561806249	0.126975415918636	-0.0187406748356762	0.0217517534535991
0.00480706422146939	0.0271462819512109	-0.0462473814847363	-0.0664924872383861	0.0304167610037081
0.0373301628089801	-0.0631188410467137	-0.0916520375588816	0.00266276068192823	-0.008279121536949
0.0416316014955925	-0.0717202343100191	0.0515813277263142	0.142892428111168	0.0197972068242794
-0.0216525511861393	-0.0699430878256587	0.0656639548218834	0.173575962414059	-0.00567910123993609
0.00916906635396333	0.00597973019601535	-0.116960526672719	-0.0786078826507462	-0.00789843792832231
-0.0223479577083892	-0.0945758068730576	-0.16050001190719	-0.083544931773301	-0.00524906775534551
-0.0241200609099163	0.0407733136312112	-0.0884517061374408	-0.0959680635284023	-0.0080880780157494
-0.0268505122403043	0.0254884722572619	-0.0274333385526574	0.0249302692361741	-0.00632251306397077
0.00843975311347574	-0.0567007045331798	-0.10853277038248	0.00463547678440443	-0.00533195114516755
-0.0286114387325294	0.17317829974504	-0.130020012617835	0.110410124017353	-0.0090401014464305
0.0711478375446286	-0.00225423256314415	0.0880510739804947	0.106659259427843	-0.00684788811993916
-0.0203608651986811	0.132793247482186	-0.0557500377273173	0.135862203216454	-0.00667962745265238
-0.0343608185235019	-0.013123580222315	0.0887010129789452	-0.0113929232584563	-0.00487269005545729
0.0519534156695965	-0.0204854409633031	-0.137702881024639	-0.04740176547719	-0.00506317441065903
-0.0260005964449883	0.0228671554466577	0.0827284798799885	0.223561094990001	-0.00719110352026025
-0.00133804178615039	0.0254523576549018	0.0281889840656934	-0.0447370342874176	-0.00798554736778923
0.00623200487061963	0.0591183409227906	0.0436976400157828	0.133145169348759	-0.00614887750521747
-0.0319947491171011	-0.0449359924358664	-0.122000067301518	0.0421991346183789	0.0187345425170813
0.00564765357947509	0.0138605153331135	-0.0669058159191655	0.0116315786742124	-0.0057105928016325
-0.0217866083116801	-0.0920945749052868	0.181599241345834	-0.00974604019840944	-0.00619814216082878
-0.0296259945604839	-0.0466168949692517	-0.14766736618045	0.160667661024226	-0.0061974635653262
-0.0337312564269026	0.187795637973945	-0.283355292066561	-0.0977579173452263	-0.00616713213532346
0.0171071831994609	-0.0814144240900371	0.0276333299012728	0.0275873073731233	-0.00561514681785794
0.0162765858905791	-0.0133731811928896	-0.0199858212133201	-0.0494727247907107	-0.00654950595895765
-0.034186028970942	-0.00311930876087697	-0.0183431828819504	-0.0966336927352858	-0.00822216321333809
-0.00804801424874353	-0.0419754257645227	-0.025065255671639	0.0380890232359413	-0.004545216835726
-0.0284771318404141	-0.0969209329723592	0.02228639323652	0.127250024552033	-0.00777437561429616
0.0123846954258121	0.0334298108554967	-0.0301952134825709	-0.0265164950733507	0.0393658132684905
0.00962747254341269	-0.0292404532389614	-0.155146337844367	-0.0197301776228371	0.0588569212176627
-0.0332692079138248	0.01224059453918	0.0975399824928396	-0.0989544368794792	-0.00437812097658721
0.061805254558238	-0.0949574537994845	-0.131388207798516	0.170573299027565	0.0249867336408437
0.0143392732410457	-0.0591921011886004	-0.0934258186893584	0.00607201206574458	-0.0096382323007956
-0.0326596810838422	0.165403455515584	0.126837828240836	-0.0577353998499963	-0.00564383171805758
-0.0323107122257944	-0.0976638028501487	0.0697814892518561	-0.099834311798119	-0.00484254583762603
0.0800983336785988	-0.105535597596865	-0.075987084670289	0.040571818425949	-0.011500021756827
-0.0329627014538157	0.0215310840591237	-0.158762791192444	-0.108676093312411	-0.00529077993218838
-0.026275122506296	-0.00491465097311917	-0.0282964069804112	-0.0365070630990726	-0.00689005157714381
0.0178900610862525	-0.0506388541184351	-0.138690457036931	-0.0328018293144995	-0.00605018553471024
0.0683091937055722	-0.0706011538602903	0.155156845812512	-0.0782065692043785	-0.00598623175691426
-0.0284436996549435	-0.0545505268152308	0.0628472539334957	-0.0841780678239024	0.0184290176049951
-0.032568697360843	0.0118965169872967	-0.208051504360206	-0.0986691629820623	0.024640020642716
0.0025524634564204	0.0420428064691633	-0.140289539919685	-0.0518335262534877	-0.00823674930355647
-0.0121047349896757	0.0194763998019234	0.0941642349672203	-0.0756161597858546	-0.0107803167628844
-0.0246814377334187	-0.0942201988005244	-0.216076835404442	-0.0903970096942505	-0.00645365154216505
0.0282135855362465	-0.0147321673053796	-0.0829763886669796	-0.0681993838398635	-0.00579689494033789
0.0621200614395361	-0.0450098368289391	-0.0401034774274667	0.113210718813183	-0.00664380483634406
0.0398405597319155	0.00482101029430231	0.0274519644320518	-0.0609962990271555	-0.00837429364152568
-0.030431813310835	-0.0973335956287747	-0.129333813304704	0.0627662881211324	-0.00499101848796766
-0.0393166114806071	-0.0059743294720511	-0.0763473711656853	-0.0649890592237785	0.0114125601862592
-0.033527771619538	-0.0445779555797683	-0.0428262935640319	-0.104862368743003	-0.00395942291277822
-0.0311939693302575	-0.0963242954256275	0.413871085033803	-0.102302324203861	-0.00574808432941102
-0.0304823939803872	-0.0121368535217836	0.111843475624012	-0.0246416991629142	-0.0101111209603215
0.104729420432506	0.0367129378995558	-0.0971073789548394	-0.0271302591378501	-0.00600850002466
-0.0310534335594823	-0.0979250004535954	-0.0533371250000439	-0.0771164378099661	0.0150161991955048
-0.00764537725701155	0.0275997099150052	-0.0646253071363319	-0.0382101629288115	-0.0051740094098758
-0.0324873014230525	0.0321322830685167	-0.075261171510309	-0.0434108888905641	-0.00601697016201808
-0.013500766337726	0.0122853781900238	-0.00645243598291452	-0.0362028241509159	-0.00683509337564322
-0.0276035360159888	0.309807613427008	0.0782539939376299	0.0979053394311674	-0.00808023121809291
-0.0346003700677534	-0.0995852843330179	-0.0982634365244343	-0.0353069584293152	-0.00667470875423845
-0.0270466000864365	-0.0217019309867976	-0.0686028798445133	-0.0940353653399118	-0.0068214774302203
0.0599972053518279	-0.0392450899916236	-0.0655340991371684	0.0592318947249755	-0.00530518252116487
0.00699250359116473	-0.0216411391909637	0.0848598666402085	0.181043972421947	-0.00588174370982491
-0.0247082244849103	-0.0927894820619469	0.0100282124253028	0.414248711308732	-0.00673952882209318
-0.02503427760877	0.0276092480606126	0.102106497161381	-0.0124520134605826	-0.00792665040483972
-0.0298342189232627	0.0792736490677333	-0.00418913010342403	-0.0564280673114395	0.00549306764165869
-0.0131989054333372	0.0195294352942641	0.119087089009545	0.180646593179715	-0.00473625069661518
-0.00592311341020339	-2.06380690722766e-05	-0.03427048468229	0.053558683157686	0.00210638358715695
0.0281336336916878	0.0106553525555172	-0.125496804698229	-0.0959590753087537	-0.00628563997042558
-0.0237116573605523	-0.0910397824312754	0.0916946671788374	-0.0980032599537155	-0.00924032237625406
-0.0108140489447344	-0.0160678457561235	0.148213872605933	-0.0783544933641409	0.01533028335495
-0.00476657880357458	-0.0135617701646293	-0.0700369349833039	-0.0488463389337937	-0.00627254168453272
-0.00708947748686488	0.132494377885023	-0.167354416094956	-0.0413305715957242	-0.00603454319273801
-0.0306741849050874	0.0198299077508885	-0.110605183094319	0.0260526378038755	0.0566068290356717
-0.0258821249377351	0.000371459286695978	0.112776323971495	0.00400388279685273	-0.00693646649584194
-0.0303982838956199	-0.0150622063816088	0.0908263230484819	0.0969861333023426	-0.00517335869940513
-0.0263447561682843	0.0238797814854094	0.0244345522024379	-0.049504771940996	-0.00756794687591789
-0.0293058937851275	-0.0997634720637949	0.199723192199646	0.138980001082631	-0.00804236891277431
0.0141452564779163	0.120954295182536	-0.0665933422848605	-0.0539606625659624	-0.00726946719919747
-0.0321104811678902	0.151453472057483	0.0653111003726359	-0.0675530869195279	0.00800936308743204
-0.00952631234677893	0.0543301310455615	-0.0427085631696557	-0.0098862458097291	-0.0090074959942769
-0.033684989032825	-0.100655524776318	-0.127736472875548	-0.0932258676833452	-0.00629105650768001
-0.022935658120807	0.0320202151498783	0.0362006869896237	-0.074376920362184	0.00660453612487159
-0.00319419731203334	-0.00388243324502325	0.021960604976641	-0.0777499559121105	0.0263575555160901
0.0112752346810205	0.00112569277638163	-0.10622952821651	0.097283268294725	-0.0100313944824291
-0.0380724437044261	-0.0237527973082705	0.0800796746711727	-0.0398028917430294	-0.00835345785033795
0.00996836072125499	0.0465110753986827	-0.0144724213019543	-0.0731667630159053	0.0383131732366636
-0.0310843844256493	0.0792514194949927	-0.10630763548842	-0.0599910519749697	-0.00598736115247925
-0.0340272516284908	0.0212128439850985	0.0657437453495686	-0.048396723066996	-0.00621968819121397
-0.0304297464436694	-0.0199016443125293	-0.00857260147085244	-0.101520711075388	-0.00366921935628751
0.0277929779839804	0.0376343939980781	0.0749206587294703	-0.0663549191080553	-0.00662088791564858
0.0705083639154628	0.0729674899346346	-0.0406767328661888	-0.0375420761955137	-0.00922986217614139
-0.0330706124709512	-0.0266842950829781	-0.0197883887109905	-0.0391694182066878	0.0130242787837105
-0.0350409691869598	0.017878393596036	-0.0377801260383785	-0.0732077594282645	0.00502280692099531
-0.0311302371163938	-0.00299113892658828	0.02035147519114	0.00446989509507418	-0.0059210744789421
0.0340521872953078	0.0480264291279117	-0.108745580226995	-0.070120887359158	-0.0101266937697555
-0.0298433084517385	0.058308960610068	-0.0717097884629683	-0.0854688938874894	0.0210739248378705
0.0139276577620708	0.0415285551673558	0.263234978655203	0.0600517305430436	0.0922801238060247
0.0354776200991653	0.0809549497763306	-0.0542870542536736	0.206557177942918	-0.00701811235212908
-0.0256568759307113	-0.0889362414422987	-0.206148513579482	-0.0288538802172489	-0.0133388766604558
0.00299574965581644	-0.0330678277320545	-0.00908341215051818	-0.0108697316360342	0.0630312836018019
-0.0291438875953194	0.020193328754211	-0.105916716921522	-0.0342497890457586	-0.00777134520328943
0.0578146164604274	0.14116944462627	0.146894208574998	-0.000995396578634095	-0.0073352999520436
-0.0361377637967075	-0.102221461297396	-0.284307329105292	-0.0950536453756176	-0.00818024186295199
-0.028451707660232	0.200762721520194	-0.00895678147630689	0.0653107563529009	-0.00433479400837659
0.0306813895401658	-0.0161706688803811	-0.00475650078587708	-0.050355652782859	0.0166072920496226
-0.0389716266263561	0.118238821810602	0.120797786374314	-0.0928018920703135	-0.0086321066428566
-0.0162434413743068	0.0736209838160876	0.0237551851732621	-0.0419850548992212	0.0101599756214612
-0.0016708300281788	0.137267569199602	0.0758969947995323	-0.0263984812088063	0.0622331782954696
0.032165400616216	-0.0942388329160612	0.0616054413990268	-0.0408409833231074	-0.00589856886244175
-0.0263663585499353	0.047664141532649	0.17256289116074	0.0176609700045839	-0.00602039842115548
-0.0119591623077637	0.12510080858468	-0.0237299908083157	-0.0335048467385626	0.0111234062966242
-0.0138012725156615	-0.0398451305569834	0.00637868919035131	0.0808225322022635	-0.00739471795814467
-0.0334081387549488	-0.0974620933508541	-0.0525403016787056	-0.108851404418183	-0.00465639976379584
0.0364045968551425	-0.0624947578839366	0.163747976389172	-0.000632200782668643	-0.00640040595617363
0.0284913791436947	0.0600284564790261	0.0110966072434301	0.0587128224247207	-0.00675914449513982
-0.0327665163212749	-0.0969234125693317	-0.0527902650533573	-0.108666665698884	-0.00496247925835992
0.0571684293108237	-0.102510946373327	-0.051476892951535	-0.0743966572345398	-0.00751865100658109
-0.0288277307126725	-0.0596365549464013	-0.130117269536228	0.0059546895293996	-0.00801119617027433
-0.000116463467526336	-0.0654455487936322	0.0371259001868429	-0.0677107944375766	-0.00545707269428493
-0.00141585755465028	0.0149764408737672	-0.0323716935666951	0.149970064978002	-0.00638791080044457
0.0270229044532819	0.0747675917711845	-0.103837315724109	0.0623484827887287	0.0555733133274363
-0.0358140633056549	-0.0554675857107177	-0.0337170384833515	-0.0493862484324144	-0.0063156791441664
-0.0349231677515476	0.101464447044645	0.0293222794888251	-0.0479571010544529	-0.00424959565162094
-0.0364899791745657	0.101441103106746	-0.0476405106428424	-0.00325646691070014	-0.00863442666041465
-0.0346256256163011	0.0347567437346611	-0.0588016292484055	-0.103602850331259	-0.00561359775808391
-0.0296214884917255	-0.100325850871019	0.146804882037874	-0.0854520918108641	-0.00869047108868759
0.0169772285152287	-0.00322437688226616	-0.0136114790681927	-0.0954331041914405	-0.00980171952072668
-0.0347856744360335	-0.102968889070893	0.047623646727132	0.247497624852411	-0.00627050648854311
-0.0306394672517596	-0.102865769379486	0.0193974094884024	0.0900721150920857	-0.00890845263607724
-0.0327018774782505	-0.0974576454977856	-0.282196086727702	-0.110733278083638	-0.00378963190008531
0.0201911013966725	0.017705798632789	-0.0288670285335088	-0.0466619818647743	0.0107754882134184
-0.0277466033799744	-0.031190619505226	-0.00778419349320341	0.205298612313727	-0.00738122382313961
-0.00631013884665429	0.0488192215110481	-0.0338244142939232	-0.0534584959119224	-0.00695478255111274
-0.028491815204655	0.0689409019650111	-0.0588197457986538	-0.0582064101488771	-0.0113530930905455
0.0122712051590587	0.0019142185102445	0.0245120966020356	-0.0361392157808811	0.00521259692488707
0.100712991226493	0.0345336474688705	-0.152488930697092	0.0355688918274527	0.0622283439172262
-0.013447173085008	-0.0211933604103813	-0.0404264308323005	-0.00105588174344138	-0.00933853916761831
-0.0323000737056348	-0.00635945568992189	0.0416166893948259	0.145146480080052	-0.00741738174195479
-0.0323327044360345	0.0345270017920468	0.0181984152182571	0.0349383747596863	0.0633354273372217
0.00658292868360636	-0.0342890907463712	0.0943411472694855	-0.0571991521795369	-0.00490699217827254
-0.0282243669156532	0.212796974045156	0.0310718949040685	-0.0925387104682771	-0.00768510979241462
0.00852884060123085	0.00271555349040652	-0.0522964569934175	-0.0742580306446966	-0.00644893843329927
-0.0261435153961766	-0.0929657005379551	0.101757601360083	-0.0592431728649493	-0.00851035454516823
-0.0288094922764953	0.0340692297718439	0.0727401371135985	0.0483247488800166	-0.0096971130796963
0.0149335169373449	-0.051749211143858	0.0569293495917427	-0.0415700092350657	0.00642380129704577
0.039602451422566	-0.0521953938488879	0.102115124414903	-0.0444590748034757	-0.00790841688919488
0.0328876335160535	0.0284152911493985	-0.0123325258349597	-0.0510425956801856	-0.0076276589407342
0.104561711585491	0.0372125981668111	-0.146808563669576	0.0415590895253592	-0.00438604654753794
-0.0301674040724009	-0.0409156341750826	-0.0227883566475959	-0.0915407675115395	0.0466146237405689
0.0427135278790545	0.00233054450676636	-0.124999999419469	-0.0411655419119688	-0.00672351428439436
0.127698968338615	0.310707723687979	0.234252081664636	0.317844098749848	-0.00390467323242558
-0.032020366513964	0.00782394331784373	0.111900099705324	0.0813661630451606	-0.00595260823926728
0.0192685991982808	0.0915232222177419	0.00254928120630329	0.104678132341432	-0.00639802029962341
-0.026274191843911	0.0578453949317321	0.0325228849312505	-0.0487163228234068	-0.00631541043342379
-0.0238901262770508	-0.0935450791552429	0.156049794718757	-0.0161556453013814	-0.00610020271490486
0.0180206445621584	0.0720096209812545	0.12751481782364	0.277144076730334	-0.00553350137419009
0.0217417016725379	0.0394046380681092	-0.0262223874931135	-0.0812564602063045	0.041627412344211
0.0940368704243875	0.022593106076361	0.0522624979203829	-0.0799307419783903	-0.0102496704715225
0.0132483727841289	0.0694753785707265	0.0939388835162086	-0.0899617596095053	0.00984207683560249
0.0406782225920211	-0.0419533550991864	0.218752887856037	-0.0680576868400013	-0.00488093357568255
-0.0295544095468048	0.180469950007466	0.132345506207954	0.21129836829607	0.0351440231706463
-0.0267112350763592	0.011746211195004	0.174942917560783	0.102742684285073	0.0213479623413581
-0.0139335419738869	-0.0252395060570704	0.0709185949681696	-0.064432605422358	0.00984898874334838
-0.0161713579450094	-0.00745826333776494	0.222047243013232	-0.0481481573427983	-0.00869529036164772
-0.0057989793613811	-0.051942143516645	0.0165044593009721	-0.0442871579335171	-0.00481083129256262
-0.0322851868677226	0.0166484204597542	-0.170093052886532	-0.0448604894228607	0.025474356073582
0.0296661627866172	-0.0149839760335831	0.0646800868611666	-0.0628625235013055	-0.00622554712419377
0.0167772446421406	0.0113619348303	0.00815245442716928	0.151451137696035	0.0162738858903408
-0.0223614168479682	0.0148372628559262	0.0812643180340993	-0.0844632130303182	0.0331202906369825
-0.0366771172963594	-0.100272124274518	-0.27982485727092	-0.103725887864669	-0.00791835678205515
0.0232225531202072	-0.0917290222284032	0.181072846172752	-0.0930862965894377	-0.00658928645257627
0.0546739923280796	-0.0141314525390621	-0.0831755710307322	0.0314540804602312	-0.00808699204917265
-0.0171958052024951	-0.0356291289701191	0.0404328606148554	-0.0527147916297001	-0.00529889148544892
-0.035548519145754	-0.0224779676817626	0.0931264337651614	-0.0801549295476765	-0.00759058570335295
0.0149712859012921	0.0569880078081773	0.0193774253649313	0.000996031009673249	-0.0041355866634561
-0.0245402387238432	0.00405442347793988	-0.0905109308699002	-0.0563215209833366	-0.00644498170455177
-0.0304386985334691	-0.0967156495148935	-0.285747753790066	0.0217096038016794	-0.00504438037409769
0.0468170599163124	-0.0579628689063294	0.0355995880143763	0.141952430482744	-0.0074839680097735
-0.0281388445126422	0.0253884532533535	0.00494296559062622	-0.0342708255510049	-0.00820404133072086
-0.0298991849725695	-0.0528704692937615	0.157199317234592	-0.0437332076150808	0.0811510443057125
-0.032743356717611	-0.0533919773632456	-0.0703458302838452	0.00816979361036522	-0.00559084460006367
-0.0282226755548473	0.0520103838598145	-0.102182838768993	-0.0540769744315254	-0.00433595915056879
-0.0287396630668242	0.270251717606401	0.0489989241883873	-0.0904731532615778	-0.00893657298958645
-0.0354327076594125	-0.0144644737265765	-0.0212943303152539	-0.105027662974748	-0.00642995390820309
0.0765779586381067	-0.0425571603767807	0.210463368402345	-0.0342522049541837	-0.00569657944824051
-0.0255935301982693	0.186871805144283	0.398572205918228	0.0782634069885292	-0.00706751204049262
-0.000253709230606647	-0.010600361937764	0.0259427698078555	-0.0337437638203637	-0.00802992632052891
-0.00136516524295308	0.0601090118952159	0.023432623824877	-0.0375951580307128	-0.00424357370793134
-0.0298801502569974	-0.0598883966225058	-0.0731473905467935	0.0493455921959628	-0.00770113597597093
-0.0307460277177201	0.0294829170649424	0.184086006981668	0.0347623247882669	-0.00921630865988185
-0.00561609338808878	0.0305741378291229	0.010834624950321	-0.0399186922559036	-0.00613006043634872
0.0265816735319479	0.103004783423636	-0.0812641256891108	-0.0898417760762275	-0.00709294052216516
-0.025266255136186	0.0182499022443196	-0.113782449802768	-0.0941800317590084	-0.00763681207208044
0.0870215387527061	0.0145222608438264	0.113230016221475	-0.0759334631529863	-0.00832540405911039
-0.0281110344735472	0.146536604412049	0.0943419937696856	0.0683755579443057	-0.00643514775689556
-0.0253648258115117	-0.00932726526783785	0.0302906041906471	0.00712120892810318	-0.00890468692692644
-0.0350711793937554	0.0153394899061644	0.0349598068696195	-0.0884091201671481	-0.00720282591878061
0.14805685654133	-0.0997073894588598	-0.286256788223469	-0.098394240222374	-0.00603662479843599
-0.031369391115435	0.122392944983681	-0.0656021453322562	-0.0877417256752133	-0.00484239789606111
-0.0277524582940131	-0.0989565620542424	0.121754272416387	0.140597214603178	-0.00839592370996564
-0.0140261808996007	-0.0146892966864798	0.0324303856401967	-0.088129028602002	0.0042906418478265
-0.0101643066997619	0.0344939417849962	0.0468672910741593	-0.0595552170107465	-0.00931994096232592
0.00298387739155062	0.0357129752122265	0.0505143336565284	0.0915099640193995	-0.00667258773516889
-0.0308657705618178	-0.0302231382485233	-0.00209404402307498	-0.0327888059902618	-0.00936301184541083
-0.00311568297941534	0.05611554003837	0.00339000307184497	-0.0346345404025197	-0.00616615841875772
0.00640374295499952	0.0407964818840052	0.149795423398214	-0.0219259358135194	0.01349367024652
-0.0303342447996657	0.0522616638974943	-0.0817159126692885	0.0279826574876424	-0.00385609116771291
-0.00922970719991528	-0.0496943609368756	-0.0730775275168024	-0.0434742904976106	-0.00789797339981042
0.0383837191277051	0.0629815852001576	0.0437420616273366	-0.0457872247970641	-0.00890930248164006
-0.0286012699058023	-0.0979977436495951	-0.102123852564694	-0.0495651864927102	-0.00799857219124078
-0.00724759236737627	-0.0473351672379241	0.120321503505748	0.104482812806714	-0.0066520255274242
-0.0342077443280596	-0.0452587263491988	-0.179971516460099	0.00424234277028988	-0.00476346494316603
0.0210223258956008	0.0351797610841013	-0.0687538601890444	-0.0293753376263748	0.0381091540148163
0.0109362160136285	-0.0959998578399651	0.0551106695687122	0.0541244821985423	-0.0044240228015104
-0.0334482465984874	0.00832067118558565	-0.0374322630826129	-0.0656700663476349	-0.0109910666714654
-0.0319119456455306	-0.0332725524115797	-0.0964600553354274	-0.0979165754782337	-0.00560922427817396
-0.0159122218304095	-0.0558777563060154	0.0454983427001652	0.00714355309075843	-0.0114862651857147
0.00225273465519151	0.00307666545905899	0.0253363722879475	-0.0970092174641899	0.00835815034042253
-0.036568755374351	-0.0187784045973325	0.0747643418657475	-0.0118974516106979	-0.00765154891097055
-0.0260655307814579	-0.0143718209388935	-0.0787895689321665	-0.0867402527105602	-0.00808673294654489
0.00545538107239724	0.0719373289255979	0.0268822234575759	-0.103341004327369	-0.00450693730808179
-0.0287456361107304	0.126570555479811	0.158556592114698	-0.0445240967077361	-0.00966462106894475
0.0600679752466662	0.0770205774380964	0.0512165901005449	-0.00540647443998592	-0.0101422177171231
-0.0257874114464525	0.106769566022579	0.087830644214865	0.268431529889954	-0.00666807636698338
0.0456466803730205	0.187127399811105	-0.0578599306762139	-0.0942318266199354	-0.00696083280405497
-0.023309909690605	-0.0941304155684827	-0.277375663315073	-0.0848394060786598	-0.00697385562322463
-0.0286897116862238	-0.0975144343974707	0.0543864689147483	-0.0931535880511106	0.174345979269704
-0.00265861002000927	-0.0381409571034464	0.0109954756246663	-0.0889419745748141	0.00406864335666763
-0.0160117545195757	0.0215720714842376	0.126255619994526	-0.0781688958535706	0.0147937224547123
-0.0250576045207399	-0.0482315342004432	0.00291866800528096	-0.0496172037101203	0.0409853247163363
-0.00232759748634685	-0.0382433373381118	-0.0447877953733898	-0.0478624232017787	-0.00680204897211646
0.0206147503081585	0.0335074750050097	0.0443985853292276	-0.0100068882209742	0.00387714526629809
0.0166916356624461	-0.0527074789008837	0.00291370247886833	-0.0112787372905371	-0.00715377560019108
-0.00102836791654271	0.000651468057543281	-0.023526698274014	-0.0697470014211167	0.0022166612591566
0.0757791375852368	-0.0354833982093044	0.081185292152029	-0.0636400017979034	0.0133869602359493
0.0120016874096976	-0.0161161681999421	0.0679458828006925	0.145326013544789	0.016543194005668
-0.00795444606274916	0.000804436032330795	0.132096937463679	0.102887822205534	-0.00673562796761783
-0.00795603820783811	-0.00760117618000813	-0.0404393504788613	-0.0425223088748911	-0.00741035239152757
0.0517133679199207	-0.0426827192991709	0.0687213904476282	-0.0344476314639247	-0.00450530948389987
0.020250410358536	-0.0508908051547905	-0.0842594034248003	-0.0769554516067432	-0.0123279219987673
-0.0298162752192894	-0.0989732243991239	0.164911882683041	-0.0931675716131636	-0.00402179008574816
-0.0207230780081113	-0.0468497072028833	-0.110166719685409	-0.0481628347639134	-0.00523750574839704
0.0858621409039281	0.0139972171059614	-0.0634225233275896	-0.0166087000644942	-0.0107834885787182
-0.0359098096455917	0.0176945344202912	-0.161492391432525	-0.103095067162947	-0.00744813781367954
0.0305329704232763	-0.0963464612987648	0.0383723164308829	-0.0947586343946982	-0.00453532902274668
0.0279460419183954	-0.0418027713250988	-0.00139262680060584	-0.00269233836442899	0.020192965330361
0.0206701883465608	-0.00133932236766599	0.0169312693564171	-0.0948507689395131	-0.00595842963125531
-0.032536849315981	-0.053283895845069	0.0613369186949046	-0.0599437183952927	-0.00484882680722549
0.0129198952976596	0.048049742565017	-0.0135584399104164	-0.0536963469213867	-0.00575567299383998
-0.0331808802674556	-0.0351027032759992	0.00156706907235443	0.0257352840149945	-0.00556826323503138
0.0428039173394872	-0.104102201567923	0.0627236571669999	-0.0897270553715583	-0.00871557407732834
-0.0333368891234656	0.0319831216773369	0.0712305067943346	-0.0891204282047615	-0.00597571786855876
-0.0349804396490209	-0.100034699026616	0.301824806922289	-0.101950392834885	-0.00531562304907268
0.010713629332114	-0.0555717808135133	-0.0725896707146468	0.0453800102954565	-0.00826701954240257
0.0647318477968616	0.166301064546762	0.0550559038365208	-0.00350120241916469	-0.00619281429377995
0.0183882717382933	0.12392831331095	0.120912133341986	-0.0870717125766235	-0.00591694650003723
-0.0388588547172473	0.135682452429405	-0.0306730416078158	-0.00438742480504893	-0.00828938603630248
0.0388104109751035	0.067913840974829	-0.00574094431864202	-0.0334004488848723	-0.00422368918791797
0.030603826200184	0.0695843111199079	0.0924639196346722	-0.0519573039531178	0.0155227591242628
0.0244478394297515	0.138460433144102	0.0367612696953362	-0.0954727635803103	-0.00671475367433967
-0.0234210643812849	0.022706343952505	-0.00212942633139322	0.0148359064309502	-0.00843338844891138
0.0069948270341466	0.0949155851122785	-0.0884831463655179	0.0272802585928734	-0.00722266088455298
0.0148082264293771	0.076492935239423	0.0552952779152611	-0.0354955449586056	-0.00438212853051976
-0.0135500293645289	-0.0558794699256171	-0.0966671094324317	-0.0186901721159997	-0.00712173820205131
0.077690222829786	0.11400193915413	0.108478595274861	-0.0504656010737144	-0.00522566812987445
-0.0228971533236091	-0.0531492894375827	-0.0943483267689733	0.404243074317312	-0.00627046435877689
-0.0241468997826042	0.0231081671624906	-0.00526461291919647	-0.0866312997309358	-0.00652518502640598
-0.0269595773184109	-0.0955226500800484	0.101273494098464	-0.0963379873234724	-0.00749037666724739
-0.00281616788251778	-0.0549032399260228	0.0872107905705533	-0.060803775398884	-0.00909081960021462
-0.0305575989829002	-0.00720394471249407	-0.0317961094814506	-0.0738424887188481	0.0183588279570705
-0.0246985251147365	0.0652904514442025	0.0713134989441895	0.0358463009889908	0.0274549889831433
0.0313395562417167	-0.00221562890961253	-0.046158062827713	-0.0485111552447102	0.0102668466257649
0.0130058534883301	-0.0674817995540383	0.0901284072522408	-0.0530106516759473	-0.00720415826766267
-0.0185920685104056	-0.0257497147397887	0.00664948573530085	-0.0791005547707354	-0.00649800754332805
0.0204565877688716	0.0227967642975347	0.0316664417846406	-0.059070724168907	-0.0088698910105812
-0.0349278404246583	0.00782380034405187	0.0370117565027764	-0.00141053930685486	-0.00732019502840519
0.00418691281546963	0.0540065723926744	0.0672614370741421	-0.0931070851022622	-0.0042231678033888
-0.0271415955225891	-0.0962912398149463	-0.205000559988979	0.050618864522689	-0.00804202952732503
-0.0320777589923973	-0.0999212564925311	-0.165535800272187	-0.029598396438154	-0.00495284885711427
-0.0330220383490253	-0.0992364227569182	-0.0176459552103473	-0.101567015486384	-0.00546051738206012
-0.0269970525073007	-0.0947123229794308	-0.0778214077598116	-0.0971773534892067	-0.00840033359526346
-0.0328756696900923	-0.00687305374578275	0.0599948915201365	-0.0734825283434407	-0.00581506953684231
0.009310724579277	-0.0729663114486398	-0.0947974677341158	-0.0298367934071006	-0.00768161152201078
-0.0276922031115548	-0.0961003465231408	0.12753508432401	-0.0964912851780132	-0.00649587339724352
-0.0225239350779235	0.0242800847332443	-0.043616327646596	0.0317013483722716	-0.00591115808825177
-0.0236653086723995	-0.0192825732588753	-0.0139924659386712	-0.0559081125995971	-0.00679110055747727
-0.0303596645532577	-0.0943728995295493	-0.176369034573487	-0.0731282859499354	-0.00441345850818676
0.0052485072049136	-0.00569709576248528	-0.222834916115959	-0.094835737799954	-0.00653113201142846
0.0183891272910317	0.0390744326541034	-0.00400170952450963	-0.0640138313549457	-0.00589735553450568
-0.0305409015453859	0.0449755432699309	0.0268143753344875	-0.0612885089572457	0.00844875364827429
-0.00804371534974762	-0.0563927534985721	-0.000620399110806437	-0.0506197358191431	-0.00492880957166313
-0.0331851472877421	-0.0489730213137147	-0.0634926757400638	-0.094351037773453	-0.0083320220604238
-0.0284551045890515	-0.0404329549498101	-0.119075024839954	0.0695991969209484	-0.00712119576934317
-0.0263997259880829	0.0896031269590578	0.252477228431439	-0.0975211808613819	-0.00992348982787413
-0.0273906431558372	-0.0662249546836507	0.010360495084326	0.298099327342752	-0.00840331001877028
-0.0326416345445909	-0.0329398913625015	0.0798663137351813	0.105132191475204	0.0276329183063708
-0.0102334612616922	0.173689389378859	0.0155610078183263	-0.0265276459295321	-0.00716462304076591
0.0395295312740414	-0.0514893018091969	0.0409141584660148	-0.021261464777691	-0.00615185728249829
-0.00301780333660678	0.00894861037473487	0.036811729056675	-0.0655833312042572	-0.00551552094555265
-0.0366678120475648	0.0105550170267131	0.130788815225742	0.0885282547055668	-0.00790416391498605
0.00199226715041506	0.0608237407204443	0.16612910780617	0.0665468410510327	0.0116941969860075
-0.0133684884044138	-0.0486702907568201	0.0386451828531306	0.0407853299115437	-0.00760986287542288
0.00110534432796826	-0.0367531712969235	-0.0497376109585034	-0.0899265804829516	0.0529091922667057
-0.00468899587623277	-0.00241327177223934	-0.033915302836331	0.00172341101177297	0.0642760548162898
0.0155482572614335	-0.0134339238881771	0.0783115417810073	-0.00457078379638228	-0.0078984128620577
0.067142013808997	0.000135942586505357	-0.101708165304825	-0.00204158226300903	-0.00488022527128371
-0.0283709294677254	-0.030110814922121	0.0192948120526256	-0.0871282271323705	-0.00771131585716534
0.0376276201299206	0.0853078577112753	-0.0991978628854233	0.0364299147142372	-0.0073032684115472
0.00512288054585269	0.0404742407283217	-0.0304368526395655	-0.0503260643948049	0.048459093047303
0.0379093694652282	-0.0946556021134485	0.0112923422928753	-0.0336473303807597	-0.0063767632514009
0.0479318550007871	-0.0566829032811726	0.0334657762984693	-0.0828305988352574	-0.00528333308611237
-0.0295409159349208	0.0140133922893267	-0.0486816279995538	-0.0187806556216476	-0.0107229203551257
-0.0343509817824703	0.156292128608309	-0.0804037245665425	-0.0915827714393184	-0.0057452945835396
-0.0333067284816589	0.0978125365404052	-0.0613521398284023	0.0483144560887126	-0.00986221251483213
-0.039099685380096	0.189498214107982	0.104392176800104	-0.0521286723633054	0.0237443725072841
-0.0047296045964975	0.0397046762365635	-0.0679747452813838	-0.0221271277127153	-0.00596395609455438
-0.0278072806665457	0.0357725151647072	-0.0689003581032231	-0.0865260986636329	-0.00878879272111274
0.174267324327409	-0.0981900316237024	0.0941585757479139	-0.107404584136759	-0.00388885971248925
-0.0280271638573291	-0.0954333475337616	-0.0653832116610941	-0.0233683489064288	-0.00797557407365889
0.115534846214539	-0.0231295108421523	0.00493978573411878	-0.0169343987009518	-0.00858139476516571
-0.0214058361046219	0.180243268428369	-0.00462953361887251	-0.0883035777879985	-0.00611693894380532
-0.0292033368680512	-0.0981138147999452	-0.161576803947285	-0.0894744806875537	-0.00952195330727629
-0.0345043839880464	0.0443771163589466	0.0397786475103632	-0.0870198700888093	-0.00605336696840311
-0.0281605544595988	-0.0964616034492834	-0.0100497712082034	-0.0251062358794059	-0.00852530370723301
0.00667416899330199	-0.0349132143722767	-0.0389112115916649	-0.0801602464618611	0.00658812380126215
-0.00512445129939305	-0.0520802311535365	8.96542136770712e-06	0.280819817207534	0.0158429395481415
0.101111259846302	-0.0331650368307795	0.0201179125068144	-0.058674051691514	-0.0065242284577093
-0.0283334545729856	0.0659942207136327	0.0243884483912696	-0.0955471425312812	0.0494257394669711
0.00992944544026256	-0.0594488165082498	-0.00815946112264316	-0.0353341561041477	-0.00747453597095668
-0.0340421704143306	0.0231964159027704	0.150721081987131	-0.0403816170213146	0.0229933742708573
0.00640634833892026	-0.0948594248373324	0.00863359716856818	-0.0955685939855502	-0.00576219755812106
-0.0328777932553322	0.0406471207954301	0.0509883763623854	-0.102570561596157	-0.00496586130873214
-0.00252565813388441	0.0228829667514446	-0.0761721705913887	0.089164820838737	0.0256277922505203
-0.0340175469999406	0.0132746698117628	-0.17803485506104	-0.0808637360027805	-0.00697584970479796
-0.0341392619642157	0.235670236660898	0.117139830232793	-0.0968876971383067	-0.00635805242917722
-0.0260963114723244	-0.0934017409833623	-0.273888794531092	-0.10131319719554	-0.00601392147175405
-0.0332429584604788	0.0885498903739842	-0.123783859154549	-0.0735193601422003	-0.00445393353338113
0.0281801023889975	-0.0424703456947475	-0.0142897226279927	-0.0376223116644553	-0.00657357716565384
-0.0271748574915314	0.0354561399235799	-0.0854360590876255	-0.0280598588270161	-0.00777228480105513
0.0262501910517442	0.0592226398985554	0.0512565021274886	-0.0452181685164121	-0.00697480133516639
0.082712605471456	-0.098508786813879	-0.0269500696639605	-0.0308329062724289	-0.00782946117749196
-0.0197414503489116	-0.0250945343093187	0.0532071032972445	-0.0386743030855709	-0.00840890735467884
-0.0100897256531269	-0.0352386273943993	-0.035768539871382	-0.0944173329073172	-0.00472709144117603
-0.0229419109944523	-0.0727855956420129	0.0116584512288396	-0.088187432867534	-0.0065516183248441
-0.0331786006257747	0.0728840227338442	-0.0380974993809315	-0.0718912141629898	-0.00445457451954426
0.0353965398355182	0.0272709809307708	0.18492352018321	-0.0905447933317976	-0.00641232062612853
-0.0313336677697238	-0.0972695339460165	-0.0261218068008132	-0.00809397520449081	0.0180039299242111
-0.0334846077500134	-0.0410118402922596	-0.224923576933217	0.108826564171205	-0.00582811890019328
0.00935632154316094	-0.00665680306041021	-0.0797853493945063	-0.0238663393804324	0.0158698954866386
-0.030494979696603	0.0575759841856192	0.000527342758684271	0.142298970302155	-0.00517265063969604
0.000290439450704658	-0.0171342373329576	0.0126753870161174	-0.0507519742520416	-0.00805056417235914
-0.027000776067765	0.0990093529678729	0.0580876539985699	-0.0470960276064365	-0.00809561854444823
-0.0173314698610212	0.0563044952886853	-0.0258630397639659	0.0440741186654893	-0.00868221546761695
0.0262764483696448	0.0963089625498358	-0.231880862780262	-0.0890537561676581	-0.00628967232785889
-0.0290108421300731	-0.0983513089320702	0.000948216512753446	-0.0878226431843989	-0.00345545059666485
0.0390713522037166	-0.0514043976549885	-0.0344955466026457	-0.0660385282318899	-0.00637732821016302
-0.0277662612292338	0.0924447270939633	-0.191176980252092	-0.0757337486138239	-0.00630890575333196
0.0682661848452264	-0.000452177100946552	0.0572360361617298	0.000386545229439703	0.0876974379673036
0.057492803135333	0.154782081023087	-0.294871131615537	0.0143542637108712	-0.00820410878751127
0.122256650603642	-0.0956340900762068	-0.033569803993548	-0.0542119313207551	-0.00610740368630327
0.0738792797242027	0.104545137883621	-0.120870817883652	-0.104989399541141	0.0494121578225747
-0.00663709408697375	0.00676070342542497	0.153277711283788	-0.0109931622241163	-0.00692721516327199
0.0155487824513096	-0.0225323192525449	0.0418663487381653	-0.0928580148535829	-0.0100374416861028
-0.0261165408332125	-0.0122899795085791	-0.0855117438032213	0.035854987466482	-0.0068396694418285
-0.0280222276339173	-0.0925788925746837	0.102292355041852	-0.102150527870486	-0.00621620225213582
-0.0303608423162718	-0.0235795885662821	0.150837489105451	-0.0209104500685696	-0.00959734720883484
-0.0277469453237119	0.0667947288767543	-0.142829682574149	-0.0668583053568008	-0.00599844184756238
-0.0343672837572457	0.0325531786226582	0.114659020264608	-0.0936487900526315	0.0650898909288466
-0.0300535310604778	-0.0362928121260791	-0.0573292824637826	0.0208058709486088	-0.00500921898455778
0.014587396085626	-0.0155750924791984	0.0637881336233421	-0.0502877529564875	-0.00917207268063449
-0.0340666722634332	0.0347990696860122	-0.153033439363031	-0.100663874684016	-0.00578673643816145
0.0689736625039337	-0.00019097017088035	0.0662235238248702	-0.037404435258317	-0.00858199730129217
-0.0212380673124323	-0.0924483951766259	-0.0812934311246663	-0.0853026216587804	-0.00570870674017789
-0.0354902720316676	-0.0992891966905097	-0.277816316684945	-0.104463723294788	-0.00682006131546291
-0.0189287090032715	0.0656960578004556	-0.0122978698450932	-0.0832074893636476	-0.00703720712956372
-0.0265296013056954	0.191532986287666	0.00528908930268235	-0.052254937296614	-0.00763382435393837
0.020742123816441	0.05232868349887	-0.0677982310542857	0.098472754431757	-0.0042453696738612
-0.0362156201838389	-0.0327360939143547	-0.0595452437132293	0.162066614525706	-0.00696978124943032
0.0564843685146006	0.00299682771854563	-0.0186318864699961	-0.024481329625648	-0.00534205713970247
0.0223515462419393	0.0764211520860971	-0.0879262098483736	-0.0502664077318981	-0.00458497001796579
-0.0315350265718151	0.0247271645683085	-0.0697906797756509	0.0150788140003293	0.0350434551357904
0.00746339267347995	0.0119660232023491	0.0151835632950716	-0.0372038108578502	-0.00656424104514388
-0.0261295454735679	-0.0592647507591093	-0.00861732673302096	-0.0309385459696734	0.0243613121297723
-0.0336758002254027	-0.0457651144382289	0.0017797711891296	-0.071295707162087	0.0214223331252632
0.0109884176017381	0.014920690907144	-0.0215328749271789	-0.0524903702337689	0.0109135175652883
0.00373812071901804	0.01435383134639	-0.142255556155078	-0.0914216502322268	-0.00666152714072265
0.0085264519342142	0.0583079458092583	0.00940267993249036	-0.0098586227453288	0.0356335979266778
0.0272048573162492	-0.041464724689543	-0.051301999369717	-0.0867319952522531	-0.0086777235058282
0.0812012580415708	0.0154456661575155	0.0225009398528628	-0.0719207260036659	-0.00392023102644648
-0.0331772232468025	0.00963697890802189	0.06291894031371	0.0585831521525497	-0.00686653777819482
-0.0339813592315121	0.106108845987273	-0.0795381455944943	-0.0607303354523272	-0.00439982082954712
-0.0342346486834921	-0.0648588699648819	-0.177154113810897	-0.0956902989064471	-0.00697733738948145
0.0486505357479206	0.0245576802664744	-0.0822731938222373	-0.107828553739649	0.0353681705897506
0.0196372392983329	0.0696635279014707	-0.0250171187536689	0.203039668828898	-0.0107195001715187
-0.0346713251413357	0.106814640148915	-0.035156693693472	0.131572987876658	-0.00573048155104466
-0.0336302974481965	-0.0307842008922158	0.213139035419125	0.036362840380307	-0.00534188294171414
0.078684274515395	0.106887667064382	0.167840498493749	-0.1026290698091	-0.00684121278428592
-0.036002871854962	0.051425903094588	-0.0411048592101532	0.0582758069088525	-0.00695754161135631
0.0075223719463259	-0.0630340470990373	-0.00609221581517927	-0.0513427818645358	-0.00782388770596322
0.00486139681550297	-0.0128010041965213	-0.12494435906203	0.101605816426454	-0.00521010544517961
0.0176558328869477	-0.0311605836607568	0.0519913309427789	-0.0416067448930728	-0.00674434895574689
0.0124939875940079	0.0155637607242902	0.0654029028988347	0.133076344537103	0.00298470843968741
-0.0366422091340613	-0.0236386218365046	0.0508058426583119	-0.0590136943812662	-0.00788333976853353
-0.0324892172801754	-0.00341595662370893	-0.0981378758291689	0.0805241265885059	-0.00468646560474765
0.0136929389433491	0.151586143179594	0.0263866317067914	0.0242760013831672	-0.00831149537063661
0.0026527649940952	0.0667007007626663	0.0212838538643053	-0.0662664430963703	-0.00464574914897893
-0.032703953200741	-0.0996617160918807	0.118650845223592	-0.097308051202125	-0.00605901894861852
-0.035087939765471	0.0133611142518031	-0.00130865509692627	0.139762240289905	-0.00595532918131105
-0.0193713359807821	-0.0263324961450682	-0.0783537518669131	0.084496827076117	0.010299499919191
-0.031034731287914	-0.0523315634372453	-0.00646650935655782	-0.0127853625669605	-0.00447604156690929
-0.0238658302757442	0.244415732742599	-0.275803178775637	0.00294436220491176	-0.00833276967301786
0.0419980267676358	-0.0601388424466556	0.0128815236592028	-0.0629848220219718	-0.00572603099292441
0.0373263753448438	0.0241265493458115	0.0400544362888044	-0.0311732307340503	-0.00485721104359437
0.0425170779865499	0.108342651129787	-0.146311662693321	0.233930915012181	0.0683197647067326
-0.0265501626967798	-0.0953132044007297	-0.0151953805860038	0.144480603389471	-0.00787746732012529
-0.0247612874268811	-0.0961001570899238	0.0483193174290335	-0.0871605613188588	0.0565675190394219
0.028904223575781	0.018595997640731	0.0342876082525664	0.0257056675424589	-0.0044438440714463
-0.0365051858648276	-0.103636052013031	0.0196442031426927	-0.0892753068411032	-0.00768841925886263
-0.0350128237532457	0.0521511253135886	-0.0671749169950181	0.130564380133722	-0.00483400872252096
-0.00565928027735125	0.00453818854886504	-0.0683663162562885	-0.030108494541656	-0.00411147020788921
0.0361778047362254	-0.095014207423929	0.165237095815891	-0.0263461924290128	-0.00650069203655022
0.0251860463992258	-0.00900867558106562	-0.083843461745212	-0.0326871522687925	-0.00645315548028139
-0.0207156654522295	0.0473325550740441	0.0190106637871495	-0.0271416489497939	-0.00789231497662547
-0.0282351737624247	-0.0314427211094374	0.06209305288526	0.0280940159626992	-0.00785746521543351
0.0678326226955807	-0.0956394334071801	-0.0984033920720436	0.0447782677394563	-0.00503718841082896
-0.0232214565141149	-0.014999220289125	-0.029333036368051	-0.00293410058862215	-0.00728416023060769
-0.0358318903331568	0.0777923883589068	0.0176232109693737	-0.0878432885537384	-0.00780280254620752
-0.0248706959662454	0.085357660476072	-0.146317497886386	0.0754855265191827	-0.00620946411150081
-0.0246999542656555	-0.0342538851579967	0.0193782868587156	-0.0811613108832394	0.0242128589413282
-0.00496319648076492	-0.0573315795079279	-0.0859982642684118	0.104632439867775	-0.00431538395916125
-0.033560205693624	-0.0119171989225697	0.0201448506216777	0.0232891392308471	-0.00382676370545184
-0.00833706572197664	-0.0489598781332631	-0.0313169058718637	-0.0120128143013379	0.0137173261620677
0.0172082452057568	-0.0650455340382435	0.0522845681639321	-0.0400334044547715	0.00714016623947468
0.00487175524425062	-0.0624850081347447	-0.176109567918437	0.0614776666166941	-0.00887195485105456
-0.0344853402201711	-0.0989195327482095	0.148589215112289	0.139347028695547	-0.0047568212338496
0.000281150370216171	-0.0649033026840568	-0.101154869551725	0.0226455307455741	-0.00596448623145167
-2.18086403623307e-05	0.00614715335146994	-0.0456024847623815	-0.00240711552737822	-0.00664326494971145
-0.0252522087149899	-0.0497151066462819	0.0316561084142098	-0.0849372006351544	-0.0041569335984925
0.0266230061148947	-0.0585891767625087	0.0175480506806247	0.0203614954968896	-0.00528975690552552
