APOBEC3A	ARSA	BCR	DDT	FAM118A
0.156280358026123	0.0411816540320002	-0.0285353774994082	-0.107909190699684	0.0246229569874309
-0.119986174855462	-0.091683201571516	-0.0253778711773904	-0.0293828253227108	-0.139274532660063
-0.410825896016683	-0.0693866071869022	-0.0256894772216339	0.00398090307797913	0.0817933787007708
-0.231696097752602	-0.00746390823090746	-0.0254874668564448	-0.142459610624631	-0.0391850723619926
-0.349228696054084	-0.0968651727311665	-0.0323811089165389	0.544305100058454	-0.116437477183414
-0.440285138836746	-0.0946815854986196	-0.0240423547207438	0.0972328442276032	-0.117720787648602
0.267280885085062	0.622463005951804	-0.0226985490029622	0.397649240681256	-0.126995908043488
0.0588555452952266	0.17561103477046	-0.029078042547582	-0.285339028965792	-0.043191711950312
0.301837961379111	0.16995994915154	-0.0272836142551549	0.339821631033325	0.360181893223931
-0.0123750041955579	-0.102765698487767	-0.0260616788354906	-0.0981425654112343	0.274857059729843
0.240031336318243	0.0829341580993586	-0.0335908515919203	-0.182209708934504	-0.12006355013157
0.690124673556169	-0.0299437400841319	-0.0245639519127716	-0.104204540731828	0.0178267933120806
0.250708431097966	0.0237038822988654	-0.0220958949942178	-0.202201225228667	-0.107732760062693
-0.126445936504375	0.187248815785176	-0.0243453518864195	-0.0468758959716007	-0.141380725227277
0.0179499349673948	-0.109525594795889	-0.0289325294952198	0.1789974154893	0.274614266350842
-0.224497001403172	-0.0641349977612725	-0.0268492687236563	-0.136154922712148	-0.0989385635935213
-0.415244054257246	-0.0845997735362744	-0.024626438037436	-0.311237627432982	0.56705754808929
0.0565965924514754	-0.0742074288434737	0.265654732739832	-0.000418309084704166	-0.116075523961374
-0.393072292687615	-0.105272856251005	-0.0279102757662051	0.308668584224009	0.310103009266458
0.995508687686852	-0.0802405369982031	-0.0269374130809363	0.341159784725868	-0.130166800973488
0.439267830723824	-0.110750654794858	-0.0267470237686782	-0.330745570596789	0.579301706264375
-0.055439422609709	-0.0732883019494723	-0.0243945038972301	0.147822219466532	-0.0269234719509431
-0.0210584389212006	0.0899529299892987	0.0124157721196882	-0.0616328272282852	0.0184525348945624
-0.177305249893039	0.012115219081439	0.0703290733323574	-0.18506211935413	0.0246354674332627
0.0526014325688652	0.098641787564769	-0.0234641414638206	-0.0743332211303396	0.0553090808506756
-0.0862848443356712	-0.0446482038131109	0.0160526870342008	0.00648791028917856	0.170772932235998
0.19706409338367	-0.0762773126630273	-0.0215101868486482	-0.299619087508369	0.287799659799315
-0.367365958016034	0.0645828996744844	-0.0307432872601185	0.157032023889897	-0.120897456592201
0.179184858386755	0.0749902325952543	0.0293713352336857	-0.0556124218760665	0.0378754176696807
-0.32457505453917	0.0912709041902777	-0.0365945988013102	-0.389852383724088	-0.115077912462732
-0.226995655657603	-0.0843541394464985	-0.0220383624153263	0.107984063341677	0.110361260659475
0.30812070090137	-0.0959917152386688	-0.020983438206102	-0.310747697949029	-0.103633199019057
-0.0932059980653387	0.143846399335316	-0.0231773620298424	-0.186147402061959	0.0390190665817475
0.390983996936571	-0.0903502888059789	-0.0234054505620885	-0.326106658779051	0.284342685152832
-0.108476018518692	0.120590891486516	-0.0350029160395213	-0.142134814893889	-0.116776210494191
0.0252463767948634	0.142073973323527	0.0537421147986471	-0.20073440867349	-0.0346550607835619
0.129417159277375	-0.0294141238379505	0.033809760805274	0.122623788115143	0.121895063384622
-0.0350947193853761	0.125134949916322	-0.0204938586077879	-0.112811333477385	-0.113999197824557
-0.171936079846683	-0.0194618861736145	0.0135870933895252	-0.235713682260911	0.1999908841908
-0.161882827265615	-0.105932818537124	-0.026214103724895	0.105280545058044	-0.0806675481896489
0.174180883672077	0.0751561933317117	0.0145620416469846	0.076361093591981	0.361682820054985
-0.170359663560435	0.0202934719389151	0.033506484784538	-0.000326072489115651	0.278994312041744
-0.166828941756139	0.075413347133588	-0.0275147099004069	0.146714926750058	-0.106313137424223
-0.269502728586252	-0.00788025637759261	0.0761079549319965	0.0208438594628153	0.156642034580387
-0.22869279021214	-0.0686312050860723	0.0168799692339924	-0.0279295178923402	0.166016929462526
0.0305960852503088	0.0683175979327692	-0.0252301977818617	-0.159518954105556	-0.0161686731029737
0.548167094465178	-0.100009489280662	-0.0265142395704997	0.14585381914096	0.052527148875116
0.459460222527926	0.0423850646289083	-0.0309398154320171	0.00388179025114923	0.124624015147232
0.529575128784681	0.0298049525932714	-0.0270392663004858	-0.147267876268132	0.0695908639291356
0.00594386987299703	0.112646894152067	-0.0252212364616929	-0.0663252516366108	-0.145963406272427
0.508007295660493	-0.00371802830450984	-0.023683608169734	-0.0947375834142592	0.0141311580801918
-0.158612663992275	0.010728946332136	-0.0311784846256696	0.214282148051028	0.170395046263758
0.256966401854381	0.0985524359068979	-0.0282508377710891	-0.24320059789748	0.126333989358355
0.120912729734501	-0.0711571216583319	-0.0220933491693363	0.270863440179976	0.374982712831531
-0.136557158611549	-0.0933118837621208	-0.023185907031704	-0.0296725375095492	0.244340212597468
-0.115994748148108	-0.0879775352222007	-0.0244087817987259	-0.30909498235005	-0.126037805735869
0.325551552286439	-0.0755683423703222	-0.0304604657396132	-0.338988409531848	-0.117713931401795
-0.24296635654852	-0.0357672733700411	0.0938866098007249	0.118824902889106	0.505598059329757
-0.00327985738973622	0.188881651062584	-0.0310571831031826	0.139229575560308	0.104997794438459
0.436928970906971	0.0288401669519794	0.00603658083838805	0.0264881003290689	-0.0715635918419297
0.50236432232065	0.0754815853201627	0.0251040428293239	-0.0858951882854163	0.144294401391648
-0.283854101012551	-0.0827866479312042	-0.0280015603302538	0.0681766900746075	-0.0141164782525769
-0.00647174809716096	-0.00268766926570961	0.0283745821264233	-0.0477224693224316	0.0781224891385898
0.271377679803112	-0.0998470771484291	0.121426920050524	-0.0876119601186376	0.0484142069032617
-0.111769457728144	0.0655781566877701	0.0162130636471711	0.231084342411757	0.315043497506803
0.116865776940367	0.176185932400674	-0.026960592900251	-0.0530727641062146	-0.139126523976422
0.455016984732002	-0.0951568560547605	-0.0228157478368393	0.00763667185427879	-0.0492178526923699
-0.00996291550786474	-0.0951809376504093	-0.0258145112921464	-0.310259460751568	-0.131218622934527
0.132651147172494	0.115920898459721	-0.0241193294500513	0.0695714547991988	-0.102917458245928
-0.128346249807323	-0.0975505601725667	0.190988745836332	0.0364007025460456	-0.127556799907843
-0.02201158464969	-0.0986107534367685	-0.0229915879997003	0.0741246129248502	-0.143626573642992
0.156899958119663	0.0698119969589703	0.0379465196555698	-0.0360867508436837	0.309265640649049
-0.13560139149955	-0.0117481451548573	-0.0241496537921848	0.376734878023381	0.756127159863737
0.165888948919406	0.0845970537150744	0.00156694891677427	-0.0389105396582977	-0.046144988084968
-0.221365007520158	-0.100952921115577	-0.0251440370370224	-0.186141529604669	0.0131487130381934
-0.245240986837376	-0.00870781788930287	0.0402619608410943	0.0622275941511147	0.248988853763333
0.466179123353401	-0.062457403453918	-0.0275811056714404	-0.0441412418860336	0.169014592331514
-0.172943536577188	-0.0201806373553344	-0.0269196796831624	-0.171367466856057	0.0886720042542157
0.0761167733764203	-0.102216899511176	0.0997845320442219	0.0379566589665503	-0.0498316806340844
0.136777870053615	0.128990633561308	0.0637350796181145	0.0686288456537071	0.390298748467277
-0.0536577932679137	-0.0481553237190144	0.0433773860456538	-0.187161632061187	-0.112626127387684
0.0335202091703814	-0.0252484265156378	-0.0257774990578521	0.0806020989207994	0.103372367847726
1.19062803864614	-0.105647601843625	-0.0260598196508488	0.375248430288199	0.563059578165833
-0.111208336073173	-0.101977460939721	-0.0321514863122443	0.118276191124914	0.144222349290658
0.055889540868446	0.0513609353311517	-0.00222756466553394	0.00910219874951594	-0.0466784232902321
-0.149774893768869	0.0352889076404861	-0.0254626341747205	0.0262366879835503	0.00239814389512403
-0.150570345501634	-0.0579685735059429	0.0393115560338062	-0.144140428450181	0.226411608317422
-0.0822869140305368	0.037182481204005	0.0734022569807332	0.0821930837289874	0.25628052024361
-0.0351508196426785	0.062219870267901	0.00543114002220868	0.129481022261461	0.00249627821226147
-0.204430575843712	0.0934534115920204	-0.0240476610257294	-0.0671061280926463	-0.0370177845410825
-0.251248113790945	0.139381817662285	0.0260264697618941	-0.216530634767558	0.0276524083164896
0.282541748514024	0.0150365672576588	-0.0249770308896735	0.127277731991338	0.0629019873503538
0.1487527826981	-0.131801122382592	-0.0301090153204145	-0.105509506531828	-0.1271669481386
-0.0300223162582212	0.119082819370703	-0.0224229807318907	-0.336380663591826	0.264597542232173
-0.0193816126445914	0.0187054335372415	-0.0273761507241887	0.336048665083008	-0.144146279957577
0.03069181197434	0.0405676915017146	0.0268513455457029	0.136663602283266	-0.0469886521058123
0.22683843140025	0.0395545575316006	-0.027520790929996	0.00109499588485635	-0.146791483458127
-0.102814044763955	0.0713841297924723	-0.0218331847372515	-0.0180673182123731	-0.152116852155412
0.131947405086217	0.0498007544864701	0.00275784201586467	0.0926703497239245	-0.00483816081008709
0.0593281209722873	0.167004359278065	-0.031538775713186	-0.142194497836647	-0.113736574721272
-0.281005353297805	0.202316662024633	0.0113596112785872	0.0232266870907379	0.026490762877794
-0.0261379182175021	0.107867288497311	0.0362115612151674	-0.152837879004983	-0.0791410213371812
-0.0984610129822425	0.0533763267488908	-0.00311406501485832	0.0689344964583879	-0.0621008990327729
-0.408392359725687	-0.0971448878946187	-0.0228688951804988	0.10712580748805	-0.0556153551807366
0.147671640218206	0.0569138210260566	0.0340714660322189	-0.109606443353041	-0.071333513874862
-0.00697460340914567	0.178062847334754	-0.0285461267956749	0.170374165626516	-0.140373957849481
-0.256029218077358	0.155252302203583	0.032945720424625	-0.0800842571267837	-0.0380547419827112
0.0258973179898558	0.0850489849792418	-0.0252238154422463	-0.0910285600393934	0.316916608635329
0.31628075026554	-0.109161150705059	-0.0308064450293156	-0.368709224869217	0.575488073464809
-0.0771030281705398	-0.0493328866950168	0.00396933088260617	0.0572863535996173	-0.103879550818644
0.20453066950155	0.0436284720185151	0.00672817457461823	-0.0496244148733393	-0.110744479923507
-0.423584799665895	0.591655823047293	-0.0234887878051722	-0.334981160034458	0.976329125037795
0.148505219353017	0.0948504336895939	0.0178640595459179	0.0761132337154959	0.0244253837843842
0.472424976210399	-0.0259303339243948	0.120356623554695	0.145638996000102	-0.0772242118463277
0.293893406405644	0.0592988657852954	-0.0277599871293695	0.179235694125906	0.121779042391067
0.401864901239114	0.306971915298084	-0.0245155979084374	0.217890024302828	0.0723181500987873
-0.0175942426120096	-0.091754374507211	-0.0228811957288	0.376867273763683	-0.106686946721215
0.260147983603052	-0.120611200543249	-0.025014762524348	-0.056333706142311	0.173658461930094
0.273180561208642	-0.100048414056188	-0.0242237677420462	0.0737594018640932	-0.118092071706435
0.665404318523149	0.0467376762903377	-0.0334792294561327	0.118728223983514	0.0490108613652771
-0.24724445540338	-0.00476999624685794	0.014360134382943	0.0786558327475518	-0.0827978619828938
-0.160908130022996	0.195548785188526	-0.0238173831463762	-0.10806890962853	0.00759927637500331
0.38756924657942	0.0115574074474543	-0.0304536540311865	0.0820068017336087	-0.110937256132097
0.119853306846205	-0.0821336434243975	-0.0249211467060573	-0.122137178881623	0.12436979705368
0.344341302587458	-0.105148525571005	0.0692732736438109	-0.00121840560558833	0.115979965091678
0.14283467852586	-0.0684508479392606	-0.0215533926085452	-0.109763862956437	0.0500184882881385
-0.172449749895951	-0.0394194265837655	-0.0324227250253966	-0.120271934957507	-0.026981978391633
-0.204604713650405	0.010653423814115	-0.024796017408113	0.116102916593701	-0.0151128250586717
-0.375580977018479	0.573681220102826	-0.0301110242375147	-0.344858385252851	0.559406407059516
-0.195801922320517	-0.0114873508726954	-0.0284073320844219	0.0685078688195375	-0.0779247021523364
0.168394929683641	-0.10852440334457	-0.0243065475495054	0.071815608065133	-0.114923337691473
-0.244654697148272	0.0534759687520276	0.155258672987098	-0.00107206831153207	-0.125550257455395
0.683044608054514	0.0716911790926669	-0.0261017680277138	-0.329530036737806	-0.122005254865461
0.2896302224524	0.132598303118333	-0.0266989684650167	0.332304308181275	0.29154969673237
-0.046414593503903	-0.051028913052943	0.0279349279999374	0.123846791761897	-0.0177232107776432
0.364955978503651	0.020446911048021	0.0106326031747057	0.0784695564729768	0.0317863637112787
-0.179705843555046	0.128316647956612	-0.0237933066000629	0.214305344462029	-0.127298859705795
0.368264077329447	0.0309600095938759	0.01924181756042	-0.0766930623255781	0.167751408133993
-0.116285342569978	0.0418490430048667	-0.00212075354619098	0.0774906801228221	0.410045386407428
0.121647274252777	0.0446111370232786	0.0141045213568046	0.131459568202303	0.346426872837011
0.0245669902120495	0.0270084506142588	-0.0131037106847006	0.061330377726559	-0.0536928421609747
0.171170188347258	-0.00089401287474835	0.0859139443561124	0.0963732407173417	-0.000281238460110646
0.292935931109624	-0.0399488392766497	-0.0192362832086984	0.027677064358637	0.207701534633298
-0.0970922809601149	-0.0944803330713118	-0.0230400589649659	-0.13679391873274	-0.11483270729103
-0.234712553640696	0.0802477369346931	0.0615286196769466	0.0590999658694474	-0.052629966935839
0.613067014405012	0.150451953637588	-0.0217678003090962	0.278617610234549	0.397559673892082
-0.209830677819461	0.120131641785823	0.19949113403037	-0.0995490151556724	0.107446443909586
-0.424087584917426	-0.114653709760253	-0.0240662334940304	0.357419799645701	-0.101537900541552
0.173274320102346	0.0298426193906567	0.0171300243597018	-0.0530899688760869	0.016391821998825
-0.107619739302783	-0.0512735198303921	0.00481744007473182	0.146417656674849	0.00303780014499737
-0.061373131398816	0.0225177871363747	0.0145667990018876	-0.0217106533327936	-0.0680572913243031
0.0347093890383629	-0.014388766246478	0.0021429976190541	0.0511617736298246	0.285573059329347
-0.0807923332405066	-0.0151549833312911	-0.0254347692136519	-0.149787862408386	-0.0197770129579014
0.0545579736196953	0.00712004183984269	0.033675364565595	0.0173458644097789	-0.119194771282076
-0.216766009577459	-0.0051470754771906	0.0135910815414916	-0.0879904189704768	0.253089960654301
0.0984513407978454	-0.102167539427309	-0.0266670909469832	0.0459829372542512	0.157340740094831
0.21916002153757	0.167623545284769	-0.0272211979313946	-0.018992238702311	0.0947479017133371
-0.00137350942921894	0.0493106694903656	0.052031712548929	-0.00491507440425806	0.292317329692866
-0.0135846311900827	-0.115443627494861	-0.0267705557452777	-0.103971141662531	-0.116919193854987
-0.210463452704075	0.00595030831129107	0.0452686337443802	-0.0279244609675632	0.493549990450348
-0.410170787607419	0.301422479008316	-0.025406865537747	0.0750840786964363	-0.138834678493722
-0.0995996973239081	0.00324232561440478	-0.0281370367043795	0.048490187628995	0.444488075187323
0.0734732548072517	-0.0870845386788471	0.155054810598074	0.11528775706424	-0.115504589180263
0.304092139071525	-0.00873112807486723	-0.0208579328468352	0.0551921456925514	-0.0601633605212199
-0.0435069967217107	-0.0379962454628085	-0.025056711935631	-0.187601138662586	0.0245422856948511
-0.307722062330416	-0.0421530527614004	0.0106795345088368	-0.130625041986988	0.0164392930975543
-0.317151460597633	-0.0831573368441734	-0.0238189477076122	0.0574284339108353	-0.0110941395991614
-0.145899896135329	-0.0836916575543305	0.0511210070931183	-0.199240633524293	-0.117030268832281
0.0962921761780562	-0.0599454609533788	0.00272130699183041	-0.0424548134295747	0.230404336962571
-0.258403070715133	-0.104838041276695	-0.0246017399928599	-0.160755572119798	-0.0327756004919791
0.511503270656686	-0.103945926148703	-0.0260181175854263	0.0742667407740659	0.287158736641281
0.137525498994926	0.114513391305524	-0.0240932510241428	0.355133712935729	0.0688064462869746
-0.334232386844319	-0.0964671849026617	-0.0320071291205169	-0.149787936818229	-0.116124061903731
-0.400042974205593	-0.0813410614963105	-0.0264938476165548	-0.352958743979729	-0.139630667825261
0.527875410399161	0.0514328407883347	0.0556482790739713	0.0937106518395665	0.0120539956614385
-0.271507050629963	-0.0245590192034832	-0.0221321614720121	0.0408044200037809	0.00796714587343319
0.0630045620300017	0.0325558161120355	-0.0221784259954914	0.156144348679835	-0.072095365689364
-0.158749543470847	-0.110434897002663	-0.0226305427554118	-0.0497246224795358	-0.11213881702241
0.588007237562186	0.0239174465396842	0.0251322992304197	-0.111629513990283	0.137949836975209
0.0890961247496805	0.147709618618143	0.0046191729961292	0.0874216500902536	0.290659178425694
0.43564735672488	-0.00734711902042029	-0.0275220044625943	0.0151200808431062	-0.0387406425616373
0.205008135495574	0.0813052581742262	-0.0218141887870951	-0.00471332584843256	-0.12463053107657
0.0516410689171847	-0.101472055848352	-0.0248739081007637	-0.237785465443515	0.0480786589599578
0.167189725859272	-0.0783464375482475	-0.0240349732551017	-0.30212872842739	-0.124857540131918
-0.0771535594359006	-0.0867863516922246	-0.0260690171613639	0.163641307202623	-0.135263184241783
0.186725198749246	-0.105816968854638	0.171237087169189	0.315914518392163	-0.026320457712409
0.409039578907966	0.115105841093626	0.0775207654172244	-0.0696330187701358	-0.0251946511447333
-0.104272496519565	-0.059820935626605	0.018119950357492	0.0323255417889191	-0.0706321911407886
-0.0416945575355907	-0.0989051329026707	-0.026290097868608	0.0313147524008831	0.229379310531391
-0.331896250993136	-0.102179858961633	0.190131856481836	-0.373566975899171	0.292925752742413
-0.209149371963999	0.0786554207557518	-0.0296024769137495	0.0538903338736066	0.0833113280866245
0.148409867531329	0.0780712397659908	0.0296609945031521	-0.0769386603356136	0.00341143274134935
0.135819267031051	0.0437863159212214	-0.0234979947232886	-0.126108486976114	-0.0622010738261756
-0.0944941096057597	-0.110860188195681	-0.0225480825136631	0.147690559555957	-0.0707084211140167
0.146998858452257	-0.0901474942053048	-0.0298119977580357	-0.027663395140227	0.0944199665960772
0.0306743963996803	0.109488711751787	-0.0288614920777333	0.347643942222586	-0.0981697412150845
-0.00957996333557923	-0.00161012593884543	-0.0323190107301967	-0.102545058719107	0.312048847226335
0.377539813689913	0.147592736756867	-0.0232257526999453	0.108889312218005	0.431220141750143
0.309630712183509	-0.0911188007903919	-0.027440921057106	0.551135795431905	0.27939723138495
0.00425660954919964	0.303304266015886	-0.0253853055676601	-0.117914108629566	0.675182669222211
-0.139746732950361	0.024729266817811	-0.0264843168312788	0.00909430083362037	0.00511073779261358
-0.121363427668878	0.0705729897717331	-0.0234125480229088	-0.196415959900917	-0.118766315954277
0.217366826631807	0.0449182375311706	0.0209022408526146	-0.0958634495101629	-0.0493853154308075
0.492528228735247	0.00844248639016655	0.0212795945830471	-0.174230328401812	-0.0265312144452923
-0.0881830825129453	0.125476737988825	-0.0252547807178448	0.198163224353192	-0.0559710917365691
0.142619081669172	-0.0475534772582238	0.043252604496823	0.0742011717707767	0.037748583823704
0.327974595424446	0.138833790924784	-0.0269414329869165	-0.112766753115312	-0.0610433087674215
0.307933407586698	-0.00429889182543404	0.0755839508029074	-0.128148889423717	-0.0253907363476094
0.10376765053169	-0.0490004296568193	0.0335526905377321	-0.00913086496874831	-0.121176458802563
-0.391189222798096	-0.101597770529369	-0.0268726332637446	-0.328331217685074	-0.15053169518363
-0.0299307100466857	-0.0842459351173971	-0.021580805153054	-0.321298599276472	-0.123810992061834
-0.385865316069541	-0.0985579757976383	-0.0283136712163776	-0.142442859201428	-0.128110378815463
-0.388975180845746	-0.103043468579623	-0.027155275269365	0.0734644635301521	-0.144483719576769
-0.0447928476120262	-0.00823110104112171	-0.0327328972663412	0.0764844909269693	-0.072606063985215
0.0284355765088271	0.0488203996401865	0.00835123724638887	0.0188057908658939	-0.0519166995127316
0.0598108540137853	-0.0192255185535195	0.0166336337551025	-0.0452971961549293	0.0113202675556986
0.0219317820591082	0.0856296837378918	-0.022157221312761	-0.0439757081095904	-0.0293851455504219
-0.25800058908685	0.0613504521284251	-0.0250487853770929	0.277292150029254	-0.121624188734624
-0.0305715979982378	0.0624559483818549	0.13253748507463	-0.321766122493575	0.0355121150544791
0.313654339819653	-0.0785513122540183	0.156914067055345	0.00721635224911054	-0.087933130841333
0.256018297669244	-0.0674995418414776	0.0184919505001064	0.0855579872623809	0.0483943323728256
-0.220373805681043	0.116114369991137	-0.0226652149075487	0.160071503859316	-0.109751853269551
0.318706598590773	0.116569689484126	-0.0323300204610552	0.0417744089782429	-0.132756897156692
0.53078032871577	0.125434482545211	-0.0292745827810917	0.045949888414124	-0.115804215031989
0.323867538585144	-0.0863002639865682	-0.029371946344983	-0.353430949390094	-0.12894818758294
0.0113983875008017	0.0263856963593985	0.0282784249448709	0.00425818452902201	-0.0166698241109102
0.5264309159275	0.0600749580391951	0.0258191434106588	-0.0528286201241014	0.24882319236356
-0.199003827902334	0.0584851525389384	0.00339204741282769	-0.0414979864973935	-0.0550457784272338
-0.0515900952928747	0.0524888681686159	-0.0249359734866885	0.0371286069074327	0.261713312856353
0.133347986434286	0.0593353240119774	0.0778429062162827	0.0469859340496924	0.0103744021482724
0.28706891477576	0.0539832341414012	-0.0196433496052285	-0.153049261725938	0.0358951986456832
-0.0492951383635748	0.0443787309975795	0.0381525061044797	-0.0574151068880018	-0.0126990069335689
0.281590688844513	-0.019154568229081	0.0570542461546104	0.23948954613466	-0.03876224042038
0.0172698659737886	0.0156128886862595	0.057286387020165	0.146200470189689	0.203398715684947
-0.218415591966821	0.138042093079905	0.0807262382869399	0.0341955359370119	0.0321314232996882
-0.120676886772753	0.0229914685722287	-0.0116727651133018	0.0178303451834214	-0.0474307844625229
-0.260775834922838	-0.0292941882551337	-0.0228098101972996	-0.0556945752092261	-0.00993104707515098
0.288963385986164	-0.0292027207990311	-0.0261615542388024	0.0868148890340539	-0.123562934570647
-0.413696399183321	0.300830105455237	-0.02414188872341	-0.340572953503958	0.245167554815068
0.484625432289096	0.0114719337509057	0.00336947278317886	0.169114002882547	-0.0143953812146098
0.254748632419673	-0.0806852181617892	-0.02188244825577	-0.122341571169198	0.0627098531887107
-0.101008292455778	0.0172604989398148	-0.0354675518868983	-0.00244241125265083	0.0129003264047178
-0.114046232038783	0.0595026729297169	0.0157023579299543	0.0683867703043047	0.0725868125109536
-0.138968231869822	-0.00656437491010038	-0.0303918846642578	0.0787554062099461	-0.0200037131308241
0.282614253919351	0.0422404627797333	-0.0250463550777231	0.10672531272554	-0.00849781201066448
0.0930933073131783	0.486515647827456	-0.0291460043354419	0.0129579860946483	0.33866474794493
0.0286635175952306	0.14316106273235	0.0403709496196599	-0.0905257721783884	0.0106301636257146
1.23531224470919	0.198057000306197	-0.0293649679922453	0.159619994360189	-0.121727616812695
0.30836481596809	0.00155751966000944	-0.0235995735656654	0.107264302804846	-0.040564017370781
-0.137340926512184	-0.108784383155328	-0.02209239303559	-0.0699114620238471	-0.136260931297453
-0.444054566183668	0.310439266688255	-0.023364453162901	0.0958091325374379	0.80819283028982
-0.152819532636124	-0.0842105821287637	0.0434491722293366	-0.0853813478607307	-0.053637053942884
0.0666812538977382	-0.0380081078807159	0.0701892049536833	0.0213673538889486	0.156706732901936
0.192983126297793	0.134498064987036	0.0149611645122839	-0.0213784620650735	-0.109043152193219
-0.142472800436678	0.0324895176477239	0.0157707380740323	-0.0939759319148172	-0.111904347943142
-0.221703374557732	0.0916428157358349	0.0362871370944226	-0.0528590112200494	-0.051166446125379
-0.109496060960635	0.0152130031717454	-0.0272398016901957	-0.249088656288957	-0.000324280428524893
-0.129545642230629	0.0368044674149364	-0.0314281247489828	0.0246670100055238	-0.0643011408852595
-0.209266891211878	-0.0292321818606796	0.0643887907893783	0.0840233513364565	-0.122422401959915
-0.420834110907888	-0.096389596279302	-0.0240528281037758	-0.318417219771612	-0.116357315708989
-0.171107245638409	0.00734446425162848	-0.0242818788409105	0.329640243448673	-0.137164411636181
-0.0447757079378186	-0.0948105581064232	0.201226689559446	-0.0964545971727771	-0.126831222565024
0.0803629395458932	0.0682316753611716	-0.0227003318823947	-0.0325952579953452	0.165047182976387
-0.406191556375006	-0.110187116697447	-0.0258721897724357	0.348256026368027	-0.134127558043043
-0.118709676821811	-0.0953025230820976	-0.0258720483678931	0.190720181689655	-0.139768810251731
0.116588665910798	-0.0904358075083333	-0.0217648007255912	-0.0843589628115187	-0.102165405464918
0.00568662058191098	0.0204825574374091	-0.00341866041096978	0.00322087545646221	0.0822667640327439
-0.152701663117676	0.115147966250236	0.0209728990560042	-0.0682334029336636	-0.0728221600172575
0.317772489803214	0.106453924861778	-0.0291278406361588	-0.150022939381452	0.188506673900699
0.376893413466898	0.0457534535187933	-0.0284409087860047	0.101209353900486	0.139017749661833
0.4177933875043	0.193636448634374	-0.0215736745877348	-0.0448692772284705	-0.146415595074761
-0.395303297386744	-0.0952752279257302	-0.0258069309267009	0.771276034398225	-0.137615811102873
1.13254054353883	0.201369327386074	-0.0234728655860043	0.385139866117904	-0.102659608257396
-0.397319492407627	-0.095694636221146	-0.0266323986595317	0.0291787484073512	-0.143846835802973
0.190836227874077	-0.0344149812204079	-0.027761471155947	0.135863325849608	-0.053644087547527
-0.174701937276557	-0.0901286230136755	-0.0269504664745019	-0.352716780721598	0.127825476322723
-0.114928704585775	-0.0940786846105275	-0.0254180934405193	0.346516098224266	0.210202846960166
-0.0702531742244351	0.019399362216075	-0.0257585828877356	-0.0513728111352291	-0.0199802174362965
0.129149769083261	0.159559549158057	0.0479880738508406	0.0385487228850056	-0.104893121421502
-0.382206166770236	0.050016757244866	-0.0283451078096437	0.178328058070158	0.145804655591533
0.487951359467067	0.00762157136698119	-0.0300304198445738	-0.127038032914125	-0.1235773815407
-0.40932265616348	-0.113580471479672	-0.0253917862847578	0.745821633385507	-0.155974589003036
-0.434526969255979	0.299317402871005	-0.0221797315379056	0.0707459533542707	-0.141320849062149
-0.407423075721901	-0.0922054234107303	-0.0245334773250882	0.0808476660255176	0.0800569870125499
0.191981245324285	0.00785474849025144	0.0741397449479674	0.159423170673629	-0.028593918543983
-0.22405312844012	-0.00681231936130072	0.0701839408135949	-0.237387203064566	-0.0194537525180055
0.0381854461479891	0.21420173832866	0.0964335217522298	0.14706842717611	0.0046302025681934
-0.18829251701272	-0.073922655362239	0.197108131494494	0.0701551744633844	0.115111763536341
-0.172491082754902	0.294009773369979	-0.0261922348395409	0.341766220842248	-0.133675709362576
-0.375464248280109	-0.0818453834730621	-0.0298194472119104	-0.340992873925457	-0.114756201389408
-0.0398654538568988	0.323009312198193	-0.0217567308209893	-0.309828045090027	-0.118932300393917
0.307663944716262	0.0250795232031231	-0.0251114879931582	0.129506577318895	-0.000160477286394014
0.0390317897699259	-0.087267645851711	0.0507670195976408	-0.123976412437964	0.166285771414592
-0.374348783831852	0.12918740913658	-0.0285051459981332	0.0313089592591553	0.0842454879031451
-0.250366625562317	0.0438064424239284	-0.024917634469399	0.106594102007246	-0.12752993203049
-0.0150318958926377	0.183353061173334	-0.0280189512647016	-0.0472060705501362	-0.137812632419681
0.291588882545463	-0.0880775530326107	-0.0261431536096914	0.734071983870769	-0.122191697805937
-0.0815387065591766	-0.0946335377420108	0.0603583023678472	-0.00423485235813619	-0.152502163339876
0.291870824778971	0.00806034180894849	-0.0303173586557454	0.233514098938835	0.091673083777763
-0.0519896894716215	0.0631898775622539	0.00647948174266014	-0.0547384602853343	0.0542565180818248
0.118456403413612	0.0797629317966335	0.210991342742663	-0.181261626462862	-0.113677497282523
0.0456513694670962	-0.0942883691374803	-0.0263743984821782	0.0362065972910697	0.00646550314976031
-0.012150542474224	0.0414072142795085	-0.0266543025523189	-0.0413339972189473	0.277666045795702
0.0272734614382326	-0.0130455013605972	0.0842006691094926	0.0260846813846376	-0.0436165131412559
-0.0692087627528459	0.144125523772111	-0.0243919464505236	-0.0792934396147421	-0.12444396082497
0.228839724814248	0.215789141230974	-0.0291433666390036	-0.0422569265477187	-0.101249645863597
-0.33662582041382	-0.116904166861691	-0.0368307987692567	-0.144852377669215	-0.122910695752476
-0.187053007087868	0.0146828933012952	-0.0246205588648531	-0.112260806615308	-0.117313303420011
-0.456117382621916	-0.104127131446777	-0.0220497848788773	0.00947328441507882	-0.110228662961611
-0.428048811254235	-0.0829146659290871	-0.0217763876450031	-0.320592463731687	0.544757966892952
-0.363493644349104	-0.0927316646232745	-0.02935210764009	-0.371429276688853	0.556495604675252
0.194042723875758	-0.00558952993800348	-0.0268844193134819	0.119067325020449	0.16665635715345
-0.177336304067562	0.122529378964735	0.0350170568987138	0.0645724381508815	0.483312297665467
0.0460590439030001	0.0691867988196817	0.0101022131484901	-0.0518212832815794	-0.0733820009526277
0.327791007449865	0.100610761799426	-0.00334580670017613	0.0217762844980226	-0.0600789138523893
-0.0303954223496832	-0.0309497787434906	0.0154858518692186	0.0109794754852897	0.00703855862093223
-0.187705721499851	0.00879562991965747	-0.0233271172816987	0.0241659051840456	-0.00414736151194037
-0.37173930052994	0.00129575299092238	-0.00185480977484795	-0.00826928192322493	-0.0335987600982555
0.377577209431676	0.00876896342508777	0.0812565467659908	-0.0329850638890895	-0.109441134087929
0.104566805954408	-0.0950689516905042	0.110498942723253	0.377944800467094	0.134971069198762
0.0829107553613797	0.0218212078949228	-0.0302913504021533	-0.0840461208302945	0.0350119330848055
-0.0671277611685968	-0.0144201729616908	0.0592218485510751	-0.0931758097944113	0.106051978330593
-0.0221707088837896	0.0859303975904489	-0.0267766176564151	-0.178988172685764	-0.104725011157376
-0.11728028778261	-0.00127121713365141	-0.0264275902481915	-0.0445762074334331	-0.115246954116343
0.750559017956919	0.117637950360957	-0.0233176987602566	-0.33956865006629	-0.149337208253457
0.172716234119523	-0.01958070447028	0.0383606372208679	-0.101305821475492	-0.0425914235133197
0.639866482827336	0.272921470185029	-0.0255985473123503	0.196878427566582	0.160918877470451
0.186765135990119	0.0713840310078427	-0.0282692029459849	0.26705458425048	0.0618187089152557
-0.128189362876819	0.0396509298021948	-0.0343148276796668	-0.146715872041021	0.164818865853562
0.0234146469203894	-0.10305733010179	-0.0274674595819199	0.0714704700163042	-0.133680926582705
-0.0355462435519346	-0.107482710616666	0.0756043887978157	-0.314654110549225	-0.134404014075818
-0.00984614654325697	-0.103747653163164	-0.0241723550437471	0.0656588961643093	0.272966917269502
0.872204737265896	0.196399963265263	-0.0227738021989699	0.190758031242883	-0.130948655093913
-0.23189325955401	0.100817914461086	-0.0236901537072459	-0.0160514279092519	0.0746464818921919
0.970924883604631	-0.0888934775095267	-0.0249214194563388	-0.320431287053193	-0.127159717422105
-0.0963109396823622	0.124765282750987	0.04372037856727	-0.143679231183157	0.152237225059821
0.0337081072720668	0.152987072521538	-0.03015236103285	0.478743986367306	-0.130320266867782
-0.0668053669416075	0.0764899207762481	-0.0319870409444576	0.0725971424023449	-0.117450721712376
-0.421549069238379	0.11942691597388	0.197302752212059	-0.0995543886500231	-0.131046240990414
0.508156728639114	0.135488922394028	-0.0249590642537752	0.377095350147791	-0.126819586619065
0.217130170108562	-0.0776356200587601	0.0823029010491108	-0.01898602411442	-0.123688327859882
-0.122658687301652	0.016374602093776	-0.0247815234367829	-0.11400650283626	-0.0334950946793588
-0.274435817975394	-0.113654853645584	-0.0285869986567156	-0.389146745416809	0.0301479350197286
-0.17688859821303	-0.0796798176330418	-0.0267121918548727	-0.343890124633371	0.119125959513765
0.284635855292557	0.112605403157099	0.196293478481115	0.0804139119004293	-0.123447863805587
0.509567817826735	0.318441850452972	-0.025352669342174	-0.314545579279692	-0.131973527393808
-0.404026859316974	0.157430468238408	-0.0300836936442475	-0.0472053246793234	-0.128656728166547
-0.120892280150283	-0.103281023290093	-0.0248125599826147	-0.326538238084885	0.156782995989425
-0.0190484281907601	0.0275269759938868	0.0474127931479004	0.308041713825776	-0.0566599120900269
-0.229297660047281	0.281154550286738	-0.031233493256016	-0.0894669750532801	-0.123131138390884
0.0229611655279557	0.124829527584767	-0.0307245232386772	0.205715272456235	-0.118373509330584
0.126505789416514	0.09925508511413	-0.0242537003063668	-0.101768547937211	-0.0911397484701177
-0.302148417094084	-0.0694468127128494	0.0497549512578386	0.139289695283671	-0.0389328260813355
-0.0328471471275322	-0.0873867739381109	-0.0222622146659938	0.0961287890969197	0.294531015030453
0.633235467571301	-0.0969897591602761	0.128147294221	0.0861421264620717	0.149810966248631
-0.111053101776698	-0.12398476930743	0.125148960730695	-0.0524917919607439	-0.131426060928365
0.441921964151763	0.179767787389901	-0.0263481549065717	-0.0456587591309045	-0.119653941404345
-0.412049581155817	-0.104169869719805	-0.0244592847301298	-0.342778974628284	-0.154527327883362
-0.356984574337214	-0.083557502962642	-0.0310688099881524	0.0570714152121879	-0.120955063841472
0.127155350109867	0.104004533091128	-0.0306509846417341	0.176149441214301	0.0867632782573173
0.93132276500687	0.202468651306715	-0.0300216511142675	-0.343875165827029	0.455220040518775
0.15589421879566	0.101169638756242	0.0241130373741289	0.0727319203735065	0.15880181955332
0.264938462226274	-0.107116606825075	-0.0227553108485185	-0.0578463694425671	-0.160835489370673
-0.0200159653224591	-0.106079708835698	-0.0229097200095642	-0.0469495036138597	-0.0324832017151275
0.0799169999687659	-0.0906693360859269	-0.0238470465400994	-0.305942595820938	0.564054357750251
-0.392887670414069	-0.0695187649564664	-0.0283381893807618	-0.106535104618153	-0.112390786733294
-0.179778983112621	0.300376682901132	-0.0267672396428202	0.234548960147384	-0.12919977301495
0.233347029685888	0.193358506795634	-0.0289871595783211	0.0326296440598256	0.28502103169814
0.223721586253939	-0.0768630580205623	0.125925341798632	-0.183391864441665	0.179950764757998
0.526352514336354	0.0875930182039783	-0.0237846473058102	-0.139426618414465	0.219557736003358
0.0656629869669104	-0.0810473543706158	-0.0261332954642093	0.0695314647874262	-0.0941617129900124
0.302502755429307	0.613627485877745	-0.0279348360620548	0.354839439730704	-0.113605033517538
0.0245177656168688	-0.0176391544830362	0.108936767049761	0.0239206178575356	-0.0546061061945804
-0.0153801084658909	0.0489996730239204	0.00172222076165148	0.225623628419197	-0.0847406868458769
-0.16386298290583	-0.00606150838921832	-0.0241280260776781	0.066708560666039	0.026846078369062
0.0609039790488973	-0.0289326549298387	0.00198603338854331	-0.00456348028933012	0.00465540426263433
0.170678978152991	-0.0835717503301285	-0.0280490970324464	0.0593276719990341	-0.113156394298077
0.390579420930573	-0.106256586278519	-0.0265669027727371	0.260422448950175	-0.137149689857575
0.249451319326835	-0.114759686438729	-0.0239646004375809	-0.332673923470371	-0.111253631231041
-0.229064389172176	-0.104694919639193	-0.0270835744193558	-0.175098926921474	0.02279523841
-0.154617205143598	-0.0953193480897646	-0.0271062711689299	0.000564119192539721	-0.0844323679945011
-0.366882332679097	-0.0739504560560142	-0.0283811527140864	0.0809387651107813	-0.106735321687116
-0.416223969149166	0.196130651647532	-0.0265278302888087	-0.063785361626995	-0.0999846419148084
-0.360565702460513	-0.0994368248599324	-0.0321757844598003	0.335570671696619	-0.12197793463374
-0.360701259826542	-0.10311064303856	-0.0337281004026561	-0.349920575825997	-0.122661078770438
-0.244750999069134	-0.104253704461921	-0.0235391676247303	0.0505223608169448	6.39673252674771e-05
-0.277670656386821	-0.102754051216928	0.022946788297078	-0.00857874435523872	0.061890144795307
0.0162620669858092	0.0536382112595552	-0.0258398510933607	0.117377414077628	-0.106322717653018
-0.144423577868376	-0.0960823879009524	-0.0303983911506331	0.202094047301454	0.10580198758632
-0.417098007378104	-0.0771046308085711	-0.0251889886716554	0.0638380806618976	0.308655261056064
0.381814879210926	0.131740676109571	-0.0231830132880072	0.241825519751126	-0.125597577539129
0.152331267784658	0.231010488703365	0.159338805306122	0.00102657103949252	0.0611659442224648
-0.402610746480627	-0.101224194250065	-0.0289151253791327	0.336860652059763	-0.10753859113134
1.20585969658667	-0.0806647705531675	-0.0253523222630103	0.101481301108951	0.273072863001888
-0.0828875160532784	-0.0895699529013283	-0.0303146770228669	-0.347582055636561	-0.09539089291371
0.293468758269647	-0.0976392170891894	-0.0268299973956346	-0.321660695834661	-0.139140069719158
-0.00677064782654531	-0.0883421478148742	-0.0222861672531827	-0.0783863597868117	-0.0551046469632165
-0.336701921269442	-0.0206109563226099	-0.0251246118301865	0.329196665514137	0.0249414491623425
0.220087034247594	0.0271244029309509	-0.0240998197590333	-0.00387763916663429	0.201077692826073
-0.2809661559623	-0.0165103634150192	-0.0307257768433056	-0.379740413082019	0.0514732200009409
0.0786203929727328	-0.0927656035929756	-0.0290346676780288	-0.17174256505954	-0.108286763947346
-0.123945182061386	0.04607438436581	-0.0238297470183949	-0.353368575222524	-0.159875038184585
-0.159732646595163	-0.0935476623212314	-0.028897433414822	0.0445427926781755	-0.125240847222674
-0.416995335446099	-0.0900911432690528	-0.0238684653365258	-0.318539088326134	0.380542796280292
0.0504925177073104	-0.0989458942266417	-0.029214630285998	-0.176091611299466	-0.133564052718297
-0.116711723489496	-0.100217320364659	-0.0214027005058875	0.00311349419814936	0.0680961661330037
-0.369527360629895	-0.0999579753521314	-0.0298446358408392	-0.384396878929921	-0.102457205911728
-0.351642959472145	-0.0883579403968796	-0.0326385782964431	-0.352841942228865	-0.115998077707193
0.179092231395514	-0.101904160933316	-0.0253146283820855	-0.000718339867554215	-0.129866771928259
-0.221671487175859	-0.112842551405241	-0.0280126004264131	-0.0289801507850063	-0.141526915307139
-0.155417129138805	-0.0204927990980137	-0.0330869319975823	0.11200255802016	0.0103423772578288
0.0153552938860738	-0.0878070869828657	-0.0299943040964144	0.0736205558064676	-0.0501198686293832
-0.0173948279924384	-0.0914388975140136	-0.0299205865474932	-0.100829237008252	0.0167507142888598
-0.436056637723882	0.304502766696958	-0.0240137136209207	0.0825611198309521	-0.11761794629938
-0.420367274262965	0.18916039877372	-0.0239356290836665	0.178764107599275	-0.125970938428344
0.0684865923678313	0.079878171000359	0.0844406451636294	0.0689925105530465	-0.141878922279341
-0.27745107438239	-0.0920870786437985	-0.0277252292953225	-0.135169987804694	-0.105084956491702
-0.212773630069397	-0.00423280792301096	-0.0261726721553829	-0.0511786901214413	0.0449378017169814
0.0357283130721306	-0.0121476261166238	-0.0264541242231182	-0.160970078879437	0.249785673648014
0.130558655557095	-0.0945097309279232	-0.0317212607620813	-0.0413033847223316	0.0403983647317608
0.502773127249399	-0.100696297972439	-0.023531195665659	-0.101584375729964	0.104078881052645
-0.201619415958506	-0.067036032851709	-0.0287318457600373	0.0236902923196161	0.294501376394696
-0.0874716317353749	-0.00574285443712395	-0.0311766731393	0.0923736365801652	-0.0844164619765761
-0.417137402152977	-0.102201145303193	-0.0242546770597665	-0.336087467470644	-0.140340036259663
-0.1643661287866	0.0573150308098459	0.022155229698235	0.0819693522631889	0.27893468326711
-0.022719668919789	-0.0339157604315365	-0.0300835996434733	0.152631233613384	-0.0919137078333025
-0.36518297233679	-0.0858778535470917	-0.0289328296507475	0.048002306240428	-0.136023229153618
-0.409291447870367	-0.120744500942214	-0.027037509048032	0.348896769265819	-0.151742121599193
-0.429401770064292	-0.0708543120101157	-0.0222792963868766	-0.292431097272034	-0.111892167389453
0.0247115600514729	0.133342746806801	-0.0281971127541889	-0.139201719160419	-0.139698929151082
-0.432654278480047	0.10254650885963	-0.0233002173901533	-0.121994881565774	-0.124625670093066
-0.374083284139052	-0.10888198398659	-0.0281955750561813	0.347543039892928	0.391445217466726
-0.394729952536603	-0.083527833390451	-0.0266646119600833	-0.356598468772272	0.555555250770731
-0.386768817716906	-0.0848547942016337	-0.0276003639003804	-0.353522546898285	-0.111808909660975
-0.146418444501766	-0.0777865116606461	0.0501208141781334	-0.0542987602077137	-0.131694385747601
0.142624720845139	-0.0978706393496782	-0.0215959646473144	0.315938147474158	-0.136025074015146
-0.276037862880296	0.0353329566199664	-0.0276866947899861	0.12239301935728	-0.106092632414376
0.136212268722088	-0.0931697295059205	-0.0227467357419116	0.228864121066436	-0.151374882735756
-0.325919695298063	-0.103990037821706	-0.0356629798651557	0.0336126750149671	-0.118738622896615
-0.00236109380838943	-0.0850317380433066	0.0739858948563262	-0.054386299021834	-0.116549167501552
-0.175165698043809	-0.103310202726386	-0.0258926358208387	-0.329998118170418	-0.12003085480656
-0.396254444947759	-0.0947366619189415	-0.0268681234019444	-0.321695521539795	-0.123548931571529
-0.402435124599997	-0.0905095228937203	-0.025304526231126	-0.314874000040424	-0.126691180179185
-0.373686661397093	-0.110275252575265	-0.0317022729196506	0.0324152788519065	-0.114372027959024
-0.215628160369972	0.0905849141825034	-0.0269893134563066	-0.176574775260575	0.20912921761155
0.269079198063816	0.0583557257927812	-0.0253999059519636	-0.0344284690517714	0.00767231450042452
-0.0729715502143756	-0.0981249674325115	-0.027347630313544	-0.0682413164283881	0.0372679223038529
0.409999233395553	0.142634659089514	-0.0259232902591449	0.257772671382844	0.0300187702616834
-0.201929070220613	0.0699725201438412	-0.0235063214517325	0.0256260655099711	0.00140652448645397
-0.0536394072645689	-0.0255689264753983	0.0030341189297841	-0.118716673895797	0.242509422748767
-0.200230146113777	-0.0239957635488614	-0.0247622460323408	-0.0485798788950731	-0.0740075505120785
0.165555032538298	0.0409214667330623	-0.026226261185252	-0.146106191309163	-0.0913974118905847
0.458525424467706	0.0248376073167839	-0.0240989027449008	-0.0249866762350962	-0.0800543914307171
-0.284504615524564	0.0669865650977428	-0.0222787665005095	0.0934947466946216	-0.129249211037049
-0.404490104725467	-0.103639576545076	-0.0253077252178573	-0.336400386595061	0.170615317983823
-0.277224957156117	-0.0214851620675557	-0.0224972455511454	-0.00694154668026455	-0.0953283988931391
0.352445464892086	-0.0949247808380644	-0.0262676588595811	-0.0539200914696695	-0.0250724697745767
-0.136119673910596	-0.0206107107202638	-0.0240833581495361	-0.181873976465015	0.0413344185978221
-0.0257580334413015	-0.00934650790300186	-0.022279099973155	0.0691617254371891	-0.0232201125078832
-0.256146572878412	-0.00741325943311779	-0.00809848767629739	0.0329567229498416	-0.0714357910780833
-0.103349648050658	-0.0337300597047152	-0.0250408675810004	0.0105018472332257	-0.0992881423519423
-0.322119149633246	-0.0423246761088263	0.0230236657325345	-0.054087201847335	-0.0971104669057277
-0.160291680648451	-0.106720236492286	0.0225153334782771	-0.0194972452465123	-0.030046347037642
-0.0265655967030544	-0.0219292180762397	-0.0300304252111632	-0.0910546532958747	-0.0388682021627469
-0.0482502960768208	-0.0991014305875008	-0.0307341279538716	0.27193302959608	-0.104064678334335
0.00821088941753907	-0.103224156414028	-0.0225984160331855	0.212203060512523	-0.117768073215677
-0.395687770172344	0.113298229007754	-0.0225261800759504	-0.0756041827159446	-0.0653880643258845
-0.200476723347169	-0.0888006070884003	-0.0232660383332996	0.00475433254207303	-0.0600436413721294
-0.000540645634687805	0.0622494612662992	-0.0258423879497038	-0.0271467370774154	-0.132802950794297
-0.421495540764655	-0.111755170912362	-0.0261590431102161	-0.146540399843092	-0.124787636674416
-0.371891259411834	-0.101051126595784	-0.0317496627927347	-0.171611308070463	0.343700996343465
-0.0399900780008181	-0.0150113906940859	-0.029669314505094	0.0860120504774361	-0.117968338907853
1.02318923540253	0.248754643502763	-0.0261122111212552	-0.355841742323169	-0.120997935635161
-0.222766582203039	-0.0928503845021391	0.101784183623076	0.47169352643403	0.242170957055322
-0.425304174313427	0.0632138674765435	-0.0234853401984743	0.382894032932199	-0.127544504850943
-0.374886933908218	-0.0967914012745815	-0.0253806721321704	-0.0326198496219637	-0.104633138816557
-0.172129024048691	-0.0807503975777415	-0.0273194203437892	-0.107639325299867	0.127094801085121
-0.430610752179712	-0.0882815251550459	-0.0219671087416149	0.142546642781455	0.0334735534069524
-0.420372771492217	-0.0979938607608967	-0.0249105085298547	0.0869935223421487	-0.130696674228747
0.534949617159096	-0.0937180428541267	-0.0269837334711628	0.0399008104199561	0.275157110470738
0.123718944332988	-0.0267033950399147	-0.026772445882803	0.275629356274077	0.0155608473305997
0.290062930816982	0.040264365011609	-0.0274963768095718	-0.00811606508529973	-0.13464781680662
-0.374667456505678	-0.0669687555101938	-0.0277233471136255	-0.335714926127513	-0.119870811368451
-0.363095531953436	-0.102041267140063	-0.0330102865864013	-0.0679267062390512	0.176220307519623
0.260599928743066	-0.0823571048998597	-0.0225081893690549	0.39549656034499	-0.110277129972341
0.0619608149636409	0.0620806812068185	-0.000721269886392266	0.115782182233009	0.270148708201059
-0.32728817802053	0.00757850808688697	0.0825366435213809	0.0401507082822727	-0.0367856552904976
0.273484620808707	0.0315504547298509	-0.0287773501117448	-0.171182452111568	-0.0599615491948261
0.0520536237335388	0.0266883547311527	0.0330228587506663	0.0503007216061968	-0.127765834896041
-0.196794666260149	-0.0969881459968894	-0.0235708479781137	-0.00786817292232585	-0.0853012055769069
0.0967516635334205	0.0628613387993672	-0.0268397349168584	-0.00568510437798011	0.00955240867988809
-0.359391000628366	0.0509456817532422	-0.0321576780034799	-0.0793476447558403	-0.120877316976063
-0.0559881583552763	0.0291551813398398	-0.0317193936660243	0.00058326387681494	-0.0135206343692626
0.0996512964350987	-0.112703763583522	-0.0290681135558932	-0.347019022423733	0.0536455456502095
-0.378711966379331	-0.0913515771467257	-0.0301008262800608	-0.347980231949891	0.580058287966553
-0.434594402455537	-0.0916631242379075	-0.0224606501186882	-0.0814906808452505	-0.106935059387653
-0.389502439287761	-0.102369687446683	-0.0275073953616164	-0.335340230113009	-0.125373381710067
1.44811307646472	-0.0949109454633621	-0.0241188957429153	0.0841595734239699	-0.126899659973188
-0.0449608836587492	-0.0182413491209764	-0.0255506634880203	0.0449867564448939	0.0222338644175938
0.227524035103021	-0.0429715208728062	0.0478330678375023	0.143085402310991	0.0752818003316227
0.00515877291456193	-0.00810677195431549	-0.0184213438651866	-0.0163499212727061	-0.0228168800881653
-0.238923233774192	-0.0556081244322526	-0.00342610174722954	0.0280369797028759	0.138806045662483
0.150470452503653	-0.0650888816227461	0.0190522622330053	-0.107343482291007	0.0527200248489276
0.114383170155786	-0.0656198859424286	-0.0301932976654751	-0.105712599700072	-0.0285212390390796
-0.0418140061153727	-0.088797126852766	-0.0336771215061759	-0.0444779029787956	0.184828695536551
-0.117976759009583	-0.103199709905594	0.0469906598158314	0.0967954067359717	0.14602250356959
-0.0881698309305208	-0.0309682514390316	-0.024699097790079	0.0873662901766221	-0.131140114041436
0.265592801711693	0.00767069948003971	-0.0303585274609024	-0.0100171514035675	0.0593030376657378
0.131747237034978	-0.107248954534811	-0.0284285800677067	-0.339584855974277	-0.121873050905078
-0.02569936856706	0.061472583505393	-0.02231522676392	0.207842050390565	-0.130823247361394
-0.312138509496371	-0.0959173358632347	0.0531912375891153	-0.0853992038175196	0.128021329157555
0.683741066044946	-0.0452000632446469	-0.0308280531463344	0.0558130927921217	0.0104687637748728
0.430534549687934	-0.00875420624864566	-0.0242427245462761	0.121890454620041	0.0388811275152768
-0.0263629451351037	-0.00226650714555534	-0.0246177001601597	0.141742226478899	-0.0243307289586753
-0.119748885287776	-0.0165353584836157	0.0142410979044171	0.160624535303401	-0.0207075561211877
0.0628630488450994	-0.089430965716327	-0.0266562568621903	-0.176663626109564	-0.118921633504171
0.0985727663967676	-0.086590216881686	-0.0204615090549065	-0.00162741245438702	-0.0640306395065704
-0.0803883288490511	-0.0596883989772017	-0.00259356609422066	-0.107862831525817	-0.0576151005870147
0.626904578040422	-0.0945182096685338	-0.0238794677102812	0.0390297766868632	-0.137109934248682
0.213588238489634	-0.0796572220806013	0.0147621660935424	-0.177273286672121	-0.0281712116026693
0.371051228155492	0.00584788428709909	-0.0290126483766264	-0.0906538026254409	0.00182034720574891
-0.156063274158046	-0.0876761728416022	0.194251157152901	-0.134886980292181	0.275762716571918
-0.155379860250708	-0.0889090772322471	0.193644394277493	-0.131420471657707	0.117123575128253
0.0382525151044657	-0.0881317187878324	-0.030159830232458	-0.347859239566731	-0.122360659738284
-0.379370261608086	-0.0317566202801969	0.0457259845415794	0.0160170098541542	-0.0809511135606846
0.0304969956878711	-0.0538142659686957	0.0712421903034482	0.0731705666599955	0.154464419459293
-0.0909639383017773	-0.0209920767414076	0.00356732130990559	-0.0957595243355449	-0.109135279264772
0.0683890941431575	0.102818752299459	-0.0234174623257305	-0.062648295780655	-0.0396167142019803
-0.0140453832233661	-0.0724553906866651	0.0847116269415571	-0.0337666237053555	-0.0507183768083562
-0.416843392088776	-0.088082315332955	-0.0239106772232699	-0.31810006345881	-0.130446854296225
-0.131944520952823	0.195705615544882	-0.0232026556695978	0.246042714957011	0.0480091369555435
0.205122935315096	0.0936013305372534	-0.0212707492013713	0.0343602622820408	0.0734558509055257
-0.268806976982436	0.364931250195041	-0.0222129944740699	0.0228461280652811	-0.105888268212047
0.587715273923155	-0.107534537278201	-0.0217153391029713	0.122548204270034	-0.136305486755685
0.310658173896903	-0.070787768496654	0.126142974585436	0.17721344593847	0.0444861054269715
0.447785747309799	-0.079787266489339	-0.029830654293841	0.112371254266993	-0.108414157874525
0.0135765710792705	0.0157915151353516	0.00502459294777248	0.0146869461902847	-0.0458469643876352
-0.12475237525496	-0.102057261237702	0.263965438944574	0.175099181175247	0.172076607630358
-0.238815492269442	0.0380883932679128	-0.028776639467593	-0.14984969654392	-0.0326379625953349
-0.20339268988239	0.00154735208275827	0.0092724313517777	0.070875571985933	0.00903514664134001
-0.0647187469104312	-0.0977161091740554	0.036806194559572	0.199127345093071	-0.0841747022635697
-0.121961570663723	0.1096189600344	0.0669529066888754	-0.14984417523045	-0.113952689212313
0.176072823544644	-0.022844003378684	-0.0231934843421447	-0.245664825861831	-0.0323217256484908
-0.408870593397604	-0.103159995256431	-0.0265344318433169	-0.164336619904712	0.024114754249247
-0.39814443630919	-0.109695663306885	-0.0257716903114395	0.0515619047730682	0.254697876664864
-0.090151177167617	-0.105066753111454	-0.0285424658399359	-0.0998234629061219	-0.103920334660595
0.494372549813381	-0.0973253349591647	-0.0232508277501412	-0.332918258185021	0.255857688907056
0.731931931826616	0.598219236378425	-0.0301921206311168	0.730406125856594	-0.107145828889399
-0.425516222571819	0.408097073237975	-0.0233309505013045	-0.335864067283554	-0.132448642723262
0.137331001039657	-0.0505553916843341	-0.0254393984247157	0.0933665435723585	-0.0599356837673683
-0.271552757226089	-0.0916894135276724	-0.0243996938488155	-0.0413797612759151	-0.126584410095927
-0.0326946735873806	-0.133352934505503	-0.000387857022662141	-0.0409360182357734	-0.0258758916028398
-0.151491720784521	-0.062193139794716	0.014232612086433	-0.0119498555235547	0.0581299516638041
-0.149885304987047	0.0832891621289902	0.070454146630288	0.0042634120994251	0.0344004752088073
0.481372384088304	0.0549900275626281	0.0188869649465611	-0.0539069516268988	-0.0515444700717568
-0.170203867116313	-0.0517234446125891	0.0476111495392404	-0.026770257656322	0.0134591883313606
-0.154807951950514	-0.005842754613821	-0.00843654814060562	-0.0818317724772285	-0.00873202299923161
-0.0149117523988305	-0.0068699581302489	0.0101596764416284	-0.0931791647339744	-0.027391259783051
-0.288443320695485	-0.032387171482821	-0.0237192277587593	-0.0327749228684488	0.00285141589059717
0.264880512333797	-0.0974196116861655	-0.0233019836248881	-0.331089056051703	-0.138073083641059
0.0277309702153828	-0.0898583120634997	-0.02934705894264	0.0561691565429824	-0.109421272554862
-0.443532793854647	-0.10508584495957	-0.0212049255509723	0.348001271730146	-0.113727173446513
0.185118343154732	0.0297646288956988	0.0201764532726593	0.00146846982324241	-0.1201333463395
0.254298442970885	-0.018210262770066	-0.023957422332963	-0.0183865231236769	-0.116363141521939
0.3444629713881	-0.0352691405848657	0.0599605372235857	-0.0511056926212138	-0.01940579271765
-0.170466074003004	0.0256828181099489	-0.0278710406178975	0.0607914463250786	0.120696626360264
-0.0547535478345061	0.00730266609467373	0.103322631496789	0.0760673040923231	-0.0692426854370863
0.0533890907782065	-0.0740566301658188	-0.0238303832892615	0.0394942343006289	0.026722391750324
0.179443375834945	0.0136107033692495	-0.0249968866140755	0.0314426008907589	-0.128351028156701
0.159793083779749	0.027266810440748	0.0809090263174017	-0.0166002218840135	-0.132095870217024
0.0324018804362547	-0.0868084944733441	-0.0295818310107648	-0.0911310890516072	-0.124197160517784
7.95861197544204e-05	-0.0835579389527567	-0.0267630890551547	-0.123686038078941	-0.0107678489270625
0.333546162922445	-0.0378346619884612	-0.0226409763626689	0.039908268369824	0.134918968305518
0.327675158942008	-0.114560961489227	-0.0324817794155492	0.128701671070708	0.182602707560012
-0.0941192138022819	-0.0399391388824257	0.0533040952436265	-0.0574225888119083	0.00715657866784592
-0.0681360097908318	-0.0687308129107402	0.013592149459475	0.102234107027326	-0.0193163858199192
-0.0884160061466846	0.0977105853233089	-0.0345151117180578	-0.17618249878636	-0.116718652720839
-0.0127480532842914	-0.00294680433099616	-0.00316575627676387	0.07652390106279	0.107357569374864
-0.129783536304821	0.00870333230132954	0.0240278715518228	0.051828722808092	-0.00700786321447154
0.0111960793745172	-0.034220288470312	0.0533016947765322	-0.0142400146858122	-0.0898963360451463
-0.0202494827896985	-0.0750844327749422	-0.0246131874033972	0.620592226219899	-0.131456830439476
-0.228581321048201	0.00292960054261215	-0.0237732748382581	0.0414876468169981	0.320507554297799
0.0655989624959807	0.067512516112479	0.0598649931882467	0.0904773602417421	-0.0558514472200095
-0.158458039172786	-0.00615058249498049	0.0383764635859137	0.0394784035125924	-0.0166273295035484
0.0914391130171111	-0.00504250496119828	0.00254898269513616	-0.125234741753079	-0.0286671552106131
0.708198953428523	-0.0701497930958914	-0.0277936007660071	0.0116161677406803	0.0981545552228172
-0.349707706847086	6.52661694067425e-06	-0.023935377547362	0.0312353434142249	0.0613336905467433
-0.154526126085892	0.141928398882639	-0.0245203373920105	0.363068895015101	-0.0330757471586121
0.0986258549852784	-0.0563755149631947	-0.0294506137127306	0.0248208442606997	-0.138014943240576
-0.235884798945099	0.018034800752083	0.0325046558165532	-0.0379669715582085	0.0233371531850284
-0.257580053704174	-0.0225902104947196	0.00414696541839521	-0.105184209390964	-0.0247726245758108
-0.0487531231187885	0.000296737173070674	-0.031865062935466	-0.0622596386142973	0.0122954908680826
-0.122507358796593	0.103958063293422	-0.0253238303046275	0.11305021190574	0.0760697679287887
-0.137096732547533	0.00370121188701162	0.0814081513467501	0.300174058423825	0.0797299232842202
-0.200043653223319	0.0571052178430675	-0.0244584646108875	-0.00141987059648152	0.273951659597953
0.0461135341282544	-0.0218498030698473	0.125589360535873	0.257091165159985	-0.0761858754555779
0.212561666563937	0.0785253925525583	-0.0297159931001348	-0.0418984467309915	0.0816677299859304
-0.0490574221092963	-0.100482200176227	-0.0276464324258555	0.00687101427780257	-0.13205995059147
0.11462032322521	0.169638461698212	-0.0305960626721223	-0.323968575330768	-0.133286875419457
0.270594658528771	-0.0697425230803349	-0.0241119076838326	-0.292151578172874	-0.127793024711462
0.273023198192238	-0.0546038501584225	0.0097305897109064	0.0296129164668522	-0.0437486917265814
-0.284126051257088	0.0466409036163254	0.0173231699849792	-0.000625032865507256	-0.0995441197672114
-0.111769946480873	0.0342594579216873	0.0361361983254686	0.113513432718538	-0.0884060104688011
-0.0220193568069326	0.0348248518633248	0.0313740867195983	-0.0732987334089329	-0.0525948171330622
-0.190447566952392	0.0693080824167681	0.00598574076527546	0.068762570095852	-0.110316991289643
0.0556618348695385	0.0487410161454827	0.00604231810109224	-0.046838061726418	-0.11413528659943
-0.191029069891151	-0.0305300502989536	0.118280997425017	0.0422978738677495	-0.0595657231418983
-0.0473612820897126	-0.0893892324464478	-0.0269472005898178	-0.0987201645035347	0.434753305454244
-0.138098601734661	-0.104825864494879	-0.0331249903759262	-0.356428943291778	-0.12168602832855
-0.150319912055853	-0.0990980867441213	-0.0292538150463621	0.32398246632322	0.102349307482319
-0.399254347667634	-0.127353087921612	-0.0294224182794625	0.0732606259160269	-0.131377055992451
0.590276797744987	0.0123780048707968	-0.0229725657906137	0.0535863926697533	-0.0100479338567801
-0.0282761185126851	0.122166864501515	-0.0221448307049794	0.0790037916078335	0.104181906639703
-0.20947200544055	0.0748595372107968	0.258895091738077	-0.0564834388596578	0.0409065044431053
0.015138918720448	-0.00985510721816581	-0.0282775149597584	-0.0923751180103412	-0.0765675741790646
0.0288387756426521	-0.0939149546621998	0.0947003988611973	-0.062794888102593	-0.159222748768844
0.40252542992555	-0.0927502035778632	-0.0270867756467956	0.0630424069837805	0.0525155868308811
0.19400472609664	-0.0204819667593034	-0.0294542427181159	0.013616160335836	-0.0671672100202659
0.431771446764787	0.0711316161181548	-0.0221961105579811	0.0215141151696689	-0.0448716698624944
0.0793917966830285	-0.01840095191689	-0.0305490848579026	0.0286561309376164	0.00827489228156494
0.285781894591697	0.220941576564379	-0.0262384031487629	-0.0431896413528898	-0.102789060500528
-0.0544247760405937	-0.0166734841524921	0.00577546158921986	-0.00395358805126802	0.210474552254602
-0.190127730151519	0.0105257513939557	-0.0304665168048084	0.120000513980152	-0.116314629698965
-0.34823773392406	0.581922025677752	-0.0347957737633618	-0.369600078805331	-0.132669119283583
0.258359123025215	-0.0498497483928954	0.0481689034057156	-0.170039758015381	-0.0710025504861621
-0.0578880010314769	0.0150690937878184	0.0234061822030204	0.0301459198376458	-0.0733448689353864
0.0689320075724481	-0.0158500651359867	-0.020945250123278	0.0710304444551246	0.129733590014188
-0.226229087897028	-0.0163077503244326	0.0234068681238687	-0.0131745211376184	-0.1162125969103
-0.319118334876472	-0.0825713737101649	-0.0271892629855818	-0.145096318045059	-0.131147448144132
-0.0740651632183029	0.0502848883684999	-0.0362732094899586	0.0969227957964159	0.134262678712294
-0.0207024212979323	-0.0664581866594857	-0.0219112631261687	-0.189616043729163	-0.125688251189531
0.00538608683092276	-0.0532264386310518	-0.00976732027241948	-0.0533707764467694	-0.0383236932138793
-0.253417361884167	-0.0975306173256574	-0.0266707724186869	-0.0300360808543404	-0.0411494621687667
-0.165336622471171	0.042677623470542	-0.0252999692160604	-0.000278039725820593	-0.0451151085295028
0.284424696496067	-0.0095456348101826	-0.00452685893490213	-0.0223304585025174	-0.0741602314880757
-0.0845012224941498	-0.0333541438755259	-0.0278710849877094	0.0351580744465547	0.285613133332249
-0.0573914864135623	0.00617708665349489	0.00116727382461265	0.205591840465653	-0.053188829874841
0.0776829398020612	0.0962331752948331	0.0183444094599073	-0.167213440936228	0.309390534460193
-0.214356194216335	-0.103218898096947	0.0687800136365154	0.203003817552551	-0.0413617813239315
-0.322900880652423	0.110668423012408	-0.0234782830866706	0.150622279971777	-0.00847389057647757
-0.437994671560338	0.0121602110274984	0.0836628302504368	0.0439039683210615	-0.0244130153852887
-0.394522200343318	-0.0965534019558536	-0.0283048647324597	0.33404852523557	0.184164740359544
0.032993546316029	-0.0784144168498761	0.00681124197689804	-0.02648382380313	0.00681036075214908
-0.0189495040220987	-0.0214329537463611	-0.0276637311968439	-0.0865481598566688	-0.0025451908186056
-0.1211103567577	-0.0191363709880614	-0.0218276983276913	0.054339315679132	-0.025726240718135
-0.193695837877905	-0.0153547092194315	-0.0240991901318382	0.130820168181997	-0.00405485890333629
-0.242553831487129	-0.0441298451198884	-0.00711974393350798	0.13481659917738	-0.0592538695440723
-0.401573092186577	-0.0234857273610039	-0.025544776794299	-0.110596809841082	-0.0374892797869318
0.0622301698792069	-0.0183320480308877	-0.0298435387021082	-0.0147185768547639	-0.131270054211116
-0.367062666421194	-0.0911097964109778	-0.0290767929451614	0.203316042748166	-0.13134779913869
-0.0604448404059575	0.0169512277510403	0.00731995119315353	0.0126937340623746	0.021419390715208
0.160998473289693	-0.0562124107439623	-0.026293578131729	0.0445257175779839	0.0132457749569361
0.0963147287891255	0.0317997093862104	-0.0242447707866796	-0.196355172224093	0.0947395063856843
0.0945774198563487	-0.0978064342815636	0.04796103169168	0.176306907985296	0.367701584844696
-0.206109942884068	-0.113852482616277	-0.0240995963301568	0.0652729422115465	-0.141407062317373
-0.217401452190199	0.146988358707438	0.0590296337931999	-0.0885252483305106	0.00921401753703667
-0.00394071228026358	0.00225279885806312	0.0317374958519165	0.0149182871762432	0.282764804511071
-0.116956480468142	-0.0109490473910724	-0.0118612415219169	0.11369114012583	-0.0480690412959291
0.241874899290422	0.0459247488005117	0.0282880360880936	-0.000680119303055617	0.0047041367848433
0.828558417695731	-0.0624696566091556	0.0365396174333561	0.218387086531373	-0.0681929529223796
0.181796829342006	0.00563598165561579	-0.0103437798728594	0.0880483782837708	0.139985362589161
0.00797607951171159	-0.0522707586082194	0.0335369754710684	0.237427146121108	-0.0326439555034494
-0.09953696750461	-0.0699499483322118	-0.00399739471822708	-0.0559421333928949	-0.0312286502707511
-0.0947415810222607	0.0410815837969292	0.00922379899034344	0.107311223763742	-0.0725055706957825
-0.165861097907263	0.00829050813573355	-0.000285335359537152	-0.0914883270220936	-0.0117973758350929
0.363443572742382	0.0464923838279162	0.00590484502562007	0.18450570865181	-0.117257248706608
-0.112893033011087	-0.0367462382412121	0.0512073263730383	-0.0694083387056369	-0.039247612431885
0.45905078611059	-0.015625707825832	0.00285890838151324	-0.0283477428875605	0.0156136941838892
0.0171643120878579	-0.0770377072393658	-0.028323473123478	0.11585173707348	-0.0760968260218484
0.718911426504829	0.0878516882939192	-0.0212692649175885	0.0232026144574776	-0.0553695078874192
0.0507868379866989	-0.111077984183506	0.0353544307894664	0.282917234159284	0.0517296241482186
0.090694374629854	-0.0806607468824668	-0.0248878610393875	0.00845646853720514	0.0342489657099995
-0.215106895146571	-0.028863109470772	-0.0244194466402219	0.100294266585674	-0.0618450451053112
0.119161093778425	-0.0218834890219775	0.0431994731766286	-0.177479633219524	-0.0826395196851007
-0.010073181801981	-0.0584945645710602	0.00454610235250691	-0.0161669146377788	-0.115118925185923
0.0509611052723379	0.0224634315917238	-0.0223481772021054	0.155149017961133	-0.0846887660023282
-0.12188595198505	-0.0318908548565612	0.0144951632453919	0.0298654028217026	-0.0471496371043503
-0.24536347196659	0.0175866914342154	-0.0297444576425173	-0.0600531944728784	0.347128721964824
-0.222191296146681	-0.0930548963562821	0.0474106832086302	-0.044688865827968	-0.118797331113766
0.266811190542695	-0.0515025225701843	0.00589669287338649	-0.00406871212060617	-0.0999560362395443
0.0370902449354591	-0.0766255955992732	-0.026388231901311	-0.196701100162011	0.0424822801167552
0.111530597761811	-0.0169702016540429	0.0448620529986884	0.179557363712574	0.0419535714568925
-0.362008356870144	-0.0893414181593879	-0.0309430851252579	0.424224509935008	0.0311346764556775
0.192379858179911	0.00050646961595396	-0.0242106375153012	0.0917862598602066	-0.0956227911448423
-0.0649461991152391	-0.00536453920308972	-0.0300665560853508	-0.0572005795982469	-0.0536245618194532
0.250854536197039	-0.00245912871177778	-0.0241328191710118	-0.063180421299042	-0.143127554305418
0.43622325407097	-0.0365194145392463	0.0234941234370185	-0.0702279876374537	-0.0862261925376062
-0.0929583630119506	-0.0411154731322281	0.0282741426897801	0.0904738435419711	-0.05579099216225
-0.204991256805265	-0.0315529644350983	-0.0283706182297712	0.0361860849724605	-0.123247313251045
0.135304514422097	-0.0619642684753524	0.0297038306208988	-0.034390239624058	-0.018773247715889
-0.118930317654061	-0.00753836006255417	0.0139980461309656	0.0299635907385601	-0.0345120612379874
-0.36037366984046	0.00198289976688636	-0.0344339035895943	-0.142325589529387	-0.123250248539079
0.220305120140473	-0.0798861306270682	-0.00250351182310173	0.0303977645199632	-0.123878494615642
-0.0446443127152941	0.0652615289475204	-0.0276370956829844	-0.271531665574422	0.0506768395711779
-0.394524278885052	0.196353457870607	-0.0268690902807435	-0.0767289821438463	-0.134284611601009
0.000629994844367665	-0.109069392190471	-0.0335337960403013	0.0921792446325286	0.0123592373984559
0.29656193594318	-0.092620885123856	-0.0268350099700045	0.0470736715478479	-0.106166670761153
0.032824177813592	-0.0925299398494073	0.193748833545531	0.329716485702433	-0.107099647149343
-0.0426429398477442	0.160710558363591	0.0457387965571686	0.112198951359337	-0.0444873917446594
-0.150739430558528	-0.100105978870115	-0.026126278051369	0.0499371405350547	0.0373849828627644
-0.179005029768133	-0.103907435976365	-0.0257865874680009	-0.107884110879159	-0.1282451355039
-0.282467627237057	-0.0820197719292924	-0.0261864979040921	0.217826362299129	0.152110639853446
0.0421470102138419	0.144633030006871	-0.0246418942780454	0.0170124350432816	-0.136898533970923
0.214396839036741	0.0455689929465529	0.0653107521124709	0.120575916958694	-0.0587019454813203
-0.0227218014037867	0.0428629781723616	-0.0228500521484408	-0.0651459423171686	-0.00859217755883499
0.291463979295401	-0.00809121622366735	-0.0233860639894334	0.0133648522595423	-0.124445362925513
-0.308725871189441	0.0199310615700719	-0.0222283580819077	-0.101329932674309	-0.11668765275496
0.14048002814225	-0.100547090286102	-0.0325203175836971	0.342373751368742	-0.103198682120833
0.100046121126041	-0.0968898074886613	-0.0256030659053704	0.0941252631002275	-0.128800508748677
0.0393016743764078	-0.0939277571646805	-0.0226318213988573	-0.14708039168463	-0.143986546496849
-0.191616442614197	0.136019863992176	-0.0265401293915858	0.285719846887687	-0.0909843520036135
0.0750687556855359	-0.0958548629891167	-0.0225043486461801	0.274488156811955	-0.129291433331336
0.243492427765116	0.0381055613828183	-0.0318248671925254	-0.0401436877555418	-0.121286597155364
-0.15856756015615	-0.0175626252679238	-0.0249618302321158	-0.179690616419778	-0.0654221580910479
-0.0991578304153595	-0.110326617197859	-0.0272948483779891	0.397133412121787	-0.116351774054104
0.178589428746383	-0.106857044519206	-0.0351667278562941	-0.372217259336664	-0.115962808672835
0.509386235648495	-0.0876786713796049	-0.0260502198749812	0.557187004132709	-0.100952316291744
0.0298989647273768	0.126664431568339	-0.0296996873622264	-0.140697869101694	-0.117030130431703
-0.0260553805352638	-0.0925670723735392	-0.0220066780617054	0.0774962133476481	-0.122782132818806
0.0281374998004813	-0.117206526394144	-0.0297904129056475	0.063260070321926	-0.129752438583175
-0.100991133900652	0.106997641730418	0.00687370417828743	-0.0265764762051025	0.36609357280874
-0.0566254255744982	-0.0487485563104024	0.0276255559062217	0.163676663068858	-0.0671763936002689
0.243134908396876	-0.0763262845974654	-0.0294752793864352	-0.0905693845189633	-0.116317830700578
-0.0216349988437096	0.102561753750577	0.0264763013833663	-0.0812368314971971	-0.131541884849762
-0.0597480941979098	-0.00791347376470463	-0.0246073633898237	-0.106742002020306	0.227604359860848
-0.158013448259286	0.0280554428019318	-0.028751410790245	-0.0284324789284629	-0.00639904358489377
-0.0199435869783289	0.119379695336013	-0.0226706845253836	-0.135713989506944	0.0127134119391089
0.382760965312377	0.002931930729794	-0.0247707293678412	0.0368413325515026	-0.126443983550475
-0.243980987107041	0.176516961440203	-0.0281431728275551	-0.0388432955650458	-0.0597394576738207
0.143898063046885	-0.101243530949007	0.199433519794607	-0.328936784680712	0.267543992665193
-0.43305931163784	0.0551125897941532	-0.022133615452205	-0.0445366654770426	0.0232615806853654
-0.410642729060321	-0.107546142477302	-0.025432831447028	0.0641027654607251	-0.129064432533614
-0.0231765945849959	-0.0152337078976431	0.158989086938403	-0.0848056613631983	-0.0396594326325051
-0.210629071288873	-0.103621317900267	0.200446809251719	0.476679856720726	-0.141612157234372
0.220515106625765	-0.0755218450724168	0.125986966688505	0.178591170463934	-0.105766420079207
-0.394472737433601	-0.0784042100292524	-0.028554895419466	-0.111946757989123	-0.116734472646132
0.200551149605777	0.143505332656493	-0.0264478860186678	0.0346757425948739	-0.121760740954971
0.108363638841678	-0.0695956029859154	-0.0266464598626264	-0.176355991073191	0.183215588861034
0.0572242609066514	0.30703118821307	-0.0284938810327785	0.0243392033722212	-0.129599274037078
-0.425963230980951	-0.0984233839501176	-0.0243583542351891	0.0825302597192427	-0.108909792466724
0.301854353072698	-0.0762258589608891	-0.0277971750457507	0.0629533706969079	-0.124980589723735
0.339831181756984	-0.0858492177387393	-0.0314582453319066	-0.349118404279241	-0.1340755461642
-0.0929667046972009	-0.0832087718749977	-0.028590295528571	-0.357115697184536	-0.110320578399656
-0.417072007556858	-0.0945253658389617	-0.024097025475454	0.374000015381149	-0.126163546463637
-0.407453678269782	-0.089254221799558	-0.0236176281698528	-0.332421852356389	-0.148360848222912
0.70550537868758	-0.112714219130115	-0.0262003885354783	-0.348613211069724	-0.137860454635617
0.095285025369521	-0.0124787453225155	0.0631021856678293	-0.174562669234782	0.0707849768911107
-0.30754936148525	-0.0765809899925557	0.0682235137499853	-0.148319787006196	-0.0983160149185626
-0.0294451884698005	-0.104203564270915	0.0385402774387002	0.108114114751288	-0.0823203214172259
-0.423086713807869	-0.0740890142409163	-0.0231850760246212	0.340676454077473	-0.0426064886757576
-0.136818543305083	-0.111773358518749	-0.0256895769536459	-0.174468297477044	-0.124261937112189
-0.413086012654257	-0.0898906715731766	-0.0237980871702039	0.130301632881295	-0.00884956570161364
-0.372348163233355	-0.0812601970645814	-0.030791106226008	0.167597726623367	-0.114314969379936
0.0833211246289473	-0.100466671094243	-0.0305580922508409	-0.16652575157284	-0.0947140987361618
-0.308556472149374	-0.0960255579833101	-0.0285619481857614	-0.0410660218267795	-0.0512691596957758
-0.0693769004426201	0.405649413156286	-0.0330051052476612	0.326657977993217	0.728254347933607
-0.400052370995578	-0.112886961646874	-0.0245832500400528	-0.338700665009526	-0.111944124626659
0.227857764500262	-0.0396685676885496	0.0107611261173031	0.0249732010473709	0.363292581196964
-0.428117999990735	-0.107475750497616	-0.0237189136433114	-0.329317880153523	-0.134633414190699
0.0948117413060991	-0.0951473849980484	-0.0252314806056692	-0.0314501291239023	0.15104001054132
0.0971280662336783	-0.00551315644729836	-0.0281833031273501	0.0320121053241157	-0.0371900029673958
0.14410715741513	-0.0723395548568523	0.257067590225653	-0.0461265059250895	-0.13278086864006
-0.409987132732557	-0.100101487587231	-0.024590529112643	0.361908934546817	-0.117062886820953
-0.439874066256097	-0.100525004278479	-0.0222709532491723	-0.325142322349442	-0.117993317153042
0.25408754406666	-0.100758713909738	-0.023181602957927	-0.321449097320248	-0.113587017035373
0.313827879247526	-0.0873521464913147	-0.0286280399920375	-0.355280836257845	-0.109225405922999
0.427174093895345	-0.0993669693918453	-0.0318929192044938	0.328947552259669	-0.130061307822427
0.139489507408054	-0.103966061590833	-0.0309341238606968	-0.368582816932	-0.12255537606033
-0.103668010025472	0.0530038466794241	-0.0290226501760648	-0.0845361873718776	-0.0688555752213204
-0.124900836148318	0.00107268386839042	-0.0277495430080494	0.0742234234726083	0.0454110071968589
0.0264839625215549	0.259021460009208	-0.034752824016856	0.272527802755611	0.0395858645066314
0.190352201369532	-0.058102463538706	0.065299450621888	-0.0523160597198096	-0.00966736488849068
0.551516630149697	0.170569289690668	0.0387164072672366	0.152146076514338	0.00238760110660836
-0.168444911665803	0.140951330790075	-0.026530001623115	0.212106366247624	0.0110250575264255
0.0573952538331413	0.0118281663347629	-0.024811951033845	-0.0433994078784706	0.210480517598889
-0.172301638528429	-0.0723509071186819	0.0445780687041091	0.192617420600931	-0.0386606737395695
0.145404324957004	0.152511555571926	-0.0331116224142475	0.343988703674194	-0.138169247347479
-0.380084780559694	-0.0762775207563874	-0.0289946716496061	-0.339628786570157	-0.125397263529766
0.331993196804418	-0.101924241618511	-0.0342318071478641	-0.0632579765811228	-0.121584820465684
-0.394825489919979	-0.101631516387027	-0.0258435260430044	0.133604208632486	-0.132384974319327
-0.394631066993678	-0.0777729050214039	-0.0266172917997597	0.347215849684097	0.183764805851136
-0.187113207763839	-0.103065052448713	0.143546129142158	-0.0168604291223395	0.0504756345602862
0.150113344303258	0.0607641349839827	0.123800197722379	0.245452531475903	-0.117066206785788
0.0161409772759553	-0.0778325802398282	0.0566530049133115	0.0484350695347915	-0.0617057753776764
-0.416036328375876	-0.114090098149909	-0.0244640299181815	-0.352344193182401	-0.110560069629759
0.410294488668771	-0.0848229870747431	-0.0302440113409744	0.13576326543857	-0.0693973065418632
0.317678466974408	-0.0975546186813279	-0.0244578286894264	0.150778021849895	-0.0162723607533443
0.310995059732568	0.118827561600762	-0.0290571288742224	0.0124469645394561	-0.113477741199156
-0.313190013780106	-0.107222161807032	-0.0268462998167494	0.121459546895679	-0.122244430844506
-0.130196342255608	-0.110357374471992	0.0802961930535107	0.172369113002176	0.237088875719145
0.0826720112497126	0.0606105116060327	-0.0300404322597805	0.19860260328195	0.0248840796916082
-0.398000966951287	-0.0875492207371956	-0.026056832355185	-0.0270178686731018	-0.143039389505767
0.935276628100004	-0.101537074575369	-0.0205924802610254	-0.342602874094166	-0.139298887418686
-0.432492165780581	-0.122611317275184	-0.023802216582097	-0.354101067177182	-0.116043254929686
-0.0941975837788755	-0.0122510691459681	-0.0285751677016262	0.0646655027908906	-0.0244574554139725
0.0991711575099992	0.0529883911004068	0.00743391066351211	-0.0524219465229208	-0.0316551286881266
0.145612250816756	-0.0952689995375745	-0.0279029201330806	0.399544491947462	-0.137779960070055
0.223897854590687	0.0154876576296265	-0.0260593198924905	0.242442346509002	-0.0741294601623912
-0.204802744534852	-0.0929146764563953	-0.0254172814038427	0.0482018642884268	0.0735742888322226
-0.115918805137824	-0.0303487688528933	-0.0309590478249329	-0.00814100931892842	-0.108937078556848
-0.0627648680491177	-0.117391781447659	0.0880888506959379	-0.11705436665814	-0.129081549503664
-0.13819913745179	-0.122580811297496	-0.024685117348518	-0.0693974776125268	-0.115009652141925
-0.273994717892163	0.0517100233905131	-0.0224886897556027	0.0686480321432164	-0.116362547084126
-0.382326052289657	0.226156843519318	-0.027109110295246	0.128076361318527	0.0641401230260462
-0.388219643396288	-0.121834795724984	-0.0298360572187785	-0.34040550571734	-0.131792172566188
-0.351390001483717	-0.0885159516275542	-0.0323012254656768	-0.35086781439327	-0.118994340614864
0.355718164056135	-0.110169774113596	0.0426412962720704	-0.141495739963496	-0.0641536282406373
-0.163930596416674	0.0401069555184284	0.00397831810177009	0.19820826686032	-0.0802862107166832
-0.121191023003303	-0.121139398082109	-0.02742624752426	-0.331003171390102	0.162385987872961
-0.430121016423474	0.0777921782459604	-0.0228658246775307	-0.00500852591460474	-0.121227298329896
0.312066553777111	-0.0916985526076005	-0.028035288576827	-0.141366519868207	0.0937255404622321
-0.358866902199365	-0.0958859402330528	0.151593693982852	0.220944988838825	-0.115198369232957
-0.271250369334945	-0.0990342509796763	-0.0246265954915464	0.0828965711966308	-0.123148525979851
-0.406674872303527	-0.0968045837080588	-0.0281576649297458	-0.358901322920797	-0.0959746877048832
0.561368305680762	-0.115667481262901	-0.0248737841773061	0.157594788325624	-0.142487811880574
-0.435096820773839	-0.0692868535227116	-0.0222941420148183	-0.296928282478199	-0.135078174951976
-0.347302307639382	0.177989351274638	-0.0356763123982137	0.741483941066834	0.380795501470493
-0.0639825168599741	-0.0100326402472186	-0.0279565625443796	0.0845735846430684	-0.0520163638941957
-0.133797862303674	0.0041739478285554	0.0244329404064803	-0.217735256891479	-0.0427363382420007
-0.0843236930241504	-0.0882008900403001	-0.0328494541694879	-0.0158449233194364	-0.0433907555663141
-0.112151731972092	0.192086117954975	-0.0294592861302613	0.345911526175106	-0.0989290587558682
0.114828406922971	0.0313520872580765	0.0446269303827097	0.075776777758698	0.0205188760387481
0.00965301510603782	-0.00571947124051176	-0.0298639214758016	-0.0491821115874727	-0.038874726066473
-0.392757310526548	0.132983161551719	-0.0276764898296632	0.262243689748749	-0.0184061796181146
-0.40639850467061	-0.0920100057550384	0.262174139126981	-0.318309956478561	-0.137349046573771
-0.0976039808489365	0.193268256032104	-0.027853354181728	-0.211168123764069	-0.122336845486527
0.134009943543929	0.18001676516555	-0.0280028127026775	-0.0506376473115164	-0.124194516695778
-0.417745888476779	-0.0944432699010495	-0.0223932931883083	-0.318973910768043	-0.133789393920728
-0.443599132287213	-0.0865566752176253	-0.0217113045005769	0.0912138204088068	-0.133927307059868
-0.312129176122757	0.0633606057739813	-0.0260303470565502	0.314578693854832	-0.130415848314979
-0.40983592143983	-0.0958746548936492	-0.0244076699727009	0.242609674676686	-0.132245761264269
0.228903438646604	-0.00137585261813442	0.04475589832964	-0.01335745413519	-0.0652146336280495
-0.376428996090421	0.0926885548227283	-0.0289936197091588	-0.355144117565574	-0.118121499903601
-0.0283800756283317	0.00849558296190428	-0.0249026810453442	0.208006180264748	0.0409425208599967
-0.0655983628696238	0.208407848996249	-0.0276533294010815	-0.122437660313654	-0.0167636863132467
-0.0729329932887583	0.0511713306218778	-0.0288143789099036	-0.00327887419414375	-0.0453565593510171
0.0537353348717845	-0.10905403710866	0.00772624603135646	-0.111044212101211	0.00404012388146648
0.145192251605987	-0.103104489828977	0.0350334487229708	0.0797957067506771	-0.0617748111526887
-0.382575087451531	0.0427815196324013	-0.0304957830457903	0.0264940776905847	-0.0370660484839094
-0.448780735589371	-0.0862266199697488	-0.0229894726872445	-0.0746967750982776	0.107787456123382
0.361382829575701	-0.0073742223721528	-0.0208712354019753	-0.154955498210779	-0.0298785350930474
0.0300060209495779	0.145742669765078	-0.0253611026728547	-0.077092878256172	0.0103163623259785
0.180670693260096	0.0247844020321874	0.0388265834496942	-0.207301375652989	0.0491299485601613
-0.0788433032465948	0.0241071982858609	0.040479210548216	-0.0997797487208542	-0.0227647675639297
0.0691962878478673	-0.0980719664741928	0.0334254984247262	-0.0197564449151465	0.112494660667299
-0.0716551711330292	0.00649993735707343	-0.025245462781954	-0.11997292867684	-0.0295487546800116
-0.186906292716569	0.232265355865554	0.0917263220802684	0.179723056947799	-0.0166228989133384
0.896440608513565	-0.110762727381337	-0.0241576925577121	-0.145608754817073	-0.118143368973614
0.193861429361234	0.0946507405773885	-0.0319570468751307	-0.34972479280064	0.0831263842200484
0.024735807538778	0.291057043765812	-0.0297763222188075	0.220849330485638	-0.124197453329617
-0.0080589134099821	-0.0895837676066356	-0.024998612556064	0.0988118057903134	-0.127299465567479
0.308062242020876	-0.0705973736712344	-0.029432143431502	-0.324302230833893	-0.11401810707446
0.33623491084374	0.0397128441291196	0.0447172202831913	-0.0978268600680351	0.0428352896654768
0.442781876541109	0.0491686471949894	-0.0276963638111393	0.0186246223004537	-0.0655523028227309
-0.228671186856334	0.0392974443635942	-0.0231145563523043	0.0958355331765535	-0.0827652171913475
0.0561261312555322	0.0482368809830512	0.0548029371054312	-0.0503485123144652	0.0325700951011206
0.0764544707041323	-0.0126336961454582	-0.0286084748415143	0.12106242702643	-0.0647144549404957
0.970833718450407	-0.102669036913774	0.0363140746691987	0.340356171029633	-0.0585680204924459
-0.194829251104411	0.0252790662494403	0.0246571460039976	0.00564202810231536	0.0921441103192046
0.465668743952186	0.0303948392612495	-0.0301280315151682	-0.0138248682287001	-0.039269930554934
0.331779727559079	0.0691498886074182	-0.0216646659563132	0.290132281124837	-0.116005545613177
0.231827111101829	0.000232048710217262	0.0636843305762352	0.0596015872807128	-0.00851435724521127
0.00870713573199212	-0.0138586100585302	-0.0255037711929949	0.0516292875297954	-0.0185989362018611
0.632835377928717	0.0273609300771376	0.0612071612809394	-0.0203992547479142	-0.13444463535254
0.513036212566673	0.0365209565671476	-0.00349608968791988	0.0704192836871308	-0.0361470364248132
-0.181209512853122	-0.0376137433837154	0.00898582199776169	0.170386829806685	-0.0351845653914925
0.076999027195444	-0.0117756858312871	-0.00488487899696006	0.0685317762453499	-0.0206694374703741
0.36627417510345	-0.0251260580035414	-0.023516363786609	-0.0858345026461655	0.12855244059182
0.104867451124827	-0.0103305722704179	-0.0266745663088915	0.043613315375909	0.242027368601716
0.754304173480582	-0.00629370816789649	-0.0282759136911871	0.159900911801433	-0.122698333390451
-0.0868561047073989	-0.000922942372207536	-0.0273618062829296	0.0609719600266693	0.146046212781795
-0.247105745481864	0.110352235505513	0.0405350797660013	0.146031971330605	0.184661072225791
0.123324283023258	-0.128600424586493	-0.0314794399336257	-0.337473385650653	0.14944509820752
-0.148248171090449	0.0190339283714711	0.0289259080200654	0.0502594500800679	-0.0524784520525483
-0.0234101900400954	-0.0548140369072615	-0.0269449470613373	0.146631969252908	0.0391844900729645
0.239704324931961	-0.00473393375143882	-0.00218403692638842	0.0339535827123514	-0.0744602659649861
0.0502974309636674	-0.0363310294742041	0.0254043464974799	0.0346579352565658	-0.0542213778988187
-0.369867676531765	0.15395046781661	-0.0296116098551479	-0.109390450352697	0.108325310798445
-0.1769254844751	0.0232917230034968	-0.0288322065248576	-0.0294113299150368	-0.069657576817246
-0.0895964835342545	-0.00852408815925878	-0.028926109634066	0.0236218941815978	-0.122397157827568
0.320635831490549	-0.0494192385925907	0.0127538133765602	0.00601825107967963	-0.0454813300499234
0.306303258934363	-0.0381976404152547	-0.034250027007878	-0.0383135356437807	-0.0639692229836158
-0.144063209492746	0.187465222446743	-0.0223819391481224	-0.0394682337295182	-0.116515210734148
-0.193691857438469	0.0236951264226894	0.0299832409352533	0.0261659894850531	0.260650489716496
0.188880918949006	0.0799236201576995	-0.00343101742921587	0.235076946539874	0.0144112848388529
-0.200910217648467	0.0563366174345985	0.0277187576716395	-0.00448760989075239	-0.165992034312277
-0.0910301462868076	-0.0245387441332161	-0.0218072115585698	-0.115855351366579	0.00832065660063496
0.0125831941137376	-0.000361141506810317	0.00304242372816661	-0.0523908686162068	-0.00444810468359542
0.34361670863846	-0.0534041382719335	-0.0025946441356929	-0.0763629369959583	0.0236237206948003
0.124094823081566	0.00784537648577793	-0.0296664047348207	0.0352513661554104	-0.0385480008772703
0.185786436657259	-0.0126320848993695	-0.0288726813960239	0.0992171905620139	-0.0109915639673419
0.0832445384528818	0.0325321064693599	0.0345268437375218	0.112362751846066	-0.0703706458106876
0.0969200977251734	-0.0378675593652893	0.00753339545624023	0.059605685407959	0.0804383184737023
0.327484785942402	-0.107608364313803	-0.0325920721396131	0.00507589557733047	-0.0752163510584216
0.134737393221192	-0.094484187669234	0.00794844250617203	-0.0822663205867962	-0.0649207229173739
0.0498527571455033	-0.039590661542482	-0.00307800504624232	0.027533916560082	-0.0553248425576349
-0.0861264658762912	-0.093634441085045	0.0682296817016327	0.200954887180539	-0.013413215460158
0.0385978094598603	0.0595209667461762	0.0744520728599402	0.332709252823939	-0.0538498623753359
0.4732320850273	0.0196852753411008	-0.0292744734216035	-0.147262713559505	-0.109355571655852
-0.0310711386472762	-0.0992834173396488	-0.0224056193180438	-0.334266085525083	0.538091644765004
0.291575245518346	-0.0392304222697678	-0.0288190221896962	0.0494281219093905	-0.154208918765032
0.168662336309193	-0.109756867323442	0.157708573681274	0.126554188391701	0.105391560133968
-0.359237291665871	0.104370045407275	0.18924237268836	0.431866421236616	-0.119912575531332
-0.187205068238157	-0.0881610939146737	-0.0292763445637714	-0.173941991736365	-0.107054327056484
0.0180596435576126	-0.106882986921158	-0.0282835854780902	-0.154793134088636	-0.122577059603752
-0.393254878385698	-0.112163176890319	-0.0290927000237089	0.0772587121164945	-0.141844774966095
-0.272550320416612	-0.00243153554628994	0.111238706644898	-0.0226370543798672	0.027524298529821
0.392199737100414	-0.0695986976347322	-0.0267708495093024	-0.00514747096837949	-0.138194675698283
-0.0058190625849306	0.052461565686071	-0.0248695615216711	0.210633348685408	-0.139231082140825
0.00973009171126344	-0.0678810786067482	-0.0253221362684483	-0.10553968315621	0.0914061432100249
-0.264191142157047	0.078227318290651	0.160511785835253	-0.340358774204849	0.192885788784383
-0.179199618196884	-0.0025675720595619	0.0534049703578116	0.0560300605391145	-0.0609822682165745
-0.39994053136593	-0.0956432186341342	-0.0251544418575085	-0.383974885428525	0.537181743859247
0.0235062692649494	0.221939603675524	-0.0295075268951	0.135780857090829	-0.100926791657138
-0.113720752572741	-0.0387398238935392	0.0414164373651308	-0.0285000728250936	-0.0238689563264727
0.472849059180309	-0.0657138425155677	0.0256397214778769	0.0416021186684081	0.00413822406590976
-0.247898500994559	0.0271037040946011	-0.0228068333316853	0.181967836710634	-0.0124457588397718
-0.184741762828633	-0.0771745696751214	-0.0290783519661429	0.0639257421634398	0.136675412135866
-0.130865951108985	-0.0649244597747218	-0.0310791952579873	0.219009696573577	-0.0946033169247771
-0.385384854618761	-0.0797099917401323	-0.0276309679322436	-0.0980074068904238	-0.143103077958967
0.31013147348147	0.162012742523467	-0.0314207512048852	-0.0525559406119653	-0.135136821047416
-0.139329446636925	0.0581336999692374	-0.0315316204532808	0.37339976017595	0.0350569049327808
-0.213524157883963	0.00979484801866554	0.000143659471460978	0.0831938210781678	0.0996911677469596
0.0228537553763317	0.611885796007419	-0.0287747612880146	0.575590733562097	-0.107060536085474
-0.182658694190399	-0.0515135153602779	0.011146254133434	-0.0634783544483647	0.0409790148649234
0.333139634476605	-0.111045588915965	-0.0335924180042527	0.325984113318848	-0.0989302352281281
-0.167507451489901	0.044004754853108	-0.0234658623099797	-0.321202719029982	-0.121997134551404
-0.0629599625160745	-0.113189032527836	-0.0280222129360191	0.184965849823776	0.0329911033165416
0.0439212403934022	-0.122889188247419	0.371991201901405	0.311689924181652	-0.143940096602543
0.316586163626826	-0.0716752681982376	-0.0289835664057022	-0.336689491692519	-0.111513555470149
0.162622944688181	0.101773487159079	-0.0230269736220931	-0.312427896418925	0.192561920664432
-0.0670133990591943	-0.0285603603508016	0.0130502538838481	-0.0880555729187779	-0.051790873357055
-0.0269577294102369	-0.0913880372058157	0.131485601160288	-0.159331445555305	0.0317037658303622
0.518640810532374	0.300817337891223	-0.0288611295621384	0.0466849557173656	-0.0984059162954732
