APOBEC3C	ARFGAP3	BCR	CHCHD10	CRYBB2
0.0183985255617645	-0.00544861859324012	-0.0162242338637506	0.0339035174085664	-0.00496250754587102
-0.0588443812066877	-0.00821111150915826	-0.0153603401765405	-0.0219811420997049	-0.00350833047493456
-0.0596358359214064	-0.0255525651871711	0.00434701206023292	-0.162361707569114	-0.00293276961505286
-0.0906838248244464	-0.0401833950709099	-0.0106854836936321	0.0261561775220079	-0.00457016769552119
-0.0423629089643289	-0.0218950517401543	-0.0149455420039293	-0.125111033586589	-0.00176290085962494
-0.0393832095633026	-0.0198288072806514	-0.00299212362362691	-0.026843355927889	-0.00235515362226785
-0.0976514800681817	0.00511905094861454	0.0354599589200485	-0.317090754643525	-0.0045073880778751
-0.0699242170974683	-0.00955961867576767	-0.0125606241927901	-0.0428930753512233	-0.00512019608695258
-0.0791882648053062	-0.000294176339981137	-0.0135578437096629	-0.112799923389127	-0.0035916728601794
0.0517655762335724	0.0128603212455001	-0.0171585553958086	-0.0737727504959335	0.0167327371859977
0.079646292377397	-0.0432361426547607	-0.0122450195718979	-0.083598766158417	0.0231443585386974
-0.102131874247838	0.0090575593704065	-0.0118381791126037	0.200549091698719	-0.00464754084547172
0.0860524642621751	-0.0432272294057079	-0.0144269971220222	-0.112330064250369	-0.00141970369230351
0.0672264516987824	-0.0428515286152839	-0.0126960134773423	0.0510454623055532	-0.00379398681979606
0.0167073586740319	-0.0105789268560545	0.0147299504862098	0.0735077264928039	0.00126610646635503
0.0443653829509678	0.0367012988321893	-0.0118030643972493	0.0113634080236358	-0.00298311810571233
-0.0134440695280098	-0.00411585238550241	-0.0129093972197075	0.256575286183211	-0.00196971447554223
0.0246310677900509	-0.023965509450301	-0.0129044640841276	0.0143478791519123	-0.00484381828773944
0.00644849618473948	0.00697135032433817	0.0219064620606634	0.0701978708203425	-0.0032934175234328
0.0136566865054567	-0.0407570362587614	-0.0147761564567939	0.119300326631994	-0.00218105964885509
-0.0120046458326617	-0.0260266695549774	0.000178248348541715	0.0724572991655873	-0.00323959378789363
0.145085760960223	-0.0284321795674763	0.0126586774390244	0.108108384627976	0.00879076178939095
0.0413701900495347	0.000431746153071623	-0.0124287653120272	0.138098194743639	-0.00043265477588105
-0.0844463497214528	0.0184693640831487	-0.0112452131960759	0.0577540220178857	-0.00123664365715391
-0.0198598536902907	0.000553445836467362	0.00727622279483221	0.0545723469078336	-0.00416058329484074
-0.0295928468957821	-0.00779375202918957	-0.0166487002220867	0.097972056729179	-0.00354567989045591
0.0700543169355289	0.0032280446071185	-0.0126449298106103	0.044710555480101	-0.00374820036292702
-0.0247580683531626	0.00109013368359279	-0.0144466020322655	0.0204262392807062	-0.00238243701297341
-0.0476753418851332	0.0138433716867489	0.0127425567967889	-0.0876586708068452	-0.00403604500419818
-0.0455173009502788	-0.0242405298740251	-0.0030676352576197	0.0246577181878597	0.00529503936272669
-0.136158370207168	-0.0399111643295999	-0.0125010246373741	-0.108179778340813	-0.00295053546478152
-0.0497153522274548	-0.00692475556162206	0.00429415204302337	-0.00137391781096616	0.00546988564743437
-0.0202425021871919	0.0634371608289415	0.0415539666331434	-0.0791088248194891	-0.00364468195811198
-0.110958278317533	-0.0275637152749337	-0.0137000530958137	0.0457575590235072	-0.00409042439276946
0.0926470392772155	-0.0378194973736364	-0.011556675616857	-0.214708570945233	-0.00340487439956375
-0.0472453728355958	0.00130052434553519	-0.00238077923679191	-0.05356618649165	-0.000777963974729115
-0.0316359969371118	-0.0436012263527123	-0.0144448362886711	-0.182102363768851	-0.00379851736285121
-0.0644971147654012	-0.0051842644982994	-0.000737257460165187	-0.0442314916986454	-0.00383353819230356
0.208930672632469	0.0136410597199543	-0.00930088452543322	0.0908579618498879	-0.00559462202880956
-0.177747284167742	-0.0452449907355161	-0.0127711143130098	-0.296265908239741	-0.00659134427755868
-0.179820701758563	-0.0257823657679605	0.0294750694844217	-0.219572095265724	-0.00340794892508196
-0.0675736099880591	-0.0373475600382306	-0.0150016789033668	-0.0829038958575557	0.0139449114539397
-0.0832718031015873	-0.0113348140870812	-0.00481557894065844	-0.0513459930341455	-0.00109381642877048
-0.0210191145697526	0.00505415598336833	-0.0148535355697279	-0.0744426377186878	0.00997259083471534
0.00373020223364216	-0.0376029685203254	0.0210665026958121	-0.203432017218118	-0.00400837979317157
-0.0661297883553656	0.00717762505719566	0.02153079640697	-0.112556132862109	-0.00477364466728625
-0.0125741256035379	-0.0362958126195121	0.00881360299662459	-0.11128183292765	-0.00411259351808764
0.0103034299069615	-0.0442358888956205	-0.0145259582099099	0.161617985761044	-0.00391298949936437
-0.0577253422315855	0.0386197764048437	0.0379598330432789	-0.23475811266748	0.0584951645012388
0.030474390121339	-0.0384309945811872	0.0256750839231912	0.0237494411931579	-0.00324413999696512
-0.0921717628987656	-0.041558008185418	-0.0121780229377181	-0.0884603432950446	0.0491470700698622
0.0325034307644715	0.022455394574567	-0.0161723135001523	-0.0605275395037736	-0.00275810490156153
0.0346276507714165	-0.0155659852519475	-0.0157348216750898	-0.215088610895319	-0.00287357953194476
0.0451273334574976	-0.0442085498829698	-0.0146251221371218	-0.21848077920793	-0.00355919325663461
-0.0055571081152764	-0.0382910288985605	0.0234910582485205	0.102434287117117	-0.00436282419086896
-0.1454771198582	0.0686099630963512	-0.00755715057951525	-0.140331147149739	-0.00846702238959966
-0.0262198635175964	-0.0104155001931227	-0.0117424381637847	-0.0442463131144423	0.0257113064078138
-0.127262210732949	0.032085686522239	-0.014390364560798	-0.0290148427366807	-0.00278619892095966
-0.0204245600245005	-0.0063963919725184	-0.0122123451564246	0.0889704819987303	-0.00677266568523822
-0.0599265656605787	0.0376074796947977	-0.016247726168323	-0.0908504215538319	-0.00381247551674777
-0.0125549028673375	0.0181961064262696	-0.0048453763812865	0.00991661359112554	-0.00323787119712414
-0.107849007722842	-0.00790597461366241	-0.0118078312590913	-0.150123028261053	-0.00188686918351052
0.229417097030651	0.0598298670853776	-0.0112390229765492	-0.0262500572212558	-0.0036852057019262
-0.0858090279097811	0.0136572408234236	-0.0149585966801309	-0.18259094717766	-0.00300001785839832
0.0116460410032218	0.0415402425609394	-0.0142596841668568	0.00672114462407371	-0.00283791781186417
-0.123902239198875	-0.00260783771928808	0.0134994505602612	-0.0362836710292251	-0.00549959361774975
-0.0674144088947146	0.0396622008033929	0.00198994040621957	-0.0929827311275229	-0.00298974190964743
-0.0894913900657247	0.00428780601314365	-0.0114109021197372	-0.109178642616707	-0.00340462208854264
-0.0690277764073537	-0.00376404158357715	-0.0188451395591543	-0.124291210504656	-0.000935705638119065
0.00218226986787731	0.0295464217008586	0.0225646423198451	0.0816014251396375	-0.00593656211848812
-0.00589032227844812	0.0401534532429153	0.020032771372622	0.0964732898765262	-0.00451209870890092
-0.0685704801194412	-0.00963567064819088	0.00309614049623149	0.0207243782252224	-0.00429314423288814
-0.0639025557335013	-0.00516086416629196	-0.015653372735257	-0.0647108178152933	-0.00120369993881908
-0.127206378592913	0.0442329564040283	0.0177741114763512	-0.194140785319123	-0.00267386888819549
-0.00345816950084999	0.0161233817063181	0.0178005300504713	0.0395871987364059	-0.00567993049078987
-0.179740343207513	0.0570862430328896	-0.011661349458393	0.00995764465714808	-0.00293965618937834
-0.0376977150999879	0.030857062164988	0.0106193155467123	0.0800758189425944	-0.00307896859451682
0.0180601109325268	0.0086588329354555	0.0362967369104213	-0.0259271298988819	-0.00466853221549739
0.0579957633147946	0.0187786213945039	0.0328372213340716	0.0956344514797029	-0.00537985614328423
0.0519337909984796	0.0214446102677532	0.0195539763653727	0.12360989306586	-0.00360682145659871
0.0416848892999768	0.0656532708234997	0.0411880609513552	0.0886882714521279	-0.00324647706173418
0.0916577093458569	0.0469362442039383	-0.0131978888540158	0.0624497180633299	-0.00729727649797737
0.116347662182199	0.047282909083861	-0.0149707998664769	0.0788123480152665	-0.00159159303723275
0.00784578121676606	0.0678107330986199	0.0379308504630641	0.150100314267598	-0.00349552654434109
-0.0427798254737926	-0.0150668591992835	-3.34550749808014e-05	0.0908675968944563	-0.00183545173686046
0.00775819810706997	-0.0100991103995802	0.00508561316037638	0.124818221782851	-0.00321692213896104
0.0777832105230203	-0.0407686408180592	0.0198360698859433	0.195533554598619	-0.00419189829307384
0.188670962653475	0.0136669863839201	-0.0104987006224789	0.0773914211503566	-0.0060779774699532
-0.0655490813431296	-0.0397289032341461	0.00696402579122736	0.125952694505121	-0.00324097519482878
0.0671750169754212	0.0155990256194505	0.0146737218081274	0.0247871765108091	-0.00344510992373967
0.0388752480440214	-0.0274872959470057	-0.0152295760298961	0.188108022101668	-0.00482229879841546
-0.0329421703348138	0.0226135674431943	-0.0121847554669238	0.295956481786659	-0.00428319745129199
0.00784269677987824	-0.0396477998756268	-0.0111524945696896	-0.0590483436881678	-0.00430034987139567
0.0295639308125293	0.00927263564759783	-0.0152431216348726	0.0313251860629648	-0.00381559940639602
-0.119494208439769	-0.00700164399614313	-0.0145162352554859	-0.0286660258226904	-0.00516502037943229
0.0459772339077595	-0.00941537321691162	0.0186742048598185	0.0680754533291155	-0.00351312088999589
0.0278131767815325	-0.0102710689824544	0.00669997622425847	0.0390198903467725	-0.00316129559690791
-0.0205778772240468	0.026595861843586	0.0131744481245604	0.0616835286921644	0.00486418656054613
0.0175869607680034	-0.032545878283249	0.0194348893560422	-0.0438585714341514	-0.00232702400107668
0.0667149209148281	0.0329392651693713	-0.0149019094650715	-0.0485216961445205	-0.00207484361727203
-0.0111434121236587	-0.0356773192865822	-0.0119479244211343	0.147265692428055	-0.00227696656706315
-0.128230495450883	-0.0158365615194753	0.00547221789536348	0.150691926011047	-0.00232303169659875
-0.0505908797988697	-0.0142330983569727	-0.00351232055841555	0.0390432788301121	-0.00349365802470482
-0.0373065946702346	0.0337262472663772	-0.0131563843380273	0.0980938842151596	-0.00242514769225517
0.033251613803168	0.0144638385423249	-0.0147993909282297	0.192339852646651	-0.00357545944183525
0.0960292122612228	0.0822170840453155	0.00921439372122523	0.095691982934571	-0.00284939637473283
-0.056721068016199	0.00932361659114219	-0.00872032424913398	-0.0335643306211155	-0.003354659309248
-0.0355574738647451	-0.0146484371029151	0.0133281526122992	0.110221372242773	-0.00434982899593445
0.0999834336739595	-0.0207050680004895	0.0289087903338069	-0.0245531088735014	-0.00192016315187704
0.137197196279514	0.0229377837134939	0.00572379399639086	-0.119252762950713	-0.00747038901636574
0.058901664233658	0.0787939171706954	0.004601410259235	0.0696020408631136	-0.00509894843559429
0.105363504158441	0.0770378104654286	-0.00964627601064242	0.163515292301221	-0.00331142537572287
0.120792187492019	0.011552362525081	-0.0118574642408453	0.0984112640586777	-0.00440743001947691
0.0713766479149435	-0.01491208266484	0.0174390352718521	0.0311973503381816	-0.00604027222721607
-0.0623365926720939	0.00856433713917702	0.0132173690631866	0.21392742371682	-0.00235129412300237
0.172175880522648	-0.015153272593197	-0.0101657529559147	0.0290015265201558	-0.00399654716055414
-0.0642250892376922	0.0374617808596178	0.0132601260610048	-0.0376992555889841	-0.0033656064923655
-0.0251765894265075	0.0513464487844817	-0.0157420152740086	0.171860475231278	-0.00224021609445613
-0.146071169246266	0.157525127723194	-0.0161760782877727	-0.0512610174229763	-0.00225600080067066
0.0454364196064172	-0.00105951761925367	-0.00183130398113833	0.0314721728887956	-0.00237373333093394
0.051968099700622	0.0298046238553437	0.0120995294045518	0.0184290931972532	-0.00473604180599377
0.0297229024160646	-0.0208462465025719	-0.011154449257623	0.0419823783220064	-0.00385031548796598
0.0572456167196706	0.0175930334274374	0.0153457926731618	-0.0067093715301176	-0.00178420696617945
-0.0194650266569827	0.00395861062878251	0.00855694925396816	-0.0365326044907009	-0.00383021123846695
0.121890541649007	0.00847227513817663	-0.0155714081904002	-0.149033756890096	-0.00293453842057754
0.108824512648387	0.125266018488011	-0.0128224562753304	-0.121084363611537	-0.0052117495034601
0.0471079170407787	-0.0287300326706648	0.0531746925680362	0.0227385270133553	-0.00288135114123372
-0.106150702961681	0.0883256011991287	0.0196297286815933	0.175041392081624	-0.00329881610173801
-0.145842333818271	-0.0429501136233669	-0.0176316136340769	-0.0231893811668881	-0.00321463181989489
0.0960450288537946	-0.0195840562561763	0.0118945170366178	0.0835719194681734	-0.00748979722412497
0.0942223026162445	-0.0155259516097121	0.129781701592617	0.117930434939806	-0.00322903111009816
0.0809541977898371	0.0161181748178567	0.00568584383318648	-0.0886621427847781	0.0366536419809242
-0.0021624557835741	0.0435653963350976	-0.0115838158003187	0.0675951616727178	-0.00217457143900607
0.149628752838816	0.0628597335883912	0.00899615640956183	0.0568342597340612	-0.0049994177388812
0.0405993131794503	0.0226485363581535	0.0163248051673131	-0.0157409284856363	-0.00166751925469373
-0.154978986225431	-0.0157362373379616	0.0154444021531093	0.0233153717005779	-0.00324003410984987
0.0774748930997936	0.00155461785070304	-0.00359538844971438	-0.0518918864783187	-0.0038382835762395
0.107194047039579	-0.00450490711247167	-0.0113321082891047	0.0362301125397434	-0.00388804232158372
0.0890438829863018	0.0559724437177304	-0.0136451366332407	0.0307393297349093	-0.00277864667595207
0.0426608510526209	-0.0087028502190521	-0.00122600128063457	0.0379714696526929	-0.0030593873765295
0.0557749739452979	-0.00940185560226118	0.0199332171086216	0.116849634125078	-0.00623429506079634
0.130971978088645	0.052698904213772	-0.0163031901522805	-0.0419292716851364	-0.00473796326800134
0.0575875705947863	0.048780056311292	-0.0157514478753929	0.0134677066578375	-0.00451656645981767
-0.0447674819027116	-0.0441244717254177	-0.014821530366147	0.108226229174889	-0.00359097373117336
0.322729377963428	0.00775186575338766	-0.0148592487811304	-0.238145556186715	-0.00550382272790469
0.0760277691344603	0.0642946513856748	-0.0155942510283263	0.049963692444695	0.0697115913636951
0.0984246885489703	0.0145318983379047	-0.0110407736075863	-0.025885746021065	-0.0056985754973232
0.127683075025006	0.158368540670767	-0.012214630162762	0.194601004933765	-0.00279323983204192
0.0250733391043273	0.00589237216179757	0.00236640168516914	-0.0289031308340525	-0.0022340996407177
0.0465503472699768	0.0315819081898312	-0.0159364504928098	0.0569083205459156	-0.0022382744352329
0.00367540800559569	-0.0300821689260432	-0.00514815534565836	-0.0237520703900238	0.0170050268236911
0.0213882352631066	-0.022129078433229	-0.0178119295085496	0.214711811913644	-0.00396837758123476
0.0628675304890279	-0.0132515423149923	-0.0127170927279781	0.0124003165509461	-0.00431034514047939
0.0372172018973133	0.150787439629176	0.0541405883930224	0.0598513753020199	-0.00285972515705132
0.0597966800208098	-0.00850959843933118	0.00726812996200206	0.104267463267704	-0.00308737499387297
-0.020268684086153	0.0206228402189522	0.00498461368589436	0.104791687227683	-0.00410510251634728
0.0336854406293486	0.147061850348501	-0.0141293784140937	0.21182455226673	-0.00368784071061132
-0.00334513477994885	-0.0181942561993444	-0.0143014625032396	0.232527512779772	-0.0036338708915493
0.102519079821776	0.0102760806273833	-0.0127218067477176	0.0441094357964315	-0.00446055495599395
-0.00411981365171546	0.0156245831184767	-0.011988750477428	0.024568464344902	-0.00309509330786131
-0.0306100279569147	-0.00216193864233169	-0.00611826278996832	0.103740110728841	-0.00219167923339902
0.143845869924699	0.0425202457124037	0.0150331617878028	0.0095546678889088	-0.0016422048048844
0.0627373745644325	0.00905108681374086	-0.00118827302364651	-0.0105136500260695	-0.00387192992414514
-0.0510287749349695	-0.0106345091186202	-0.0175855852067515	0.118006479177298	-0.00390896217897546
-0.0246225375950926	0.041534043156385	0.051710255687955	-0.042254692916947	-0.00510998499174079
0.0550935409876116	0.0381961630281359	0.00859793746730952	-0.0177041897945873	-0.00526461142437397
-0.0703264185970114	0.0181487261009367	-0.0111808585643662	0.0744750841634469	-0.00637318068722968
-0.113466659548382	-0.0373142251075615	0.0949381875520172	0.179868158347028	-0.00380939580357831
-0.00963145350582027	0.0195788779326716	0.02522103856151	0.0914176400539351	-0.00197119121531517
-0.0293508875065646	0.0229099164853378	0.022384489981527	0.165318867600747	-0.00689892086626139
-0.00746815285688486	-0.0122567284590099	-0.000198505880180632	0.0888772609440295	-0.00491650198088393
0.0547630318338732	0.0413948573480837	-0.0148409438855528	0.176905943719061	-0.00235170626679397
-0.0499805447211227	0.0102156087668607	0.0138946275678811	0.0206566307494378	-0.00541041533276828
0.00754463345446548	0.0617006086662487	0.0332306009983189	0.108916798028237	-0.00355507456814382
0.0740632183073406	0.0212092298545293	0.0190497470470779	0.0685512747981441	-0.00470228272335111
0.0190735121779548	0.0364255948945405	-0.00083033387342708	0.0920258854406579	-0.00474440075512764
-0.0558513734456552	-0.0438261149393778	-0.0147924453791163	0.126037245801909	-0.00500986755436999
-0.0800633729478737	0.00845066788762205	0.00164089133834653	0.027038087036029	-0.00433843821134744
-0.120176599264394	-0.0400303069776103	-0.0130200517095597	0.105388850550827	-0.00324924018376323
-0.0248259150560961	0.0263554858108099	-0.0147706194965661	0.178874584402377	-0.0011108362817023
0.140528396714346	0.0422481931949418	0.0172208509840449	0.157599390035593	0.023674422492122
-0.0226533474373699	-0.00187372964987517	-0.0157886977309853	0.194723788696877	-0.00231901089984261
-0.0027515817380832	-0.0158360972219182	-0.0127368788373343	0.0732388540696656	-0.00434535711348862
0.0900306203890349	-0.0476728422291424	0.0497688658641353	0.131803891891257	-0.00443364153872759
0.0219567262584159	0.00825894631200846	0.00785481245689479	0.190174954398808	-0.00104185873116136
-0.00422311558771518	0.0667355183863318	-0.0124176261716696	0.0549079930326893	-0.00276627520315235
0.0354361855788099	0.0317486181190854	-0.00961720404385089	-0.110777158173153	-0.00458220244847676
-0.0617916567872509	0.0523033754757829	-0.0155620170225475	0.0493857367396926	-0.00162031614539968
-0.0265712094266005	0.0541240426628528	-0.010891005667789	-0.12428536658164	-0.00599509910788395
-0.0245623648573408	0.0156973698207602	0.0024704707482752	0.0466548584273722	-0.00472404851338318
0.103533110490549	0.0110673067749464	0.000388701934481566	0.138431555147182	0.034848399516319
-0.00147242821161592	0.00122295023992434	-0.00336841345409986	0.103502857332625	-0.0031711671362425
0.144790027117434	0.00570606353303506	-0.013249100531018	-0.132305627531488	-0.00337334392096522
0.026897401625524	0.0930702964513971	-0.0148898223879951	-0.0541733484217161	0.0331362800472405
0.0511954669996116	0.0153611686579657	-0.0143236982237239	0.210683040762057	-0.00202740308955029
-0.0367816420390538	0.0101333168346186	-0.0136910111153774	0.126029217031437	-0.000374871236598249
0.0485691318936545	-0.013622673404511	-0.0136354521580141	0.0809391137446221	-0.00495693871388674
0.0318036233274676	-0.00560726469945672	0.0178334330967174	0.107974555672617	-0.00670401781315539
0.101179346347392	0.023547449123678	-0.014155078281741	0.124601148105452	-0.00596227792499252
0.238034883195509	0.0425886763173633	-0.0133235321903562	0.0161214401503777	-0.00486694949793213
-0.0550993972089265	0.0163476251679457	-0.0137969870600008	0.261784174660605	0.126279605313901
0.0777872640200006	0.0875258127518556	0.0323484909203186	-0.0365320917913793	-0.00576038727342044
-0.0390791273916039	-0.0429876198629426	0.00865506773891861	0.142377855276993	0.0207687807440585
-0.00598402370606351	-0.0245124744116803	-0.0139864503018732	-0.0499299475883904	-0.00707566865319676
-0.00201205350474609	0.0150427379690744	-0.0157430968740895	0.0914594967911816	0.0176028134831681
-0.115753582298153	-0.0070233762309711	0.00242707860051825	-0.00222227519905851	0.0146297801183513
0.0545296086087849	-0.00873955809269175	0.00468217400141886	0.0645623614348356	-0.00564549170112528
-0.0152029663806858	0.0672676832513426	-0.0132436925356875	0.0907491461719768	-0.00296367231554071
0.0580873389437087	0.0772905269522652	-0.0133216307677056	0.070818535617975	-0.00200647292038323
0.0446379781689959	0.00707124435308069	-0.0146022126761241	0.049215270098428	-0.00158970920063608
0.0218144056876018	0.000586266937484912	-0.0126199706105065	0.276568059701714	-0.00533961090457128
0.0520354849834139	0.000695577843187452	-0.0122808176509409	0.00597132686412166	-0.00162661426050784
0.0484021622045941	0.189379715137813	-0.0152694834471614	-0.01948405000303	-0.00514858764586907
-0.0506870792913834	0.00539388289482251	-0.00060995804481112	-0.0288201762859495	-0.00118186805375356
-0.00364301763393526	0.0104969782681077	-0.014800241308717	0.101424276461248	-0.00423696066465516
0.00883921711395335	-0.0159220029179738	0.0175307800996795	0.0874859033221543	-0.00586404760412854
-0.0570394013287183	-0.0294265507145093	-0.0140954604981452	0.0496647843640728	-0.00513651983493421
-0.0221237965021987	-0.036919935980463	-0.0116272221295337	0.0640061392447432	-0.00330548766700955
0.0281133911783081	0.0250181646266398	0.0182086360250574	-0.0371189191670384	-0.0030148202012757
0.0261153836332679	0.0340618485407865	-0.0140955112131822	0.031323640820131	-0.00490573903329194
-0.0872042521758996	-0.0168115335053336	0.00910823397234673	0.0621130906946182	-0.00387678619990061
-0.00427897716469583	-0.0275435758258624	0.00183282652559611	0.00911221244099436	-0.00409072136624991
0.0832760626680394	0.00597704309975803	-0.0145741589466321	-0.00575562021948405	-0.00339965131169804
0.0143235937641157	-0.0411313724768358	0.0480952617001881	-0.241821060289477	-0.004568837609558
-0.000420938616778305	-0.00598623296022608	0.0144993806761019	0.0154479689610283	-0.00237781946299115
-0.00111718256505323	0.0149224520087551	-0.0152986181715546	0.164229734499061	-0.0015497669460233
0.0212067576480466	0.0275618945521703	-0.0148633085928101	0.0976209410249285	-0.00516630128348384
0.238304564972711	-0.0390429835016388	-0.0121157618797986	-0.510361800911501	-0.000994017036997915
-0.0221724100451539	0.00277977165680682	0.00225127744504537	0.188927605254633	-0.00664211934762041
0.146519951705627	-0.0478913616839646	-0.0145345496342629	-0.0591396411011716	-0.00463421897341261
0.0513430505731198	0.076704280377305	0.00122952504201023	0.0333143078025883	-0.0017246935952895
0.135574934846526	-0.00623332053914705	0.0204972025168542	0.147364153906907	-0.00287638099008478
-0.0132544693689532	0.0465990729652595	0.0162705448408038	0.0846821569351052	-0.0041187558035917
0.105376382498764	0.0390040376165491	-0.0104594013644378	0.135327031229432	-0.00490575509055875
0.085717270703249	-0.0185098335515151	-0.0151661431930869	0.164107591862961	-0.00249698258345947
-0.0154371221372689	-0.0112962667146381	0.0102216012268714	0.158270102460171	-0.00548495447185727
0.116061547613446	-0.0361049990963075	-0.0122651217451178	0.177465332893003	-0.00220788876960159
0.00375913606975926	0.0657978723205169	0.00604580275479556	0.0589410234245798	-0.00340198732496022
0.0974855638039672	0.00680825393585849	0.0379899181942862	0.175735854343252	-0.00174301740054641
0.105466354778267	-0.0442527375301314	-0.0117520461124636	0.0356507938603338	0.0552120649275662
-0.102896463988251	-0.00197400625479472	0.00552648411190353	-0.178150910873737	-0.00366074267195432
-0.0413217579735215	0.0305072794324212	-0.0130949887466791	-0.224792593711472	-0.00346812215368745
-0.024571607326444	-0.0440760269439939	0.0608015691454653	-0.160111241442438	-0.00243669762412893
-0.0581854163352682	0.0110851974993349	0.0107660547736878	-0.115229915271403	-0.00184716749967317
-0.00809155186228793	0.0193306743553978	-0.0177032656180461	0.0141435954106483	-0.00419295152926626
-0.0851117068166333	-0.0468792239609719	0.0250563070998478	0.058529450173191	-0.00646722614077717
-0.0657389049986761	-0.0472351585224351	-0.0038232833032071	-0.0143370168849023	-0.00389442382943217
-0.116893097315169	-0.0365888613258033	-0.0111810438946408	-0.51488265497	-0.00392225157884794
-0.213823663560099	-0.0521880977949281	-0.0156670817253347	0.165504690738512	-0.00352336144187294
-0.0162052693957867	0.0215901079156814	-0.012097616564287	0.0616455435519303	-0.00232759525215047
0.0241295842321225	-0.00302587086843939	0.0412987530125233	-0.0939720193959133	-0.00397705652985858
-0.0672744604057646	0.047021696391367	-0.0132444993703039	-0.192144535612311	-0.00500833984199154
-0.0501352548692674	-0.0393529806693934	0.00394384747155161	0.00544253045383044	-0.00300196545211021
-0.141903916800501	-0.0375711269447312	-0.0109205533412293	0.0334449776209852	-0.00318223943393312
0.0394251469254764	-0.00610794391820058	0.0228013414581905	0.267436839831491	-0.00329624461039294
0.0106564205616162	-0.0219871367287164	0.00775673497953155	-0.036089604651763	0.0161141633653417
-0.118786065647923	0.0513775003515909	-0.0178268297344323	-0.0178126498092637	-0.00286165819177133
-0.0444127747557668	0.00193495311052159	-0.00798682640744637	0.0806625962077431	-0.00113803958354441
0.158984475629796	0.0280023554790298	-0.0167470571908166	0.069281533346177	-0.00366466796854854
0.05576946015721	0.00311733954209274	0.000104554470949429	0.0179737708719386	0.0126355055930881
-0.0331209215052118	0.00759691248550084	-0.0126977578459621	-0.0276592270372955	-0.00488224255556619
0.00903148641758803	-0.0191305071646972	-0.0157106988714896	0.0382800955117108	-0.00269085201297765
-0.0113268634985813	0.000732337242355674	0.00588213536140586	0.0463588869601343	0.0201246390836104
-0.00287169439359929	0.051318788915562	-0.00115300029778217	-0.0124831058815005	0.0116410080805243
-0.0708372942701714	0.0360709913232233	0.0139302422102614	0.142033944098032	-0.00512942900986564
-0.0263428036109584	0.0179009146748332	-0.0149066838327453	0.0350662674647869	-0.00378867686425841
-0.0929259699809288	0.113636969100405	-0.00996451205991842	0.0543264001784678	-0.00611791815288428
0.048828700900746	0.00507607757534782	-0.0103470429883826	-0.0167354255348223	0.0393778254428464
0.0177926612321732	0.0293312772146136	0.010470855688981	0.16609959773322	-0.00391096602342787
-0.0870682979285028	0.0107815422550397	0.00341530525109577	-0.0561966259507738	-0.00195598000495681
-0.0153874294977436	-0.0130538821122732	-0.0133190391304426	0.0676941574475558	-0.00398047536465662
0.19097070140805	-0.0501239484867472	-0.0137182136830655	-0.0883062675383406	-0.00579986354665002
0.065287525472519	0.0262682340638628	-0.00237141884099671	0.130345901211023	0.00991231427913023
-0.0191065603154399	-0.015694771095852	-0.0129622412369888	0.0357977799491831	-0.00399180202614949
-0.0257895607717917	-0.00854595180229116	0.0429351387964917	0.064163585423789	-0.00580654864356935
-0.0270445536147108	0.0311540160965229	0.00259857154050598	-0.0497630144582296	-0.00451690433701891
0.0249966185456047	0.0118823313801557	-0.0135815634217192	0.0703086934954144	-0.00262925985118898
-0.0181292306989728	0.0138729892982946	-0.0156156070684519	0.147149835270659	-0.00405332862374589
0.0500936591635011	-0.0425091963336736	-0.0135904321335961	0.256312291559661	-0.00456328574033174
-0.0898664739170081	0.00617926835328532	-0.0111083016909195	0.154062915930956	-0.00411281750060045
0.000806825778073988	0.0100897622233423	-0.0138437953032631	0.0976311799739818	0.0137366427271495
-0.0636525824461019	0.00126566459700711	-0.0149721606727936	-0.036081539379402	-0.00396732430641251
0.0731808583955687	-0.00107023341737531	0.0394063864250746	0.133699096455053	-0.00259506395288874
-0.044116651587106	0.0629325918924806	0.0113481273218438	0.123430091439076	-0.00555623491150809
0.199495199655749	0.0273968839128392	0.00277323905295539	0.0816255828510663	-0.00252758078364348
0.0361680941335691	0.070432252259775	-0.0141562441346778	0.132735384962836	-0.00353251931076873
0.0761147915441424	-0.0076656009002653	-0.0121267697109561	0.149939856139426	-0.00505133906738045
-0.00325965019068179	0.0548626403123532	0.093461926201955	0.147131770320947	-0.00267091673528945
-0.00617726022598944	0.0452082744684872	0.0447193876640713	0.343797079323863	-0.0038179778990664
-0.183456730405444	0.0144760562165923	0.0404802819224944	0.232333847167268	-0.00102407816983097
-0.0787400216997759	-0.0486186912275295	-0.0160347883971833	0.0751760342223435	-0.00385038951166961
-0.101552719134676	0.000640493444869094	-0.0152960967701472	-0.0552469146726696	-0.00647728938501874
-0.0185616582870808	0.0750585047869842	-0.0157740613381811	0.17008096994323	0.02794753203196
-0.0774392166987823	-0.0400249883226128	-0.0135965585921963	0.0945628392993077	-0.00394651228104138
0.0155280196171865	0.0418160725211514	0.0235768798906649	-0.0225896352018946	0.00308603219139858
0.182152188064662	0.0456431117237157	0.0291358616550553	0.17600987064399	-0.00339602690258267
0.0720509639196392	0.02561865110982	0.0335658918767288	0.130918628024864	0.0193491819636955
0.114823502748295	0.0358438582639446	0.0284594207721767	0.0685337208942831	-0.00507762835329596
0.0981642571228714	0.0332227919862781	-0.00102189713008531	0.126548055292198	-0.00299657749806861
-0.131432327000268	0.0188577303727056	0.0207917312624842	0.123039750187521	0.0276966402344665
-0.00364445201518349	-0.00496627005458781	-0.0125433099349259	0.0152774361843179	-0.00515811238077416
0.095720453617848	0.00648749119893394	-0.0159594206103407	0.214390395032932	-0.00205501355280752
0.104526827543354	0.0677265202384107	0.0126930746885569	0.183701206924536	0.0258561741582069
0.225281175552433	0.0394976128558997	-0.0155925648456056	0.170883709438254	0.0324577801901154
0.021698633522408	-0.00325600079818891	-0.014772157563327	0.127974832919475	-0.00195501289632282
0.150281528027145	0.0683499585296998	-0.0124650750970045	0.190007750714719	-0.00260569892188781
0.109086113125194	0.101721116443522	-0.0140626158557082	0.205122057377694	-0.0012345371197927
0.316757974785843	-0.0389971367701035	-0.0112522849619328	0.229153040288943	-0.00507347200653453
-0.00937332183820751	-0.00255112056084321	-0.0132681556467754	0.0512206705216234	-0.00449002637370824
0.0372243155037378	0.0178106784945146	0.00397471823080223	0.0710925664273998	-0.00444771991322597
0.00438295236829201	0.0498966726665977	0.0249857022591788	0.0328444510698616	-0.00349372402960645
0.0015757158502296	0.0318612722504028	0.0167155427577085	0.204199256355106	-0.0053942058938552
0.0823588134012319	0.00634460354598656	-0.0109496152502291	0.0535578169845283	-0.00583297111760682
-0.107511008024561	0.023474247234584	0.0292555017643036	0.135885276319927	-0.00221053002178118
-0.00419012486822722	-0.0101059880124943	0.022593013666059	-0.109286995652723	-0.00369392388689078
-0.0322475666868125	-0.0186019229316966	-0.0127456266280942	0.223019229673511	-0.00420009185805336
-0.0452244388274718	0.0892547281828671	-0.0139048181422747	0.105150920391729	-0.00326556967180252
-0.0273295780569281	0.000784909896823721	0.0250248707058199	0.169681867893324	-0.00109933474367666
-0.0648707141637323	-0.0394500679664984	-0.0103989429654568	0.229279326349713	-0.00488279263218592
-0.00161901805905218	0.0045247186547842	0.0161682877580332	0.0474807385038713	-0.00195143814626387
0.0561050353400565	0.00831993213217718	0.0141773089762915	0.217232298387325	-0.00604726587808445
0.032929895465137	-0.0472440139715305	0.0250612249998895	0.114128483040642	-0.00299500537844805
-0.00903148418498442	-0.0286415842325152	0.0084560226124486	0.0132905805962889	-0.00483348621618667
0.0382562937233683	0.0191305830648876	-0.0115960649778843	0.184439984983563	-0.00379520251227936
-0.118718457230573	-0.0202096567062488	0.10885661014917	0.165724315988551	-0.00218783140914074
0.0789937127525148	-0.0481732559528321	0.010142938705143	0.0665497349304681	-0.00399851175886114
0.0173218379183985	0.0566075583571566	0.0263968756927506	0.0909674162686035	-0.00619859533325737
0.0552558467995091	-0.0233771185731939	0.00292885996260454	0.0258536650626467	-0.00230883884819043
0.0446418687563751	0.00399361608868948	0.00744239637876791	0.0492051692195432	-0.00258773144425914
0.0455974750805315	-0.00566750605117731	0.0243133458936774	0.0865975388912832	-0.0048418024111936
0.0508736170041051	-0.0468938520742272	0.0319908816108551	0.0709015415521139	-0.00697721485295719
0.0298460018323725	0.0496768641032768	-0.0103870734277398	0.103447601089646	-0.00585248700759443
-0.0290381860652934	0.0175475192264926	-0.011671873170534	-0.0314445955815724	-0.00472498552598936
0.0114957971873752	0.00529407841043482	0.0402889597527414	0.184325091948142	-0.00530883976295419
0.136510006372503	-0.0452370431071899	-0.0142297010702855	0.0550116883630744	-0.00203201489461868
0.0498436421307555	-0.00389305012401277	0.0230175221685955	0.173493737493126	-0.00277685337157209
0.0281103411766421	-0.0177292326858197	-0.0118790154784243	0.088191420771562	-0.00601144842707378
-0.142378555253207	0.0263430461979973	-0.0160044883748589	0.0429700984100178	-0.00251948922538138
-0.00421487938688029	-0.0456705639337689	0.064977581895649	-0.0552130962267401	-0.002524342863212
-0.102196477254634	0.0194339996678115	-0.0150876864699015	0.0373872995144112	0.0187896197449663
0.0942899987343532	-0.0122115151170398	-0.0142330407031046	0.146293177940813	-0.00561567268630167
0.00563962085603914	-0.0482806541391565	0.0277138851803722	0.00512964994596874	-0.00269730293513104
0.0224807225272566	0.0774969487844428	-0.0131166338724937	0.174357755736992	-0.00281526577165173
-0.00644095449358535	-0.048702670145807	-0.0146132629754963	0.173037389463726	-0.00483352712289402
-0.0189106247322051	0.0850959568541844	-0.012518895033583	0.163484500905645	-0.00395705531165289
-0.118558297386378	-0.00203403195837129	-0.014049541639466	0.140787293674147	-0.00323807387115201
-0.00585265896299298	-0.00329057906477121	-0.0128233960795929	0.109453424954961	-0.00190488514966608
-0.207956773195362	-0.0421042232212826	-0.0106686535830981	0.0595597695228635	-0.00657841615574593
0.12377715978944	0.101524479253262	0.0627843670156584	0.133175324606154	-0.00342141711099645
-0.0435221992954029	0.0179365361532374	-0.0128569018596325	0.083297115155319	-0.00570711134222957
0.0421258108285387	0.00947035930739251	-0.0111706135287853	0.120917212982276	0.0272946753748614
-0.0276382668917351	0.0153109464961859	-0.00982593863460828	0.0213275162474961	0.0156118404038554
-0.0287948648525622	0.00416703686702278	0.000198049967163623	0.125285891044905	0.0280609505141344
-0.00853667369165333	-0.0364953252901418	0.0203265191043494	-0.0584934800099626	-0.00387384372185629
-0.0234208944087689	0.0167572816611003	0.00415535906761347	0.0367986228665154	0.00172028751572238
0.0627984740947451	-0.0120400144562929	0.0162874392106304	0.0882718648506496	-0.00242418040926126
0.0308012330900302	0.0146145442510272	-0.00116939528174475	0.086208440943546	-0.00313218618143994
0.0149690879857493	-0.0405714189826075	-0.011628893779531	0.138613559125579	-0.00132244578548236
-0.0149807801882814	-0.00201466855463603	0.00122804174919255	-0.0847287218930869	-0.00454097070636821
0.0357907767026081	-0.0286373989925504	-0.0153130854646961	-0.0324499871881257	-0.00410017656461615
-0.0537598493567977	0.0108730634924872	0.00387289561957787	-0.0600025577090042	-0.00104322617911749
0.0301819338333333	0.00537421035067084	-0.0079528636020605	0.0485172567743932	-0.00361113104726515
-0.00664643535541764	-0.0159358885673458	0.00176518272112061	0.0359379574454609	-0.00608905128117432
0.00735607903766128	0.0515921898453044	0.00638939079002899	-0.00334711664473902	-0.00349826720998814
0.0274147939023927	0.00589848483193327	0.0193969589791218	0.055504632477441	0.019147513808864
-0.0200604963800532	-0.0275499071281979	0.0434412678661372	0.0734802474088	-0.00554443745627301
-0.0968677207829233	-0.00531071577756491	-0.0137370080199323	0.0431853817496615	-0.00453946973499619
0.00167128013092348	-0.0438753004047779	0.019027783115309	0.0638951807255456	-0.00623056090927929
0.00113737647644882	0.0280841851767896	0.00484406911892803	-0.0330863146038296	0.0138315927562609
-0.0226514958857698	-0.0405645687357005	0.0156861115507844	0.013672535241512	-0.00236140126789311
0.0239831832525325	-0.0217538829251663	-0.0123688802595751	0.02848374929336	-0.00432946430696663
0.102520448916298	-0.010467954364772	-0.00215600025150532	-0.0676629827900803	-0.00333377291983003
0.0309951686902807	-0.0353726322179583	-0.0101651202454358	-0.0909372429305829	-0.00435739360344127
0.0472817106023693	-0.0146328216117676	0.0190612118138949	0.0161364143057692	0.00467525443860083
-0.0230791867469089	-0.037289878571923	-0.00985333355763212	0.0137592154452875	-0.00344866492889996
0.0514735774202452	-0.0139277764365268	-0.0157417772551851	0.0940614572006261	-0.00328490444185964
0.0257333543237877	-0.008728418369446	0.00994420029264626	-7.50246749866192e-05	-0.00415384884124752
-0.00935864905187323	0.0373587602375878	0.00889454449990869	0.103587427868366	-0.00401369017927769
0.0171558032018874	-0.0449924466125423	0.0199197472409882	-0.137445161208766	-0.00432278776076867
0.144709300032266	0.0476159775463722	-0.0124413320207965	0.11628305759229	-0.00478082334748344
-0.0387401307325804	-0.0172331910829518	0.0174805146808451	0.0235345555340783	0.026311636537629
0.0171038236055503	-0.0395097340933138	-0.0106435435978971	-0.115383610896648	-0.0043741232594632
-0.100326213277882	-0.0186322876509196	-0.0147417027393718	0.0528712809200802	-0.00563331025294134
0.018599616539189	-0.0446208297749883	-0.0136753598195701	0.0363319863984801	-0.00452012135647675
0.114073829244327	-0.0154705458475102	0.00791821736162736	0.0690196356334815	-0.00167967310419256
0.0338899268415413	-0.00246379111954595	0.0420856080714451	0.0592006766525433	0.0569438832744636
-0.0776720401895897	-0.00111861903483625	0.0237590904160682	0.108175998227237	-0.00299587509367317
-0.0669981964102419	0.00795965420530717	0.00265671714303841	0.159463036695718	-0.00369590284915356
0.105592146137532	-0.0229014976543814	-0.0160177144389988	0.0231908714843371	-0.00340614508086654
0.0679030566414238	0.0353808129116192	0.0439033984963873	0.0742237981262918	-0.00401043203036602
0.0115089117646244	0.035671319839602	0.0665383326091578	-0.0547273761935374	-0.00411941771995604
-0.000334467190127159	0.000159927518427517	0.0237130596979294	0.130431062167541	0.0511125641137768
0.025187417257484	-0.0109922120112022	0.0203475753745437	0.0408215095493932	-0.00234254396271763
0.0138016231501675	0.0497441244422038	0.0135466771804859	-0.00124000801772953	0.0178695848138559
-0.0529194977113042	-0.00951230684053319	0.0214038023398627	-0.0760289001936176	0.033871537473626
-0.0129603324385019	0.0391418660024799	0.0260983673720716	-0.0407594164594863	-0.00336498556418311
-0.147712664528064	-0.00463871261590843	-0.0167635270608987	0.00848483762848136	-0.00440457961127974
0.110323109252236	0.0193521672737377	-0.00174596176930722	0.0775400485091158	-0.00181042048109955
0.0612393392755898	-0.00595995767596405	-0.00511467125348868	0.0546532733618346	-0.00281471636146203
0.0327987369866242	0.176406436511939	-0.0103278703973702	0.102195839504932	0.0870772160006307
-0.0609133742611634	0.034998082953398	-0.010535462201179	0.172040588695848	-0.00437364552481275
-0.0888137634455278	0.00327981842197807	-0.0147639379696749	0.165886857988009	-0.00316949698677479
-0.0847404317029346	0.00182294362725908	0.0263216503900446	0.0615483543993226	0.00894994985870004
0.0434237449468075	-0.0155073626529788	0.011955074713879	0.0496903216594802	-0.002489408018718
0.0170295355986735	-0.00623949493857228	0.0328777694179066	0.0150650113557708	-0.00316346301271703
-0.071699144559016	0.0147535716196769	0.0149995995095546	0.0436689854743718	-0.00344645181862684
0.00889141695247201	0.0615655362824715	-0.00787554824694797	-0.150837725126432	0.144512308472635
-0.0757082515892399	0.0124453560154148	-0.0162450438270297	-0.0432909843572875	-0.00407516439663332
0.00201923552793304	-0.0347234230115383	-0.013578540852397	0.0858327338355322	-0.000564464098614812
0.14832276456497	0.0326257073547325	-0.0131580470527399	0.0125069034365858	-0.00458690205728887
-0.0519430459842775	0.0146030147795032	0.0453046070320227	-0.0866876855261535	-0.00520069404741724
0.0939074213711759	0.0500892477150068	0.0104445442647672	0.126360590191449	-0.0043867353860259
0.0109964231277802	0.00667506639124766	-0.00293436523063003	0.0302562945074709	-0.00440216044015318
-0.039347718426269	-0.00886915583904576	-0.0170653487993558	0.184147452154437	-0.00283158101796641
0.10857737994683	0.0209929695932704	0.0253916443578842	0.0811967748813733	-0.00215166428490615
0.078127280585222	0.045357398428894	0.0307804494509039	0.176642889865122	-0.00192028048084219
0.0459456214414098	0.016283991852893	-0.0146552426098967	0.106649801025494	-0.0032083057401311
0.106101503531723	0.000548239291373141	-0.0138641898907206	0.0235426439960895	-0.00108594316960081
0.0142309613527891	0.0122749416567945	-0.000921419298315522	0.0965157004112374	-0.00203965593603016
0.111589148594218	0.070361211691261	-0.0124178015374288	0.102034547050722	-0.0035039595566773
-0.0197889273069564	0.0745138826793726	-0.0142892260363818	0.210662421757963	-0.00475562861956195
0.0513055091862073	0.0465932186087901	0.015756353694271	0.000763435817147516	-0.00253581215128281
0.0612773103689602	0.0306247143196121	-0.0108250535328596	0.162849876963665	-0.00549031373449549
0.0474272517876997	0.0320256166891193	-0.0105553395926171	0.0823444429927019	-0.0081721784956275
-0.0673976704994627	0.0229995047023932	-0.0158606012074152	0.0606690631182269	-0.00467233586220889
0.00464347120691499	-0.0499829467048347	0.0108511295592075	0.200155160591166	-0.00288014620898481
-0.0213787230269498	0.00362097983600275	-0.0121972620653053	0.0609863379193273	-0.00256800362130093
0.0464393286496251	-0.00271693274545427	-0.0125897454414287	-0.129122563360618	-0.00327865067644072
0.00777229229958373	-0.0451613962693129	-0.0159547350789975	-0.121243360518826	-0.00343216732220074
-0.0612758338731594	0.0250403847805931	-0.0133189706835876	0.0510416611651618	-0.00491762955907974
0.0486047728038407	0.00300082621689137	0.00991922377319907	-0.0346192527659873	-0.00451895727758789
0.0232913550607851	-0.00161493184573995	-0.014263763943264	0.0663519735193804	-0.00144021391172989
0.0771680580907215	0.00944937126599669	-0.0151032833367407	0.0249698666327703	-0.0022290962339255
-0.0443651064403672	-0.0441911228212388	-0.0146323261315216	0.11036582651279	-0.00140748616852566
0.0438630098297552	0.0944830804434692	-0.0122605850090506	0.306638243615871	-0.00276382098620376
-0.125917272565314	-0.0126034639520889	-0.00948641968031629	0.0747439466451464	-0.0055817068885674
0.0572604657934711	-0.00319849754088017	-0.0140763370119437	-0.242619487024448	-0.00448839076311936
0.0215753744266353	0.0230921698305966	-0.0117676867761974	-0.0407724792516308	0.0283474174679969
0.0176625727510195	-0.0446638297461928	-0.0163218804486283	-0.209335301175237	-0.00312767233247749
-0.0141196008222626	-0.0271714821858024	-0.00344409330443946	-0.0816023812497665	-0.00313620736913801
0.00813554406606997	-0.0419336622104292	-0.011195915337523	0.11965567823512	-0.0036097357093754
-0.185257422711062	0.0032758147924749	-0.0131927569165428	0.1179934280954	-0.00193994381549929
-0.0774728736271431	0.0171851321120182	-0.0124441829601669	-0.0845347051846265	-0.00640957267210916
0.10534229290273	0.0185284173407102	-0.0120809120634266	0.0510005385144662	-0.00397897233655556
0.21692614793397	0.0171854422421544	-0.0143736883397335	-0.140926294666984	-0.00187707961463641
-0.140350089817544	-0.0437107233465521	-0.0152197302371916	-0.0517814257222538	-0.00446560503154327
0.0731453124587086	-0.0137584304642823	-0.0158342030866437	-0.083548098490673	0.0248637445053307
0.00335938307994296	-0.039691043613578	-0.0148540760978756	-0.00630962484773367	-0.00255604910727464
0.101226550890795	-0.0442211917535985	0.013976978428599	0.060527830449737	-0.00775485548289107
-0.0473533449133456	-0.00902519753659291	-0.00559977242424816	-0.178429604221763	-0.00539839551901238
-0.0492905541170589	-0.0258435396478256	-0.0127713071732016	-0.0237408845545645	-0.00353792005979627
-0.0391257851182528	-0.0171247056813247	0.00757556426664942	-0.162618464433288	-0.00157852178202918
-0.0610664157083502	-0.0435633107188802	-0.012341521115447	-0.0957494215693106	0.0591447276626895
0.111143582904893	0.00860902993444872	-0.00932685249073201	0.0261521149748024	-0.00519735411679472
-0.0589263736444968	-0.0407681553539423	-0.0158801312867198	-0.00506755125767077	-0.00215102019202361
0.0649775156759133	-0.0135571189896915	-0.010927952406933	-0.0998839564381387	-0.00207885281393351
-0.0627090881463584	-0.0152476426899382	0.0138887611102965	-0.241692404879704	-0.00488014992109478
-0.0177783413141875	0.0360620355621344	-0.00889570608638182	0.0710649600611748	-0.00541030303737328
0.0317922147644428	-0.00921160656981485	-0.0139524844799185	-0.000223662330575692	-0.00454239021665539
0.159095301109109	-0.0381564347501405	-0.0107493068743159	-0.0443792974679858	-0.00502766295778517
-0.00547781633287961	-0.0416984123128645	-0.0146959644237228	-0.232999504010215	-0.0046586634604554
-0.20723575500996	-0.0414076369474015	-0.0136751107501648	0.0186805659106724	-0.00352356069466299
0.10592340041596	-0.0328248955921637	-0.00418763732551665	-0.0456166089500506	-0.00285168748665474
0.0119827665968076	0.0134124436465076	-0.0024650934540937	-0.00705812540098752	-0.003577423056917
0.000509987191440529	-0.00791961581409308	0.00445380913817559	0.0147620225822883	-0.00455560297733678
-0.116900858883418	0.0293853321116504	-0.0149439903862844	-0.134826188152362	-0.00199905534152351
-0.0304079774223503	-0.00078625759305228	-0.0101785620720199	-0.230870738795337	-0.00630023960936036
0.0101456059438921	-0.0376532222045928	0.00996664116499565	-0.0903375808140252	-0.00389363729358554
-0.0611749091111406	-0.0287659224677042	-0.0154957624350336	0.00049975342537528	-0.0032255837481392
0.0571031790055524	-0.0435036884976725	0.00389526121039023	-0.0189262273311224	0.0134441049354015
-0.0347429348197722	-0.0178650621454395	-0.00838696716512386	0.0959583558849747	-0.00761631627978727
0.147740008467721	-0.03884548912587	-0.011026248472169	0.174354935303538	-0.00471575522668421
0.470220597273726	-0.0336675251996879	-0.0109326959074998	-0.108613012455148	-0.00314399777947252
-0.210495132826267	-0.0412655273332755	-0.0143211187380779	0.572117529984366	-0.002918863874979
0.0325258084606834	0.0384018078828573	0.00104481518415957	-0.0148176243138857	-0.000876924091126183
-0.0897092117919998	-0.0367577402158665	-0.00968776838148036	-0.200818910408742	-0.00533107543217935
0.0188938450377989	0.0112096799168205	0.00791403987905132	-0.0335306008888536	-0.00402011474700369
-0.0287530411648621	0.0256237251659422	-0.012761888453922	0.0988537675035461	-0.0028245060043182
0.0219310075323226	0.0213456278406953	-0.0028497475093258	-0.0483160559548674	-0.00299711538267499
-0.040756090747104	0.0171702462901054	-0.0133303616680535	-0.123683656748888	-0.00499098479717345
0.012832263498097	-0.0389502596346874	-0.0125452882243076	-0.119948366827182	-0.00454841546592896
-0.106878744925909	0.0486611913983891	-0.0143528890098023	0.0924205752220013	-0.00441259543691949
-0.172511562049885	0.000770636400366325	0.0255802763630365	-0.138245542503581	-0.00333530194335696
-0.0239204123300976	-0.0141373168336719	-0.0152017595598259	-0.0716769266205879	-0.00423563211945708
-0.196175950401563	-0.0429279465483467	0.0446373125521827	-0.174250904932985	-0.00434132848383101
0.0510446039821672	-0.0385258208314351	-0.0100929975897863	0.0292805831338296	-0.00332181988616047
0.00270922026472919	-0.0333095653618605	-0.0127650173226168	0.18044626930606	-0.00216718195921926
0.0313467692345934	0.00867663396076821	0.0169054171042455	-0.0128080583009839	-0.00407148337739083
-0.132571193587873	-0.0389151391155468	-0.0119128936716087	-0.319567706300514	-0.00139914408851592
0.0326888977623195	-0.0102320994419383	-0.00745454230887289	-0.151719724827873	-0.00236710082507041
0.0408098791055954	-0.0479431323234315	-0.0149041895519765	-0.0923571703136477	-0.00590358848005615
0.00824943258221954	-0.0397405326204512	-0.0132956156513619	-0.156208112095875	-0.00294618797014816
-0.0163599632051393	-0.0106418174057067	0.00182835533457228	-0.19675334156704	-0.00284783615701604
-0.0572234833003154	-0.0453253558695555	0.0192814656550661	-0.0490111031549453	-0.00308310365713917
-0.0775627620080749	-0.00754555955166073	0.046958893741305	-0.0526837711885815	-0.00231649638533927
0.0497451807879373	-0.0197400795620182	0.0117286546394717	-0.155943390105382	-0.0031437779386851
0.00939027313204741	-0.0390591678391409	-0.0117814905499363	-0.081220033932108	-0.00373976524545956
-0.0625844437731456	-0.0375815195539616	-0.0125279211160563	-0.0251073235326147	-0.00193980499911635
0.147039480291973	-0.0390968919551752	0.0615865211199909	-0.241374865097337	-0.00146360794737671
-0.15365377473632	-0.041650239624912	-0.0136410202386117	-0.303751009406016	-0.0012799662641632
-0.089868371679537	-0.0434877888530958	-0.0147181276926733	-0.048880425376257	-0.00142759573104458
-0.0370498216969997	0.00402892218807069	-0.0137585576426155	-0.127322388273097	-0.00453442288473566
-0.104975797552108	-0.0381962129941963	-0.0132745137549379	0.0752087047837787	-0.00282912811324598
-0.089781290653838	-0.0314267366734221	0.0548315415831943	0.00110847535639891	-0.000997280816212879
-0.042319378788002	-0.045567441764245	-0.0155418862621798	-0.0158706998485839	-0.00393595017610573
-0.0820269189393098	-0.022564519336005	0.0697357359809568	-0.196032477335904	-0.00423517966635847
-0.100189127630832	0.00171095195574508	0.0033244533353709	-0.0190268043823516	-0.00494399344418578
-0.137345812047188	0.00197408319737588	-0.0124892732986655	-0.0873305999125856	-0.00317365340484939
-0.0698443844484415	-0.0439674131665361	0.00341968896599224	-0.0973058661881066	-0.00321297410137944
-0.117921874303312	-0.0127780276266794	0.00577908663204903	-0.0704983191514074	-0.00215981919786289
-0.12810517216393	-0.0269825681674111	-0.0159343811737118	-0.15454342613844	-0.00287595803402393
-0.0392182622661295	-0.0322554118916832	0.000289662556467706	-0.0234844387353148	-0.00467367886595288
-0.0469961136748822	-0.0394178940479224	-0.0114839512510298	-0.0553443026436151	-0.00536284571475496
-0.0428839215302695	-0.0476063148216726	-0.0143097569780457	-0.201622721350183	-0.0029062212526479
0.132339763650796	0.0538075787905464	-0.0114715154368324	-0.00641952760184072	-0.00198361803931638
0.00653100992436967	-0.0257486747799888	0.0141941832217023	-0.0581859107381251	-0.0063054105554682
-0.0481155002326211	0.0282277612392827	0.0575139231094012	-0.0939552259133161	-0.00396075732743283
0.0538950802026614	-0.0419107263363711	0.0105519759863802	0.0308977819000048	-0.00226039086254012
-0.0986721690040826	-0.0447717355729761	-0.0144523571788117	-0.0636622482107697	-0.00271651804363327
-0.00720151139279557	-0.0480863612859528	0.0275822535431625	-0.00271127057301703	-0.00352368906943291
-0.0630694784086671	-0.0467310098336929	0.119686145040808	-0.275659768498136	-0.00565207465261787
0.159924466220477	0.0475805509928443	-0.0163148819425899	-0.138178614569682	-0.00223392814566652
0.00811385335184678	-0.0182717101952297	-0.014388379565037	-0.168246447277135	-0.00439834677943159
-0.0412396445105496	0.0710980075067161	0.0272428369934714	0.0285563931559712	0.0365379846951495
-0.00328721420648228	0.0149481575823961	-0.00953849169591827	-0.0435955445298442	0.0499868023570023
0.0030828401755629	-0.0454077095404776	0.0387509740029407	-0.126260108888692	-0.00299773750604227
-0.0764123848871769	-0.0426301478072515	-0.0111959177881653	-0.205157314588042	-0.00210719626052141
-0.0895292191216121	-0.0424210830640893	-0.013008978102871	0.0340445775553094	-0.00488884822405662
-0.14198091649191	-0.0204713657282462	-0.015630583279589	-0.0198274465708256	0.0186861016733746
-0.0360374338802719	-0.0432807936010716	-0.0141568501965323	-0.0561000175108157	-0.00364885620536074
0.00784459916050779	0.0250623839038379	-0.012900916020203	0.0582801315471525	-0.00506418761575366
0.00541368860134567	-0.0443664120289996	0.0180448921902067	-0.147086450709585	-0.00538194521614833
-0.0311823097495387	0.010504854882517	-0.0138889649187377	-0.0571329826926473	0.0177679742035104
0.0398719757771962	-0.00102580436016743	-0.0124035546916566	-0.231443053400096	-0.00516847689381178
-0.057470236648569	-0.039253797920323	-0.0103080716831411	-0.0853900959647939	-0.00643227800101589
-0.0512209426781363	0.0081783299035271	-0.0145576006037348	-0.0220197958869214	-0.00447212226224464
-0.124731330728157	0.0270792019803869	-0.0141270462370132	-0.0831138267842577	-0.00251907854508882
-0.0597222181749528	-0.0367928615599818	-0.0125245177563916	0.0710266318129442	-0.00211553458910203
0.140862504526803	-0.04242042124353	-0.0120514663963678	-0.117948265010096	-0.00316353218080026
-0.0376113070525101	-0.0124364212606286	0.0409412626402241	-0.126445981496709	0.0204537116543059
-0.106407579293722	-0.0457638337578114	-0.0152041902596883	-0.196498029671949	-0.00267387281412017
0.114548509274662	-0.0421789047162129	-0.0121188874818204	0.276542289046724	-0.00331123205198456
0.0366859674109641	-0.0406043147655539	0.0250983530847863	-0.10625111045079	0.0892061482436617
0.0143806827120339	-0.0136263858428556	-0.00208842023779829	-0.0347478571289825	-0.00242843998779301
0.0489502605229867	0.0104459507612566	-0.00411937660490623	-0.105435232682038	-0.00254840961844059
0.0433463887173961	-0.00295076012518368	-0.0165129885114238	-0.206149947830796	0.0118401474012293
-0.140953558980075	-0.0155463845282673	0.00143751448502444	0.0316029206314689	-0.00357891019566667
0.0724952833844667	0.00225223653546255	-0.0106042528789764	0.037648931008979	-0.00557508143888549
-0.0438406699683258	0.0753206239318643	-0.0110290539153872	0.146593723245278	-0.00343679745603913
-0.0851544180550325	-0.00384251631182256	0.0249687960351465	-0.0919616550847269	-0.00261031468595097
-0.0534719609252773	0.110070968772205	-0.0128166353238182	-0.209809191443353	-0.00374337758898157
-0.0903789363737348	0.0281421714683214	-0.0122699492234887	-0.181248141316405	-0.00172583261837532
-0.103988570280966	-0.044010183910402	-0.0153150384592336	-0.335919145526817	0.0483697379013455
0.136367766955349	-0.0409976529036116	-0.0100303964984296	-0.238117819796757	-0.00427829836074284
-0.0925910724531816	-0.0445932500411993	0.0545615708729596	-0.113810287376993	-0.00157630745808646
-0.195614939362999	-0.0438451704900153	-0.0125849275036133	-0.239206151261318	-0.00400598993195939
0.0746820962084171	-0.0109307437858321	0.043951708077092	0.0726038838136044	0.038743512648038
0.0803732507006676	-0.0113113857865905	-0.0110622164669332	-0.0647642006886484	-0.00495760357363156
0.0854512881709509	0.0297337680942256	-0.0124929608531148	0.0233022208713512	0.0488418998768652
0.10409080901361	-0.0184508778273179	-0.0144392734127424	0.0186715623324175	-0.00232053824278911
0.109600979573567	0.00308925543825305	-0.0147007016245014	0.0953110537020216	-0.00270583134132505
0.100766166297374	0.00249791022660643	-0.0148889120007975	0.0931335728501156	-0.00473144523597223
-0.0686937552340614	-0.0352113331063431	0.00305211535438633	0.0666719208074568	-0.00400973231286888
0.0906474574262387	-0.0181794583390794	-0.0125727806115303	0.0347762129254996	-0.00234039615211295
0.0291208149424271	-0.0196888140547867	-0.0141954757459041	-0.0747662912023464	-0.00364421176804499
0.0952645153597123	-0.0497942386527234	-0.0150785421021145	-0.0254291307561345	-0.00436828411908823
0.0727592552188087	-0.0202389226387466	0.00722417529292053	-0.0306580502444215	-0.00320132992136877
0.0873448378178595	-0.0413615085293718	-0.0118765369592443	-0.0129903160719751	-0.00329037834841223
-0.201187475991284	-0.0403870933203946	-0.0127841287327813	-0.00821000398335376	-0.0035173353590045
0.0937041603486046	0.049298891956409	0.0113537271541327	-0.00327511198850741	-0.00417594445383495
-0.00600366065310427	-0.00731769177753078	-0.0158327397705155	-0.170833195410509	-0.0016862220415035
-0.0213473557194777	-0.0432516711607423	-0.0124404554375741	0.0783179651341878	-0.00334684098723761
0.205858093976526	-0.00549076584139363	-0.0158338921809524	0.00871524783208207	-0.000115166707683303
0.0736447750246369	-0.0108194515557978	-0.0139714743608288	0.0123122932339098	-0.00287837300234363
0.0173548737642326	0.0279649657965341	-0.000110472843753457	0.151450729103743	-0.00194177210069387
0.145964306117112	-0.0426690697402932	-0.0152549083342842	0.0548478867905023	-0.00219504690015673
0.0968203999831476	-0.00901350917240702	-0.0127553775290499	-0.000132787011086872	-0.0030073762005629
0.101395997707281	0.00477301232519753	0.0137395292488258	0.0986315681719142	0.026980599357583
0.152583578766253	-0.00502877708385565	-0.00784290657106902	-0.0917853993178926	-0.00746652293724867
0.0147771074028207	-0.0159871475309086	-0.015423103704081	0.0667238098021855	-0.00528977630681988
-0.0269895063631907	0.0387629689226407	-0.0155362040785659	-0.215778723919242	-0.00474207642714998
-0.20706581148667	-0.0382562439435353	-0.013129394142312	-0.293031704312332	-0.0023492773330394
0.125970889718272	0.015358537264357	-0.0131467290119336	-0.102725115091689	-0.00225494580546423
-0.0106036787947097	0.0174193622889273	0.0490049430892049	-0.0906222744601356	-0.00387343433753427
-0.0819736821259251	-0.0230357506842259	-0.00857423935726562	0.034291596928953	-0.00693629198736506
0.0130494936110468	-0.00380215425769067	0.00452474284401832	0.148142133437773	0.0169644125590123
0.0617158896428494	-0.0249209499389157	0.0329943503229027	-0.105493666899702	-0.00639303976219012
0.300696148403253	-0.00379305404459993	-0.0140558068380756	-0.123259807874312	-0.0046186369748462
-0.0306770919371405	-0.047180174161372	-0.0145184234400464	0.0135228615173966	-0.00337868742347745
0.200483591255381	-0.00118897453397474	-0.010009595540499	0.0603615041830788	-0.00394839889590443
-0.0509996355889406	-0.0370659126480131	-0.0126463189019568	-0.261466832343084	-0.00313915779134838
-0.0239302388389316	0.0186631186205666	-0.0116139083891226	-0.113059162240408	-0.00488100184710986
0.0249690899132885	-0.0396386800069998	-0.0123437019170934	-0.118249479347611	-0.00239617265034977
-0.051039413666644	0.0670970284925982	-0.0154831919015973	-0.0629812636074365	-0.00204609579997792
-0.129879804346717	0.0415898585758117	-0.010703409639223	-0.151223369637799	0.0357098502885927
-0.0375173238233512	0.061747589745309	-0.00960863731961527	-0.157429722170663	-0.00356554437163689
-0.102918037166053	0.00873064706517761	0.0148054677933964	-0.107572123642565	-0.00511043357113018
-0.0782687887184702	-7.00439634710706e-05	-0.0127156965486367	0.0405599187088794	-0.00467149703841271
-0.0371545988668029	0.0553612331335337	0.0100407692028029	-0.12164354362375	-0.00251776349849664
0.0258843528443681	-0.0164905279883977	0.00818831516796641	0.0934975627741748	-0.00339046415989087
0.0287189879943463	0.0129921217989735	-7.20635451988771e-05	-0.0665520186712154	-0.00216766497368085
-0.0119599947041712	-0.0254590447046942	0.00215634145093084	-0.066409487302302	0.06161633187296
0.0375669472376966	-0.0386085500870532	-0.0130826963872976	0.026225443831139	-0.0030505123893571
0.00603870944919675	-0.0411477668359279	-0.0146522089005587	-0.135722762322541	-0.00119883929034073
0.0757702013836213	0.027590156986794	-0.0125162117962969	-0.115004943832261	-0.00454113659214101
0.0586515416745336	-0.0505157209525987	-0.0143907656671633	-0.230749960566971	-0.00530048603020028
-0.0179701490897065	-0.0412376515086565	-0.0126039437373077	-0.284133087867404	-0.002834036859918
-0.0215336534481356	-0.0424878557900083	-0.0146865064101299	-0.192517530471603	-0.00225659579280852
-0.0731818670840105	-0.0140585316317413	-0.0147830856406597	-0.0989901839448201	-0.00313702803400415
-0.0394291511765113	-0.0462497849254926	-0.0142515851833221	0.126747466735593	0.0186444319366484
0.0712098881802865	0.0180936491487175	-0.0132614799824493	0.0122458971312047	0.0108638591680534
0.00805483180006215	-0.0300536681336449	-0.0149863160110591	-0.125082515882492	-0.00179025508503382
-0.0462737834670945	-0.0400476812526963	0.069296554441656	-0.361940017082486	-0.00569258823235768
0.124255022931001	0.116424682015639	-0.0160344522705847	0.0851938598850104	-0.00289995396526352
-0.118550064652197	-0.0115164138989968	-0.0130804513779811	-0.05782306994206	-0.00593903456195982
0.0452291811149824	0.00731101581158414	-0.0125467068945907	-0.0139119063164641	-0.00358170745006347
0.0693516492951242	0.0169583902009366	-0.0126941008610429	0.0271617903545336	-0.00228798960855741
0.0350892584488105	0.0513565202995073	-0.0148085096528787	-0.159335441893842	-0.001775895907773
0.0797530755328142	0.00905873349415506	0.0046054625959447	-0.00166043302099158	-0.0036467289174259
-0.00394923116747947	-0.0214284740424393	0.0107822386594618	-0.0558033158740827	-0.00382971783122927
0.107293798584531	-0.0210279536922159	-0.00940534020365638	0.0628799733362418	-0.00745517705992201
-0.0425601523270059	0.00273804099857962	-0.0161390136895649	0.111934670347982	-0.00248342230323516
-0.0142586715825321	-0.0176473477343579	-0.0124316787703322	-0.155465185960284	0.0390100585286374
-0.0664684296803408	0.0157989034506688	-0.0139083467730989	-0.0521562048199766	-0.00499753936086611
0.0413406687909282	0.0170410309702318	0.0075833706420044	-0.042220693931664	-0.00390204395545115
-0.101525033371454	0.0175179564199642	0.00660303174377526	0.0402839446041274	-0.00313768715752633
-0.110406711861845	-0.0411767533019733	-0.0128940791501462	0.176833259774126	-0.00444970718986628
-0.000525765815082963	-0.00378712766376965	-0.0160712705217718	-0.026001155524227	-0.00287556928403662
0.121294376664708	0.0692174524713055	-0.00992083762951756	0.16634284900595	0.0159995430703476
-0.121305991020346	0.0394630707291812	-0.0117744058330904	-0.0369698059911801	-0.00407593167584151
0.0377617228886485	-0.021866432796182	0.0197684524919648	0.0835384711528554	-0.00403063528286663
0.039301755526197	0.0301141601608041	-0.00196674287719897	0.034336716098253	-0.00169700780131677
-0.0702200911912693	-0.00667712743645471	-0.00960668217628224	0.0991279511493325	-0.00598013391559854
-0.0329787977310467	-0.0269409701688351	0.0126032125952843	0.0633303940749695	-0.00197499407516304
-0.0194763394883374	-0.0478967595521868	-0.0171042588071201	-0.0512250410333012	-0.00401917591225673
-0.0158365389895585	-0.0131802376038586	-0.0115988581992251	0.0475710010214319	-0.00266958883373156
-0.111677704516838	0.00457987875581789	-0.00213348292639136	-0.12361238894781	0.00668255978907258
-0.111455823968246	-0.0411889705610843	-0.0107761823983554	0.0909304649691735	-0.00710001119082518
-0.092418494623994	-0.0292800480962014	-0.0150197334391785	-0.0581093024981322	-0.00287368215582389
0.109363098884461	-0.0406974240799621	-0.0127059039110494	-0.208699102733049	-0.0061870438232194
-0.0725127585492998	-0.0125878846471579	-0.0150758977856128	-0.0498654853051117	-0.00184857061575368
0.0568054714951647	0.0209006997283183	-0.0120798577652037	-0.0548109297206291	-0.00320464900726141
-0.120417667748004	-0.0170349481749057	-0.0121537221078401	-0.0834982779548469	-0.00472931123022224
-0.077345819418898	-0.015321314400721	0.0141337509421073	-0.140800218000895	-0.00213218507691624
0.0346937337216721	-0.00317538349522841	0.000685024984558739	0.0657875915680451	-0.00558347598551982
-0.0246860968064492	0.0122856677262825	0.0388322930752114	-0.183949799397457	-0.00446434975885831
-0.211653168724323	-0.0415848897932944	-0.0136206776492052	-0.526725784620185	-0.00396988123887921
0.104805802113198	0.0264132621795497	0.0219636347144195	0.106102509063529	0.0644175203466339
0.151526417936685	0.0576112518228913	-0.0146736037422061	0.0389397428368127	-0.00640298345466972
0.0678292199094779	-0.0227016062213849	-0.0148634707683767	-0.0510013967176361	-0.00334039652692161
-0.0252910432228691	0.0166476419668942	-0.0147095431579585	0.0729490539064462	-0.00185271777452563
0.0204036692027179	-0.0407676084420367	-0.0153245546658373	-0.0464511726340486	-0.00147539198314613
0.122317358938854	-0.0395701902821502	-0.013329250366967	0.170448873543704	-0.00440500541201731
-0.0140328934971737	0.0281200891861189	0.0362286009727162	0.1406553454871	-0.00644685531204168
0.0788123075096084	-0.0433551651828365	-0.013562267459342	0.0200592060175535	-0.00458940987478784
-0.00118139529154254	-0.0390950059362286	-0.0121478918287663	0.116690759255176	-0.00259489679700995
0.167155489230512	0.0126174735248898	-0.015021457816574	-0.0792985706429366	-0.00266956626320168
-0.00844434568273292	0.0334570665815689	0.0590594109244058	0.155322673279	0.0354681400557927
0.0176809414511377	0.0146307007123565	-0.0145179800048419	0.115059803703341	-0.00420986183516663
0.153699781568939	-0.0401702343651216	0.138725596057972	0.0319183911267284	-0.00152121311906812
-0.101379619776302	-0.0423548331624994	-0.00951477025587477	-0.0430809633233371	-0.00793870144232181
-0.0291931508823205	-0.00612044812082148	0.0225851634938768	-0.0257573028802815	-0.00446880787127145
-0.104963573849937	-0.0407097797646501	-0.0153848741787535	-0.212664167165845	-0.00157776952546773
-0.0466067197004652	0.0359993675682551	-0.0126977380296969	-0.0399995184199271	-0.00547333108088945
-0.0258169508162642	0.00312917671022682	-0.00417256960441394	0.00938549413505205	-0.00387411019667706
0.0231168203843004	0.0274847249266994	-0.0121372346529482	-0.146463035587517	-0.00713964538493596
-0.0268953331398207	0.0165021298381341	-0.0127319394884568	-0.0904062779634024	-0.00271536652049857
-0.0673294421482315	-0.00198951085118908	-0.0126016793108659	0.0981834952652294	-0.00544806064127887
0.0335232436529532	0.0313466292615476	-0.0101562637050838	-0.0379406800634019	-0.00509224562029858
-0.123500128770604	-0.0298370321243762	-0.0159257099386697	0.0929851402394002	0.0116467166293749
0.017063357687403	-0.00180346998562821	0.0123626693745083	-0.0103404962421201	-0.00340875274794988
-0.112493053136917	-0.0399744225561568	0.0476732757169777	-0.193959049582056	-0.00689982056217707
-0.0882053804752042	-0.0401585673741253	-0.00941884983000946	-0.354141428552103	-0.00724552358284419
-0.13216312220556	0.110377924309373	0.0365627934706292	-0.0843940466533458	-0.00314115923070318
-0.0774382051231224	-0.0415053324199134	-0.0131044117352391	-0.00873017238164436	-0.00280521488102122
-0.0109994293590641	-0.0266362740537242	-0.0117164703350417	0.0125895166673855	0.0432370776377556
-0.162898092152103	-0.000180873678325032	-0.013590886335341	-0.0188942115477265	-0.00465962025078377
0.049073540571669	-0.011880709065927	0.0310082877926608	-0.0286971655854875	-0.00415444021531619
0.0398661036115801	-0.0166856123436553	-0.013918054102681	-0.00195326021276332	-0.00477335595947569
-0.0159859384134324	-0.0469000015307266	-0.00347817551549797	0.0220376726946236	-0.00363825979941762
0.0432890115867266	0.0240416488324362	-0.0114353099087589	0.0634575508825414	0.0294610815001685
-0.115368963309734	-0.0383538776685313	-0.0138840275866855	-0.0240290503945434	-0.00311478394903415
-0.118515182398956	0.0344372083912781	-0.0141140975691867	-0.0207982867740259	-0.00429602222633931
-0.0787413585815306	0.0917370720109485	-0.012010400406313	-0.168018642010792	-0.00410484650316239
0.0362374892417666	0.0075640238732875	0.00374890792862874	-0.0689667068000128	-0.00354907122322305
-0.00636986294490582	-0.000129406849706503	0.00916509910299988	0.0547460905615336	-0.00402698441431624
-0.088213060039934	0.0395782111220805	-0.0116931307170996	0.000683554954191484	-0.00350606337515364
-0.207143120456073	-0.03835898688563	-0.010266274531233	0.171879491601289	-0.00478654776535695
0.0270507811094628	-0.0389628544576819	-0.0143257330485557	-0.0627668855949721	-0.00289856653395047
0.103955048784367	0.177913983992949	-0.0128118325975809	0.0725425504728826	0.0572089385302499
0.0902511262898815	-0.0228957128773026	0.00880654815019284	0.0374493083567464	-0.00230982007757488
0.0332895930435329	-0.00768142729718387	0.0182925596884482	0.0617924908925928	-0.00301728829738275
0.189688755685891	0.00769026409178764	-0.0147123701799735	-0.0155250833995109	-0.000799066545779467
0.0328215375913197	-0.0231934217344632	-0.0153407280288659	0.0113954264976266	-0.00241940461471067
0.0280875570779648	-0.00932923755295426	-0.0118762092433104	-0.00501763066118982	-0.00556264466749393
0.238528197734706	0.00574732853014188	0.0858788625338673	0.00969480440827308	0.0505317614127942
0.0495697565950281	0.00358208304927417	0.0116150844672154	0.141233169653595	-0.00608303140906507
0.00920278347307513	0.0399956453650224	0.0175446100693843	0.0230694889581717	-0.00618546549931904
0.0740179036962659	-0.0212534362747602	-0.0104103274149589	-0.0477676946344555	-0.00380311713377431
-0.213444893826339	-0.0358151781493725	-0.00922151849297486	0.0422913118315705	-0.00511307161097547
0.108883890793261	0.0749382196127705	-0.0104978759428215	0.160881895978135	-0.00633366318655947
0.203484004348532	0.0833373752033314	-0.0116789582139555	-0.00258971107732217	-0.00389651476568135
0.120084594575564	-0.0194922617015527	-0.0153846646631875	0.100515324755936	-0.00214255662472837
0.126353478525643	0.054881167497481	0.00670769654643176	-0.138397560344087	-0.000479278884238173
0.175569516614636	0.0265664656053377	-0.0107297974005168	0.10274180953229	-0.000278307789429922
-0.0363017167685584	0.00105546126742742	-0.0144714373848193	0.0235876098786381	-0.00176131175957801
0.0957764527437859	0.0103296438759504	-0.0155980798946559	0.115399177010555	-0.00400843530395153
0.017270613223393	-0.00431659168139622	0.0340180654930355	0.222102109462903	-0.0055345269496654
0.112809380405536	0.00075662818931451	-0.0139866782473636	-0.0255470872243708	-0.00472428030970857
0.295182984097471	-0.0215160302016308	-0.0121391642131616	0.122284930325389	-0.00188243231904784
-0.0629592172866223	-0.0100640027268852	0.00476237237800274	-0.0124997146700549	-0.00576612820894136
0.118920379541082	0.0158369952894717	0.0152304628815518	0.178533992492948	-0.0037102209491508
0.0823393866191409	-0.0175604460699943	-0.0138801401861076	0.0925582015607912	-0.00353118394826211
-0.0297267498142468	-0.00865649688090338	0.00569058018409226	-0.018959248571583	-0.00340811558805008
0.108505400241475	0.0185749761270555	-0.013237183150251	0.0286989427604432	-0.00161967363971302
0.365114035956547	0.0197414065838992	-0.0152587200262746	-0.0287221534547926	-0.00343302009022575
0.0784371966020515	-0.0125473353437698	-0.0152387711970837	0.09040186100016	-0.00264687369150602
0.0905411426765335	0.00351873934848347	0.000522265548831065	0.0191282145455312	-0.0015822867244967
-0.0415561287362862	-0.0311661523277142	-0.00125874705130414	-0.0911674443545921	-0.00146017430023243
0.0131050376821325	0.0689683925396053	-0.0120621111208754	0.0250930124343171	-0.00310856842724901
0.0331467943687054	-0.00493947185506132	0.00856468252279487	-0.141956515729938	-0.00175246178530112
0.0537069642460999	0.0324170272916144	-0.0149686404399611	-0.0235247129824739	-0.00325551779360936
-0.0560938048629938	0.00963542687717052	-0.0128239400792802	0.0400265856415171	-0.00662179318495013
0.0437939619194451	0.029724176899616	0.00840764266520062	-0.0301433883795001	-0.00305126537968419
0.103622396080576	-0.0184269099001913	-0.00172967750589754	-0.0637322547495845	-0.00382965610435078
-0.0200748170484272	-0.016278241064879	0.0129177680328189	0.14295549291187	-0.000987834517721032
0.298216724000569	0.116160257968573	-0.0116891439824152	-0.0571961367125321	-0.00354268216016744
0.0807935626837207	-0.0142037394792921	-0.0150082268525604	-0.00739506106369431	-0.00455010100934844
-0.160865166712628	0.0108275716551398	0.0391476214901142	-0.1269026351684	-0.00296388582832814
0.219046355177121	0.0173453697499943	-0.00921160902388624	0.0365254252220487	-0.00777110232905292
0.0821090258048675	-0.0116011722299202	-0.0132427386388198	0.0316237736913117	-0.00416446753443028
0.099113290755355	-0.00156247943978139	-0.0121353860338677	0.0387878922037721	-0.00636250122667546
-0.0585267784327508	-0.0225521695772399	-0.00955882931595231	0.039424929158717	0.0105786864689004
0.0479194282672612	0.0451399378501612	0.0304980236667247	0.10753205241954	-0.00413173416101175
0.135692626969282	0.0194380266288126	-0.0131408761607816	0.00207047703864938	-0.00472303384567523
0.0624113100151883	-0.0155614548787156	0.00328538245063179	-0.100543405859774	-0.00599418519440219
-0.0165299081597989	0.00796896765056711	-0.0130092461890555	-0.10922422853463	-0.00228802438186383
-0.0051177017524185	-0.00598032537231028	-0.0124460854058175	0.0208524803509308	0.0277702923796471
0.0851774526796646	-0.0112072015749997	-0.0106507844710689	-0.0861702850301957	-0.00314628568493484
0.264337933535234	-0.0117731080858506	-0.0147452629693516	-0.0652955846504766	-0.0046733818614962
0.134636003760131	0.00874891191278462	-0.0111810354693417	0.123798672849801	-0.00437724513431722
-0.025566795551108	0.0273690348312554	0.0565591492611452	-0.327927147840163	0.06517854740546
0.0824716461212837	-0.0460719671493596	-0.0131029738358613	-0.23609929268762	-0.00504562414228003
0.0743627825194019	-0.0393060386216787	-0.0105607177214686	0.177839325174805	-0.00470005351571261
0.0516461547091843	-0.00690854992814233	-0.014063004823559	0.166545630228137	-0.0041494426444235
0.202548387249753	-0.0482454737583778	-0.0151046080940677	-0.0350947957873582	0.0226309955034396
-0.0348024682841831	-0.0225689419460942	0.00426578253285012	-0.0514753347726962	-0.00138868049799546
-0.00113705342154009	-0.018483003047542	-0.0102151311239335	-0.1033606117669	0.0123211313443754
-0.0307630868919558	-0.0149971110848125	-0.0131464701785173	0.0413938229881557	-0.00229127471162609
0.0580458810149849	-0.0407594813303037	-0.0117601703599496	0.0507457180300774	-0.00516238742543472
-0.0493943557492245	0.00252441165906567	-0.0131326454175427	-0.0337512983311642	-0.00450318001968147
0.135068557257744	-0.0460098603760007	-0.0160764786928785	-0.0482876661475311	-0.0037256981206487
0.0263776746097418	-0.024173288007327	0.0366857917003334	0.110425455960246	-0.00640887508978673
0.0128918924593953	0.00512737308674211	-0.00923594328829329	-0.108236010979541	-0.00400533565801529
0.062693513734033	0.0116877339382864	0.00355459469520977	0.0228543414215792	-0.00443450758462662
-0.0853977154489609	-0.0410042418921772	-0.0124442781353342	0.121085147570941	-0.00266757952094986
0.124801018842181	0.035865475235482	-0.0141424252296793	0.0627070584653118	-0.0022335632372989
0.0474964065525291	0.0428949426842707	0.00883769777477883	-0.0368174190075682	-0.00248385469178324
0.112548054504856	0.00455147809120913	-0.00622844888000649	-0.0207493315315629	-0.00230196234349901
0.011386456010631	0.0186695224808833	-0.0164000117456	0.0371320569471384	0.0122348196763315
0.175134038876501	-0.0367134409791029	0.00469942190492099	-0.035603204111934	-0.00503135249805529
0.0263088990836235	0.00164386523143739	-0.0122052961055181	-0.0335662321339807	-0.00441419067962377
0.0810066039609617	0.0561174644048657	0.00573913970729022	0.0224233358903368	-0.00329038107570703
0.119538685064582	-0.0390252408936077	0.00665487478668913	0.0446767493881477	-0.00370569174193373
0.135788829291392	0.00248027482966711	0.00155828330740509	0.111096418410543	-0.00476311502252623
0.0204363695955219	-0.0418979665426356	-0.0110945646976837	-0.0463526158587858	-0.00486629198008163
-0.0295921866065152	-0.0388726715368942	-0.0122278811550791	0.153672535558909	-0.00350991359782358
0.141002535077581	-0.0331111376037749	-0.0127539776992969	-0.106621239211344	-0.00117953127050495
0.13886467531524	-0.0328657340874091	0.036518112564715	-0.00455995224395665	-0.00405474991054524
0.162081458623354	0.0695679321468617	0.0430747341773137	0.142634611516326	-0.0028502863943362
0.202495118691496	0.0143883190597693	0.0421932880384047	-0.0579274945571502	-0.00197718315829516
0.0330572899639386	-0.0389158746884145	-0.0106408253895856	0.092019084459712	-0.00531374042273562
-0.0789514024174734	-0.0262843050864553	0.00390944550221531	-0.0950702035673728	-0.00389634231113538
-0.101418107059475	-0.0351324163379464	-0.00155991068300873	0.0119481831125886	0.021195303279842
-0.0658136312295762	-0.0128265122959544	0.00205298678439073	-0.0877369975098857	-0.00229093884087671
0.00767527290356162	-0.00638592460116845	-0.0161561481017158	0.0153521921552643	-0.00305778017871338
-0.0144064132765278	0.00499431889583488	-2.61719966943844e-05	0.0253652465628944	-0.00241634007389217
0.0109918395155705	0.0110804924578629	0.0233579118990605	0.0125176676116518	-0.00175626439755898
-0.117782139402263	0.0194905392278349	-0.0121959298705954	-0.19292220093184	-0.00145773883786208
-0.0626552881673224	0.00160430066049856	-0.0103127081828421	0.0213303490507703	-0.0058911627913838
-0.0605154506489192	0.00717889273834862	-0.0143908736341333	-0.0657003709784785	-0.00357534666453157
-0.100948779771177	-0.0432540349382405	0.0158605581112088	-0.10596941531818	-0.00468203228912841
-0.09503748399113	-0.0206137907753932	-0.0133456626994856	-0.0567140812317163	-0.00493908730523339
0.0543032390960053	-0.045973474708147	-0.0137944139885289	0.522519424072661	-0.00437263724492415
0.0871392128768578	-0.0341452862493459	-0.00813661544127953	-0.113287542898933	-0.00552911575864726
-0.0389148168384523	-0.0415453691316675	-0.0129862400809974	0.0656454725673727	-0.00392521351417273
0.0202729662510027	-0.00697996640456195	0.0236511149669418	0.0515408804926688	-0.00427081890487238
-0.0410920833208304	-0.0189619436925382	-0.00834644641411434	-0.158580390701031	-0.00596535041635903
-0.0353131398319151	0.00555160144427371	0.0178703355514554	0.0506929818117018	-0.00458946605740932
-0.0434350256144838	0.0991544326963494	0.037649802581067	-0.210410425162634	-0.0067764780023858
-0.0426397492448371	-0.00455190484657311	-0.0121637731581171	-0.185004166053066	-0.00457308994414652
0.0488391939435455	0.0146680136100285	-0.0140418173673049	-0.00501164591774008	-0.00455016186946882
0.0600065953990689	0.00820485724442513	-0.0152567591360539	-0.00549266527715446	-0.00229110407501424
-0.0326085032396162	0.0376010647055479	0.00811863152683574	-0.0284045626200109	-0.00423155674788863
-0.108603360907442	-0.040348023044499	-0.015404765009077	-0.156473248271668	-0.00242196558745698
0.0388069805478955	0.0562244960902691	-0.0155416841878731	0.0245110378203328	-0.00307703611869602
-0.122488851052096	-0.0411674075594741	0.055414237701989	-0.208266855375425	-0.0048541767528314
0.055180540429043	0.0353506191014126	0.00714835092512729	0.0298943286486104	-0.00217556547023515
-0.0714982654810927	0.0399170491601373	-0.0136985971878075	-0.0247377083659992	-0.00297748072821923
-0.0925001244252336	0.0121014190755004	-0.0156819524739233	0.00394568590975104	-0.00382433593199708
-0.0708185344301218	0.00217575154029778	-0.0154211616293739	0.134959187523343	-0.00196544307927114
0.0459120919636177	0.00339257292152325	0.00142849053823939	0.185545548163018	-0.00255306697076231
-0.0115024386301814	0.0672409843707835	0.00720906252576348	0.0733871316222859	-0.00388075836426091
0.114655410549381	0.0172529664213668	0.0241989913542867	0.146362155893925	-0.00248674317805995
-0.0343961027462186	0.0469403282524199	-0.0138651491321627	-0.00274400921340345	-0.00429663631793868
-0.00849359625202134	0.127435881942952	0.0179899527909021	0.136199314171895	-0.00241769222470248
-0.0989921907262293	-0.0140985072319669	-0.0129496149731771	0.074394841057679	-0.0048491137387695
-0.0589358919072327	-0.0116914466046273	0.0235983472203948	-0.0447689800060591	-0.00383803886537679
-0.0296247687747071	0.038906520963892	-0.013323680895359	0.0289211657164399	-0.00742846213951564
-0.0579906153059519	0.0141163602012558	0.00583729857166683	0.081689025452032	-0.00374665910137898
-0.0615842421938118	0.0338942469561184	-0.0123730964493985	-0.0788040070603253	-0.0028392304422753
-0.101874523924096	-0.0189776049121459	-0.0149134628147399	0.0430729952749811	-0.00181376351955107
0.0231164466787397	0.00487102973028212	0.00973679871517377	-0.0877217043096594	-0.00193298149764763
-0.0528416013247103	-0.0159986548192735	-0.0146569996941789	-0.0511964066139268	-0.00335272830331088
-0.0363391026280216	0.0261739598076539	-0.0126838432305964	-0.19564472995123	0.0330985643034231
-0.137426631234606	-0.00517973282313832	0.068682056911139	0.0562299646641434	-0.00279964428213225
0.0959925234309541	-0.0448418632220953	-0.015277603687602	-0.161464165042842	-0.00427366877105527
-0.147045592332831	-0.0175007076606464	0.00714494179420686	-0.0442292091881535	-0.0023930774074954
0.161214567197646	-0.0450803576423445	-0.0147850307500329	-0.0374048275569014	-0.00400702279314628
0.0309697409234865	-0.0425152284686848	-0.0125814864609945	-0.242757410942006	-0.00460901056183273
-0.0170724804143415	0.0104332710001451	0.037652761264209	-0.0523078531507048	-0.00343734700817663
-0.0739058672263009	0.0172325406481775	-0.0137255767934196	0.00791083406243558	-0.0010259990848835
0.109889252473893	0.00494656524284769	-0.0124040220383144	-0.117438073804561	-0.00314015438014063
-0.0670896769688905	-0.0477705234455097	-0.0137028362515301	0.162408160621435	-0.0058572623986896
-0.0142076991284719	-0.0364352305061152	0.0411641882263292	0.150175974035772	-0.00469312192427449
-0.055505311011589	-1.05969547610192e-05	0.048552829519465	-0.0788485107766105	-0.00437618908349695
-0.0371401680601862	-0.00724694734096709	0.00708658005134776	-0.00882460259854914	-0.00167071877967967
-0.069626556392784	-0.0378792720865073	-0.0125413525238849	0.141821645515251	-0.00324784736866711
-0.0637868140295437	-0.0433069321618505	-0.0157704984719557	-0.0752786985001402	-0.000901103226988899
0.00798364164828168	-0.0116095689481293	-0.0126530949359184	0.0959753059314175	-0.00577751159119417
-0.023694417867161	-0.0207264813949795	0.013489077621412	-0.0439885845847701	-0.00282915586197665
-0.0515490781237774	0.0300101058175767	-0.0146013507664936	-0.1255651394408	-0.00586267486097576
-0.0301530940001925	-0.0119288060855963	0.00361326241065997	0.0355735368121889	-0.00342388664945459
-0.0241576567965646	-0.0152423714176132	-0.0120042864679579	-0.0425863371681149	-0.00402045551018528
0.0188474232065957	-0.0150459650625799	-0.0147171718888885	0.0186618481576002	0.0543682898706235
0.166943840338668	-0.0388829341972441	-0.0128317383586516	0.0608371234768942	-0.00421193582469048
0.141104033206836	-0.0454548204049184	-0.0126234499155667	-0.0721475227671334	-0.00572707019024373
-0.0440163206412738	-0.0144507106492058	-0.0142273741450154	0.172092757559936	-0.00289130256137241
-0.0638007290491154	-0.0436449924878415	0.0155999961456131	-0.142474526845176	0.0518709747071001
0.00802522751394657	-0.012738924806656	0.016339734484636	-0.060237667783988	-0.00562338775860414
0.036519388815616	-0.0359043758469873	0.161639009087419	-0.122562545901851	-0.00278563750084061
0.00146668440662151	-0.0395620151069611	-0.0120969621227693	-0.0883028319057517	-0.0038649340047413
-0.034921868938591	-0.0289550586264825	-0.0154292296077434	-0.00300054206052564	-0.00309720442022888
-0.0489277796181808	0.00174306694838794	-0.0108708163353628	-0.00376496034317478	-0.00374604786736411
-0.0617870064617068	-0.00301716543391843	0.00768366464307011	-0.0266559334326672	-0.0044584710762699
-0.0513608314831303	0.0131695060418152	-0.0041133826618419	0.0484003780491798	-0.00237439494777323
0.0497162219755863	0.015595412884228	0.0151949293529345	0.131552221113848	0.027051841350881
-0.0610797676156759	-0.0153866875872484	0.0043000784417222	-0.0674877045105981	-0.000339967899114948
-0.146300565906574	-0.0233113084484891	0.0568924406126424	-0.0103272241606941	-0.00519299154494509
-0.0981671811904475	0.00674448400443972	-0.0135085022842358	-0.0876639372006204	-0.0048529305421238
0.0107070475351802	0.00907303846394673	-0.0166890418884747	-0.0242274362583378	-0.00163371600777402
0.0121647973923985	-0.039628200717781	-0.0122137044457523	0.333708314250553	-0.00395289725205766
-0.0389037406726859	0.0109658779669681	-0.0125770636083827	-0.0194999424780151	-0.00160052303253964
-0.00093815633963773	0.0197214869583485	0.00118368394465553	0.0520734056364194	-0.00405340079362042
0.0696825381188212	-0.0382812550521898	0.0172426478380861	0.078794479924758	-0.0027086202426453
-0.0577579970443412	0.00759061996439356	-0.0144503192491489	-0.0343629409922752	0.0435739021407388
-0.0403923077941924	0.00641245306587734	0.0400401898978845	-0.0480572158001059	-0.00634584926122958
-0.0345496521121733	0.00587524966472937	-0.0104549722908198	-0.0476035721247778	-0.00446575897082772
-0.0882584649235436	0.00678143236414183	0.0166506010238821	0.117666846793783	0.011488674363261
0.0379417099779625	0.00634246589815388	-0.0140560996787534	-0.10230120465244	-0.00384383696753978
0.00413573088060833	-0.00135984122887517	0.0278507171727243	-0.0842362614105549	-0.00579132610844333
0.0430918240086975	-0.0129564827423718	-0.0154888114739215	-0.196831772370627	-0.00250712523178878
-0.0638979905195222	-0.0422111550073611	-0.0127095837542855	-0.0182055349303536	-0.00185901642490323
0.0308853460472124	-0.00493330349728283	-0.00858930512788411	0.0741912033992765	0.0252415169916647
-0.0686455474330084	-0.00320009572878611	-0.0179078226735051	-0.101930508038674	-0.00412326305635857
-0.0638490474789492	-0.0372044081040221	-0.0116116754084234	-0.228284440818787	-0.00342322540434792
-0.0375059460751947	-0.023927517302027	0.0412739701117521	-0.0878703253351708	-0.00439735908356831
-0.0166417500860674	0.00540978100986132	-0.0102091869992116	-0.136668750472594	-0.00605506210484946
0.257519809763652	-0.0445778613342037	-0.0154252908671275	-0.166093661630563	-0.00417700515846495
0.080563838017621	0.013433197466996	-0.0129180360642396	-0.0629670927170908	-0.00197279866047036
-0.126096183489178	-0.0078531789352522	-0.0118099527578911	-0.0682878731448159	-0.00394529913006041
0.0385149520294239	-0.0115481387290261	-0.00201543141759801	-0.0236348687990641	-0.00508606676382487
0.0635125745332318	0.00329854513120295	0.0311301811514731	0.174877464288393	-0.00363279868216772
-0.0780464994151324	-0.0404461299028939	-0.0162007201969195	-0.272003945720337	-0.0011437234975321
-0.030660598118149	-0.0160198414031876	-0.011665761105799	-0.216209211187781	-0.00770556516468357
-0.0369926995117789	0.0400642697567632	-0.0119580324075592	-0.151327712442394	-0.00725539336933211
-0.0366726323613885	0.00681486560597072	0.03413979643505	0.0770147102829017	-0.0037589168970077
0.0676025551229854	-0.0358275427775834	-0.00830286091792222	0.0724902726506585	-0.0068424024612359
-0.109621118363774	0.0348214835919487	-0.0138808995067567	-0.0204418577666156	-0.00522013883959871
-0.202512980691592	-0.0374846351952238	-0.0124314411175917	-0.058101463513795	-0.00313628978840246
-0.0666670246421617	-0.0154999283399209	0.0158609936544023	0.0744791039003752	-0.00385552849905015
-0.0428986332431086	-0.0118297674886768	0.0383189866391456	0.00651228624601138	-0.00228760353411893
0.0567226600919813	-0.0417951959145499	-0.0129307857528658	-0.155080758040708	-0.00560078667571786
-0.00152300137974874	0.0203787075961929	-0.0116229059182093	-0.176139139517262	-0.00521409183587497
-0.150257391122639	0.00243263839691153	-0.0117483497233606	0.00563075319089931	-0.00768108107100858
-0.153726691928344	0.0667782053454714	-0.0154912402710967	-0.0936894824576213	-0.00560752408514174
0.0165022767858201	-0.0127224123879168	-0.0163865073148728	-0.18740537311415	-0.00433936281074715
0.024365984684607	0.0520936288554198	-0.0163202703374188	0.0598675185091399	-0.00454611419964267
-0.0112534793356806	0.00411401936673467	0.0361789607656352	-0.0012579532506522	-0.00583270288050753
-0.113214846410435	0.0481404716838889	-0.0136065194654449	0.030445493087137	-0.00296038910576415
0.0256717879023826	-0.0398863888521029	0.0284567742641437	0.0248517721101681	-0.0018081738493888
0.0507733065320286	-0.0442581682900178	-0.015242776831822	-0.0748833505860776	-0.00330856766407282
-0.077386568775407	-0.0231722658609525	-0.0142122453044093	-0.158262825604808	-0.00422250532485849
-0.0704818112460594	-0.0433044983697817	0.00416898021272514	-0.13246459330567	0.0223693848932416
-0.147154731256697	-0.0434480667963411	-0.0124697765574983	0.0532654744791652	-0.00448468663795005
0.00535477904706322	-0.0267673766073568	0.0129560857033452	-0.0950064581990321	-0.00208152303684861
-0.0145328812256045	0.0277582094632078	0.0378828779752385	-0.248486101717787	-0.00333258295517857
-0.00865033159041011	-0.0142855937688705	-0.014155670153262	-0.0701853411892334	-0.00385462511875832
-0.0463808234975103	-0.00887914850407758	0.0213917771149278	0.0207324913139728	-0.00668266425586993
-0.134082358255612	-0.023204871235371	0.0214868488305374	-0.224913932747142	-0.00111915213527466
0.0254268551387698	0.0293983697591786	-0.0101539443793197	-0.258987718718555	-0.00438827260980032
-0.0968477036649084	0.098279733912675	0.0347989059796622	-0.0392224302768155	-0.00422554635001691
-0.17490584292023	-0.0476726806431295	-0.0141287341137938	-0.112466203491709	-0.00420831845453789
-0.18308680452621	-0.042336600818026	0.0285942592736168	-0.255931091992412	-0.00274915198710949
-0.125398381098261	-0.0371818442236984	0.0225220493477976	-0.188780364269434	-0.00226683201992099
-0.0774763881385733	-0.0268177596666008	-0.0114368750275997	-0.131720220125751	-0.00537879170032419
-0.00714688580220986	-0.0237499158429525	0.0149553049288888	-0.00786813790927111	-0.00304523757047885
-0.0556960053206201	-0.0187702304605945	-0.0104924264905865	-0.0711188561116878	0.033568274828704
-0.0454299109770974	-0.00420240815843304	0.00109749826330005	-0.141165366922349	-0.00468646886903909
0.0602816537784145	0.0125508009291742	-0.0147238324444791	-0.225513273955745	-0.00636272169457125
-0.109907101794232	-0.0470215513518646	-0.0157070582032238	-0.0610232750538459	-0.00473545364012706
-0.0316973823672464	-0.0390226399727635	-0.00832611839687579	0.101839747249364	-0.00720083985311636
-0.12401175221706	-0.0165861941674206	-0.0127082018377275	0.119731681760673	-0.00288775271626276
-0.0317153036957376	-0.0359372007147195	-0.0122568704341121	-0.163194339142337	0.0486292950537568
-0.0931361864066905	0.0598667551824218	-0.0130891275031594	0.0960460953380105	-0.00399317632116387
-0.152860273096018	0.080190196689226	-0.0121112680060851	-0.177219552432629	-0.00361528353323501
-0.067520503337174	-0.0492328260968287	-0.0161176345883066	-0.122214788960545	-0.00204489693204488
-0.147618570960235	-0.0115929608587638	-0.0141868385060086	0.00494895233258162	-0.00241601890906497
-0.0239458462903131	-0.00885021470382633	-0.0147236571087876	-0.030240233770182	-0.00437581565563599
-0.151716730591287	-0.0414524256081219	0.0928092533208971	0.0179519419353706	-0.0030535183827419
0.159747605904015	0.0374760277639111	-0.0146770919893409	-0.151391315039639	-0.00438916583369938
-0.0303280100239214	-0.0456387792469944	-0.0161220988583238	-0.191390148130077	0.0622775548111989
-0.0269079987039567	-0.0473323135637883	0.00186226060336883	-0.0530921677849878	0.030228568490572
-0.0114117151762894	0.0544902254793587	-0.0129764230713686	-0.0123158153484032	-0.00471415729894356
-0.133702813489736	-0.0433926766885323	-0.0149551406358406	-0.119636813370003	-0.0037346328044353
-0.0967597685011439	-0.0196892248105721	-0.015299355107039	-0.115852364473271	-0.0015956713661864
-0.100337067829573	-0.0403436887355854	-0.0125756145784516	-0.168247002748163	-0.0041231146360688
-0.0192093621058403	0.0201886312910993	-0.0125883509090109	-0.0346248203196282	-0.00200266351249208
-0.155698355999627	-0.0454690251919118	0.0169879154716899	-0.0754672371208237	-0.0034600097437581
0.0275165177326104	-0.0390449739589721	-0.0120068371349917	0.0812391543548817	-0.00335815607543304
-0.0894520671554459	-0.00261940083465446	0.0235010382580606	-0.0598656629479794	-0.00232071029715201
-0.107306604770495	0.0063410531160091	-0.00184092031749539	-0.152288958559866	-0.00369888620238148
0.0118215398063623	0.000421411128771497	-0.00574223750945219	-0.0921207559952671	-0.00392531844099897
0.00857891660099675	-0.0409501574639992	0.0184227399301407	0.104447314728995	-0.00218402121543111
-0.172511431948055	-0.0396801674172969	0.0227419044657301	-0.0899792490558082	-0.00515320019522203
-0.00272083220057865	-0.0187676481812066	0.0121195125616433	-0.0370780994697237	-0.00507329577510853
-0.0355699098077334	0.0225719817139199	0.0296863052386009	-0.0434763070324549	0.0173315552022755
0.0131559989802517	0.00253198882306294	-0.0165901814397003	0.0165333341554365	-0.00211223192020316
-0.0537190092745612	-0.0134246729413661	0.0172397623593481	-0.145329190250734	-0.00518901537942067
-0.0616795008030352	-0.00381330263718831	-0.015978496165617	0.0275517549621048	-0.00167893393632966
0.0252218093521518	-0.00834321279166368	-0.0131497064513015	-0.0749900756214688	0.0248648356089144
-0.195974498071195	-0.0371940510330665	-0.0132168625950187	0.0544890754270569	-0.00188151783184569
-0.0168750326426777	-0.0128382823668432	-0.00460519726951452	0.0377866459746793	-0.00275623612583132
-0.139573516343757	0.011930441572223	-0.0143026941182	-0.29500389842461	-0.00449561747088326
0.0268184783177202	-0.0147906752957503	-0.0121054418656404	-0.115240167587104	0.00414746211326395
-0.100219223668844	0.0470853255892587	-0.0117155441323369	-0.0451289229210395	0.0114196142519322
-0.0800992667945387	0.020063273342763	-0.0108490167980693	0.0577044465785423	-0.00518156139231024
-0.0478048814701741	-0.0265569162034252	-0.0155487396459252	0.137556342307612	-0.00392229303319209
0.0591110997646701	-0.041804758769357	-0.0157444167438924	-0.0388381352640085	-0.00128658508583975
-0.107307148709151	0.00197928687354086	0.00233388312867656	-0.177870408906401	-0.00516459354523602
-0.112085838698849	-0.0410315159898274	-0.0117942285914041	-0.213116028678172	-0.00362289431104873
0.0028042328577963	0.0172841189605581	0.0169908538197883	-0.124215184757178	0.0103283344911822
-0.00250584082850039	-0.0168434135620826	-0.0142389678088315	-0.176866813300972	-0.00255610722540117
-0.0387116847061386	-0.0282232241113875	-0.0104329319781823	0.0814631037011621	-0.00585782920117979
-0.00840267498207543	0.0411271030393983	-0.0133333375181871	-0.0986605719973961	-0.00448308602921366
0.0136230296313587	-0.00630653190718607	-0.0155118709832613	-0.0457201819725752	0.0367372655042562
-0.0386620187853078	-0.0135519453894695	-0.0145416267507831	0.0735659043888319	-0.00373102742498069
-0.0861941808742022	-0.00567954209034193	-0.017280169449872	0.00588905769981289	-0.00347532468829097
0.0971800506901843	-0.00358847363936341	0.0251043626774593	-0.136616815754785	-0.00183903401609398
-0.145618840283221	-0.041710181846856	-0.0127565197252893	-0.0708916265800255	-0.00457226907807508
0.243667152562502	-0.0464390230356656	-0.0142088040268392	-0.116742409789221	-0.00613974204500153
0.0436389348110695	-0.0117300582267729	-0.0136867209360461	-0.0739908805014931	-0.00527356107393434
-0.119051682060598	-0.0142006762963275	-0.0120922567135465	-0.110584539743734	-0.0027887481045642
0.0880267091242641	-0.0101416893833004	0.0231792223452088	0.173148899751686	-0.00476925090584967
-0.106060920106002	-0.041836761341251	-0.0105982771445741	0.137931534528641	-0.00456143270405521
-0.0578921115243641	-0.0178796016062662	-0.0156757093344512	-0.0882596375221038	0.0100022571923423
0.045508949147068	0.00465600468553904	-0.0131951213601109	-0.0229374935217373	-0.00222051361962603
0.0147206049225391	-0.0305969252541133	-0.00286020565986779	0.0648405882481003	-0.00407691968851083
-0.041292621737343	-0.0416220350072061	-0.0118751554802256	-0.0675569364274536	-0.00367830173208245
-0.0399301672843986	-0.0357181680873866	-0.0122721966712473	-0.122322913069993	-0.00208182827528965
-0.10820428374294	0.042311696115636	-0.0133379254339855	-0.0639806768589577	-0.00428967608309035
0.0807388346290471	0.0345622713758232	-0.0131641404838031	0.098715974575689	-0.00504041791110291
-0.185006193176318	-0.048266091943289	0.0563410368102415	-0.196862015249915	-0.00559676171338677
0.0254762239095844	-0.0387477139310869	-0.010563624781514	0.157784596342142	-0.00340085921099315
-0.200854223362144	0.111588911601977	-0.0119049158392335	0.386556307240138	-0.00569146023021171
-0.120444482299995	0.0325443816193379	0.0149755569304708	-0.102144167318678	0.012554396726641
-0.00610662276703478	-0.0464350252420489	-0.0140332433610358	0.123711486855725	-0.00268558738628689
-0.0684943174393125	0.00964593150402999	-0.0130971883616177	-0.00994136863285986	-0.00142425402021652
-0.0808068402230243	-0.0274214047252482	-0.00720550260768918	-0.102579526874656	-0.00115470811785527
-0.0549542462217455	-0.0417066916002252	-0.0126775289975551	-0.0181461105584781	-0.00505587249177569
-0.0891994359760281	-0.0153877071104803	-0.0111349837444299	0.0171170477638776	-0.00689771576996423
0.00348723761398174	0.0180867771498109	-0.0148921818703684	-0.146818493054334	-0.00372997971283939
