DDT	FAM118A	IGLL1	LGALS2	MIF
0.205028929511642	-0.147465893025497	-0.0635743304141675	-0.671309743775794	0.593039902192813
-0.115551514598449	0.06796070299764	-0.0609227832939739	0.274645165358185	-0.0827624974456235
-0.167694267640695	0.107016181580345	-0.0674815008366865	-0.700033879051332	-0.256769538001272
-0.157004543461675	-0.142531509505625	-0.0592505193939846	0.242100255649863	-0.183842859187444
0.129808136888351	-0.139976692853857	-0.0796940533450826	0.603454773984538	-0.0923142334361793
0.21155446611592	-0.147233904708852	-0.0711272293643993	0.407339884519634	0.166987262508589
0.0682401459660757	-0.143983508753203	-0.0712484041279816	-0.540538669566822	0.0159496237792172
-0.211028592325287	0.269080808586091	-0.0696484881955895	0.550929395962579	0.027289274007859
-0.00309341413343961	0.0296141971098449	-0.0668663310400162	0.253984190826156	-0.173290649242161
0.128398413339891	0.27134798011207	-0.0574128069217528	0.625187736672979	-0.100392597364562
0.0807945009723332	0.372044470867069	-0.0803261278689192	0.336892863199034	-0.370066753063707
0.00327608870217956	-0.139794655194558	-0.0608018985433018	0.580805997028687	-0.183852571663818
-0.045315449277391	-0.144210739875842	-0.0613249231887399	1.1913836303226	0.207383822548165
0.293721349780793	-0.0246830709655555	0.0478279216771216	-0.352788244406897	0.327040779792409
-0.0615035387579512	-0.137261714777915	-0.057814553405309	0.0432883767773303	-0.480450663083298
-0.0112890146810655	-0.135418171118796	-0.0725007348715892	0.0048028067748586	-0.171191084993446
0.123065550132953	-0.157340781177694	0.0424905398138754	-0.193434728489314	-0.049076940465308
-0.138866024086781	-0.141467695636908	0.105524323944631	-0.100158403247262	0.144626102912872
-0.25918460898927	-0.138097890160584	-0.0713869097238204	0.0409226813193685	0.244368631179414
0.075447605594391	-0.136027463118658	-0.066557699726185	-0.654356944595758	0.22464656526747
-0.456888045936515	-0.137744504173455	-0.0702490309930991	-0.253377484178036	-0.104353232218301
0.00679661902729381	0.21128578966511	-0.0663972975594871	-0.172253097011481	-0.254964914945795
-0.0237552610513706	-0.0373763093172599	-0.0649749216198716	-0.658125630224497	-0.325768605417366
0.206860387224336	0.271736049956919	-0.0458213327205323	0.675841498517976	-0.499693802541119
-0.069445692586628	-0.146261500527338	-0.0568951260463781	-0.668577868551348	0.41869868490353
-0.164561042845345	-0.136325181779042	-0.0551494465252558	0.551535628148874	-0.206393254765646
-0.0685616500231685	0.110090406204266	0.252548314097141	-0.436470282033091	0.108812522426941
0.169489452506191	-0.0854218990179646	0.076437313131564	0.140029995795684	-0.0886800944783379
0.321268112872179	-0.149261273181926	-0.0647325790720162	-0.464874921040964	0.0778665148121492
0.0506624176949961	-0.00114228286099017	-0.0655277389796679	-0.17192091159853	-0.0665893294387591
-0.263348630110515	-0.0342643422585155	0.045691654346583	0.0836166621721912	0.16918979110958
0.261018969305065	0.367740336447449	-0.0601826489729651	0.357678897812322	0.163832622768846
-0.467685031842573	-0.151262516696494	-0.053144795033873	-0.622480854506838	-0.492858593086048
-0.189351226941641	-0.137401010919563	0.0907311397146247	-0.695566763588819	-0.00471355636861455
-0.0334593504081068	0.08144235405799	-0.0626779829575839	-0.638923648210047	0.0405467317845243
0.0556786991605937	0.27357088895782	0.0854878798837273	-0.65873984109539	0.33903650049426
0.228100896213307	-0.1444779866385	-0.0679963035676421	-0.669797066841626	0.876550372925942
-0.0758723305672209	0.265143491009023	0.347846475845379	-0.294224683497998	-0.514267295940729
0.245926805653446	0.550815803727818	-0.066485576032916	0.0527728096594336	-0.526280938024528
-0.439848691649454	-0.139061476309589	-0.061633771730478	-0.635433517735168	0.184436884326298
0.212937037296141	-0.138631137969664	0.521360048781665	-0.698569889262248	-0.188731082856319
-0.479412327534146	-0.141692746152318	-0.0696109962115297	-0.407782175752934	-0.252670909662886
-0.415557473453947	-0.138023659239749	-0.0678135232610815	-0.628430739285038	0.153908046063858
-0.471391331200604	-0.115019490901071	-0.0478017547059972	-0.210203341655989	-0.471476752751215
0.242959239609228	0.258263394769402	-0.0613846620763137	-0.20691010223117	-0.500001623213733
-0.297872779619324	-0.147321121523953	-0.0557848577404675	-0.18215947963242	-0.174236330213571
-0.151988868895377	-0.147081965479262	0.113424076857204	0.366523450910145	-0.152241219578311
-0.029208969054356	-0.139552250942887	-0.0633067069741275	-0.626005027983853	-0.51389152119736
0.345503217882888	-8.85969554651506e-05	-0.0513263906047785	-0.085234173169653	0.292616454914275
-0.20068325132886	-0.145888237181162	-0.0481185733993921	-0.680111857387388	0.175586726568028
-0.269149759954357	0.323564979952133	-0.0642714479136599	-0.0449638974765379	0.0736937763296197
-0.427933731544744	-0.136543001349484	-0.0708993642474379	0.953918281736298	0.134402361366465
-0.158416343004381	-0.128918544564746	-0.0481906108138277	0.330863076901749	0.0307928405454158
0.220853273364081	-0.142640741962037	-0.0559562747557595	-0.658470490344028	-0.497342426039589
0.0432245378498335	-0.10299238999991	0.0138940478413303	0.396560770094209	-0.286249371131151
-0.229719132026097	0.00987028823119647	-0.0574488231236011	0.0931878639464145	-0.0514814674378764
0.326540703955677	-0.13745164632483	0.00271594632865101	0.373045756756626	-0.266689070194609
0.234550471186451	-0.144485314790087	0.338102757640077	-0.645290015134881	-0.121055567223498
0.171977445566642	0.418496067932907	0.0565348981481524	0.365664702046249	-0.00116993245845279
-0.195730346112892	0.0971646236684016	-0.0545813830669171	0.138800014783677	-0.0407820472247203
0.450653933374088	-0.146139490772372	-0.0671872319393908	0.437497849313511	0.560493721073961
-0.441076900945441	0.145437568324337	0.224012646653916	-0.650699409798481	-0.523874547232194
-0.220014600640418	0.0125975499553706	0.534696179953345	-0.576310209584277	-0.112984772500272
-0.183946569428886	-0.036134002108874	-0.0623841321213709	-0.327396201575593	-0.130768504831238
-0.0483689615373495	0.0893179495526064	0.16179343980378	-0.680390321549082	0.324516256114545
-0.00823428634328439	0.129314832809072	-0.0482501521966489	0.31037830633669	0.139898933554157
0.230973948995143	-0.0260988421277097	-0.0606275790411828	-0.246802261506244	0.159292354747506
0.0646483273780807	-0.130687517625077	-0.0459357044065005	0.0447830958163949	-0.485334605304422
-0.317333440479434	-0.141776725168313	0.0914791039706894	0.811710918825474	-0.248297214192449
-0.0923438574241897	-0.142678963148274	0.169523533733448	0.206322074986056	-0.290890848072662
0.226635736132598	-0.0264665451486318	-0.0564154003556356	-0.0548731172225836	0.0505049123154681
0.0146881138110293	0.0423044406199015	-0.0547454055298278	-0.62072614406935	-0.00652917614581678
-0.276684197358865	-0.0512034278444712	-0.0659552144275315	0.247100147692777	-0.183721227614793
-0.27028224830154	0.186605332162284	-0.0627265420188134	-0.283302538868703	0.0804826855197496
0.204317109587969	0.662474433388749	-0.0605906416712731	0.34451141823722	-0.0987677366262806
-0.0604221172686209	0.556551445412187	0.331806573292486	0.00469493982229836	0.371716908791432
0.226670632391366	-0.140539802224766	0.231489758112332	-0.652619199174827	0.181665064397395
-0.052803590478681	-0.139393983032841	-0.069109874340935	-0.0436953702754574	0.351091423748599
-0.479194050355313	-0.128846228096379	-0.0342636476568921	-0.699646530110024	0.635521214240736
0.166549985592361	0.0554191504697971	-0.0679712421911714	0.177210242145141	0.00608645823877862
0.178870388242974	0.0110941171831968	0.0131558568879745	-0.060758046261888	-0.0112400309228171
-0.0950764608647498	-0.141967911188411	0.200941944267682	-0.525863293197635	0.538595718431872
0.194077160607116	0.553469472989577	-0.0673698378433478	0.31010150155376	-0.276314797456741
-0.262810632585699	-0.142656436656559	0.121527848493027	0.163904395901952	0.186967828615748
0.300882660181164	-0.0760861356163927	-0.0560573986486329	-0.417003768473119	-0.162827145169756
-0.0265725196786139	-0.149390573613282	-0.0556494200195137	0.375438693162636	-0.252463574140799
-0.147334305517968	-0.138923119533241	-0.0657663465967855	0.454596207057054	0.291447737229175
-0.00100294393563885	0.222671498426242	-0.0584010122102577	0.304431838501038	-0.0218181652297305
-0.0833707289308786	0.084076200611642	-0.0676001845025412	0.327998670620445	-0.0727442005220265
0.253467871747104	-0.141652021977873	-0.0713946453986293	0.344315415353545	-0.0381545156639369
0.222684696924057	0.27077846874129	-0.0648310354399895	1.03538675428953	-0.0849090648968422
-0.174450961162993	-0.133833458076162	-0.0514269479565205	-0.164223922719821	0.460376651285366
-0.0803526581929071	0.0810979938366846	-0.0550027570399707	-0.452913113667265	-0.281271943003501
0.301459577277074	-0.138548735787014	-0.0504654036322594	0.238385692410216	0.209657227820967
-0.256277589166549	-0.148950907145378	0.34582918978099	-0.648613534479733	-0.0861699410105232
0.0596044102448172	-0.130586403574201	-0.072300767307332	-0.251938931955685	-0.137134851095693
0.213884657897024	-0.143365043091989	-0.0715113846135886	-0.682159253454507	-0.506693346220818
0.451886162455298	0.776782538906842	-0.0455864633635116	0.667672597568935	-0.263033167824176
0.240376559810313	-0.126343358997044	-0.052349089083677	0.0201342389675817	0.227288511762521
0.209912780552522	0.622866402768256	-0.0634265174624648	-0.0253738452551917	-0.301207265901159
-0.0451186093288135	0.135161739752701	0.224841065896336	-0.110586938219817	-0.237910745601026
-0.0802701486728138	0.0754657327690086	-0.0580520786510628	0.019801052798276	-0.504281194725741
0.000749627705269351	-0.141699683037597	-0.0648129107891686	-0.656690836278001	-0.338992761696178
-0.0370170590647923	-0.0845657234021031	-0.0668330242195663	-0.451575041832247	-0.0402480133728567
-0.11744136172038	-0.0471063774137052	-0.0591164500495997	0.289185645384167	0.123174534355029
0.2392728268715	-0.133780098284592	-0.0503781908377565	-0.502133628518455	0.0227520507590106
0.0601012637894726	-0.0572201764379792	0.0244453255859153	0.641938947498793	-0.242341256573779
-0.0468186865601936	-0.0401629088031474	-0.0451630446875885	0.704416442395865	0.140613861722108
-0.131434592680984	-0.14849035293753	-0.0584304712659618	0.395529604944245	0.0650469295752573
-0.16007414508604	0.494242477714745	-0.0610050176686101	0.631803077249797	-0.160502942659854
0.226652997372318	0.299705409030186	-0.0606202518593727	-0.192267019699365	-0.29192186270305
0.0257292751905384	-0.00480204551418232	-0.0378217412162075	0.890025774206929	-0.294337318836581
0.244805362929068	0.264265815434346	-0.0598092102105645	0.0515886064213723	0.0503634609823636
0.287733838246139	0.592553625437228	-0.0572311770620076	-0.494175229134596	0.0704587949408185
-0.249835851127607	0.272729964355001	-0.0614364659517309	0.139329987066608	-0.0662086136511153
-0.0580123223932452	-0.15454000929955	0.063562260841064	0.692209490948517	-0.0313608467890075
-0.13904992759812	0.145972428349881	-0.0690541957175889	0.506375501313031	-0.150891777250044
0.059822434381253	0.111994809560552	-0.063482559324673	-0.332779313975592	-0.145395238183987
0.144356271154772	-0.020804996624693	-0.0608814435473609	0.329628773355562	-0.123909784477187
0.144460583719229	-0.134704576815138	0.0336468561916431	0.201601864328565	-0.0147071898319623
0.0346599748179017	0.0201358122911021	-0.012028853797109	-0.459416258973288	0.13406463670123
0.0518798129538684	-0.138743726840122	-0.0522516517048317	-0.629072833661419	-0.471359337450728
-0.00747425038459487	0.0208428688032353	-0.0635386032433617	-0.16055889201741	-0.341987635169463
-0.0211869295041713	0.043752691987715	-0.074212139802045	-0.383661142851121	-0.432018931484464
-0.0107966515314989	-0.00874349885040025	0.0761784684535187	0.181700323841415	0.126468130570449
0.0828408061225196	0.207849724471474	0.634499082848644	-0.259795449426127	-0.134508017720127
0.305301590014406	-0.0169427633087473	-0.0580276867254266	0.793681500470835	-0.162794543640123
0.202640426428417	-0.144827298180922	-0.0455016755611173	-0.181723592846815	0.00239169462053757
-0.11213279242415	0.40798922803365	0.100691349752615	0.333208881949382	-0.0947602819258586
-0.336427983731736	-0.0268252452220775	-0.0590078038047144	0.410011336150837	-0.0524067490397597
-0.075384319652048	0.557353363785012	-0.0499400152677603	-0.48414820053239	-0.294344623309115
0.125673755474246	-0.00905068017686946	-0.0559230140939697	0.377484266435719	-0.206929875516137
0.0697853927840409	-0.145697530414121	-0.071095753975413	0.362365826036918	-0.202651202036869
-0.271556771397921	-0.175121949918167	-0.0357001523863863	0.28682307116191	-0.0486739214794096
0.0676616496174512	-0.13207021005353	-0.0706566315508703	0.612799956577103	-0.350924176720419
0.136953273705087	0.0403925079511656	-0.0664116652523764	0.370546580041081	-0.0771816037315036
-0.10504850208469	-0.040113457281498	-0.0614194115446816	0.2752300141387	-0.0120832480280513
-0.177043415224671	-0.164963100617995	0.124606295914066	-0.200528391294154	0.272516619177632
-0.0375993817909273	-0.151071533583497	-0.0560549579175311	0.473222243419077	0.00204567681328683
0.452365339567191	-0.143434124515529	-0.066805535959393	0.831848441624733	-0.111002380307636
-0.253204667249722	0.0804841805245189	-0.0698258496167357	0.715079942575612	-0.281233685626923
0.000611517094570859	-0.0141278167302297	-0.0340862610610371	-0.757503622623876	-0.227990220799071
0.0546806237298322	-0.140815910558975	-0.0644942824072512	-0.153463583963806	-0.539360227908236
-0.482385831417961	-0.134098029022977	-0.0662267828263343	0.666756800100193	-0.494044357695772
-0.0601022864925252	0.0908328754162555	-0.0533627578874879	-0.67647095589618	0.220225739337081
0.161247197560135	0.386286601658216	-0.0634447248653005	0.291157572987089	-0.237604033298094
-0.0278612794669683	0.0792244063573701	-0.0484405832384866	0.200791200794515	-0.0947652044267404
-0.26676705819561	-0.136765146538532	-0.0716905107675938	0.468706639368245	-0.297360993845927
0.0612757606425357	-0.0499389043925435	-0.0566651685244761	0.65706507004024	-0.161845053517668
0.152708853006177	-0.134752119546623	0.0556619645768469	0.0543836925614497	-0.206588804117444
0.204580268518324	-0.146604310035941	-0.066960856380872	-0.34783416197978	0.0788040167056689
0.183961677775762	-0.0910293052365689	0.0733137092748928	0.666723339856377	0.0794214048823505
-0.0576415132480021	0.21757887105876	0.130490484732956	0.0186441794427063	0.00766668633217936
0.148875512952074	-0.15055113546555	-0.0584628769387894	0.312264584497795	0.0346683663882448
0.0947722596701147	-0.162519671060347	-0.0531451725853571	0.521183749568911	-0.0381767540732002
-0.128618973730771	0.336503320966667	-0.0511248281901245	-0.334644459872707	0.308843664945317
-0.038589307150952	-0.14789136847982	-0.0574377083142412	0.994310993961118	-0.306694198484786
-0.02941201629198	-0.0303213093103928	-0.0550236271122725	0.601767184826174	-0.0263277799620138
0.190126985018522	-0.0215759414700969	-0.0660478675152303	0.738344514903767	-0.283755170796741
-0.0887753337120888	0.0710777076549007	-0.0631198476846958	-0.137323097542274	-0.181320764250558
-0.143457840260293	0.0395278358146016	0.27137015921269	0.722343042504922	-0.175970823678325
-0.0571217177863411	-0.037731370730121	-0.056487009686209	0.142294102537746	0.054143171032607
0.0809940556945713	0.112432687067775	-0.062324138256176	0.578624572453473	-0.237610917780718
0.105948576950841	-0.145605651248607	0.273097206330013	-0.677277253282729	0.291062997283836
-0.0693183236015597	0.0915223587244019	-0.0567137773978009	0.510278434807327	-0.198953427963166
0.0668738635754866	0.454498862732159	-0.0549678169778383	-0.454195902064354	-0.376300203023229
-0.0197316484026102	-0.0408942956154253	0.221946283568161	0.469053260202616	-0.106607783109238
-0.106994264880164	-0.145006859093699	-0.0576398901064201	-0.396359789104902	0.0437436015544764
-0.0578703959162752	-0.140233791433008	-0.0696685195818664	0.115257706295498	-0.255241461120088
0.0308795901244931	-0.149310376116822	-0.0626922852598002	1.15846096413229	-0.0578987510257629
0.0818780999400972	-0.151181768228406	-0.0530833709861753	-0.652674768892081	-0.274488749233491
-0.0616077571591668	-0.0110780122796725	-0.0412334286087721	-0.20629400210374	-0.157895811068427
0.0194767924869833	0.311556630753207	-0.0622993779314416	0.342593002603188	-0.0281501901059306
-0.0436912605770286	-0.0506613219222868	-0.0524122788084799	0.141661987776542	-0.0729504376710048
0.20461982957496	-0.0341452783559654	-0.055118134289255	0.297782626434704	-0.216456339911795
0.161961567136407	-0.138832306167962	0.190511029705185	-0.408776292360337	-0.357034756242598
-0.0949804756195435	0.0786646157548554	-0.071021264930685	0.446522304037665	-0.308184764923887
0.220121415076592	-0.13911546241253	-0.0631480835475018	0.509068986543019	-0.0215083777283753
0.194767313490728	0.420193335703007	-0.0330096057031064	0.196184734745601	-0.187550736019359
0.195933714287263	0.455322391486596	-0.0685379321378659	0.0381878175484623	-0.419179084434657
0.070313678474259	-0.0234302008591222	-0.0571614148338258	0.445026686916125	-0.101730731479238
0.00731924624295911	0.116289193527742	-0.0623722570354962	-0.0439668135712807	-0.194981725091226
0.0421293828500349	-0.138975454346791	-0.0586896926726134	0.204602718904739	-0.258872261460769
0.0746943534464154	0.124207239234115	-0.0572750589920398	0.522654195431396	-0.245539972588235
0.0647383477520757	-0.143210091367633	0.0209806818819038	0.3073840525885	-0.153900923433335
0.0244611384781837	-0.147060841968232	-0.060458885007938	0.36746098638121	0.129816285164704
0.00263140396547857	-0.017594324575259	0.0587373899352433	0.519419612598141	-0.2213698231135
-0.132689875789289	0.188928500538957	-0.0571490134060408	0.221005383361425	-0.333707253328494
-0.147995996307515	-0.149146458671325	-0.0538955732789027	-0.0753770130821359	0.15106533542804
-0.0654983332992098	0.363382083034614	-0.0564881899685089	0.13425153267427	-0.0280218324763913
0.0111360266601081	0.542462300094721	-0.0577780954576581	-0.251235580132191	-0.396143113074469
0.199885411799377	0.349165810195661	0.0231635169406641	-0.0124953021258396	-0.041263902029198
0.0197068341255033	0.0599918974959697	0.0208871885777098	0.29918458832988	-0.116214505873532
0.157297456091132	0.480532719598	-0.0614654598703224	0.708604551683972	-0.0105110687956762
-0.0480849412239524	-0.158298916521373	-0.0614084972299144	0.213161232739888	-0.178321715079028
0.220364597340453	0.377578043139122	-0.0633656940588645	0.581228661886049	-0.209701533690519
-0.0576306487576053	-0.0124006228050174	-0.072302642178835	0.119162085189794	0.038975737896524
0.00671111313680647	-0.0242466073773067	-0.0693553936851674	0.498503264239874	-0.286290155054444
-0.00620267553302432	-0.0608065294138035	-0.0530419136791767	0.594917912184816	-0.023692672912451
0.04063039518739	-0.0694148795963224	0.0666474647437207	-0.248981324181034	-0.168758418503793
0.265941742533403	-0.0189330374390324	-0.0632833057454761	0.555586556134114	-0.0574315951397779
0.00539541506799874	-0.031934786927333	-0.0729141966770097	0.657630081336636	-0.12288422667357
0.182054288446585	-0.0736746734284607	-0.0554401336520753	-0.133411059617611	-0.166788517686115
-0.146952900014381	0.18887172365492	-0.0557898137513588	0.445030960899457	-0.0698556837966873
0.0837633310978908	0.543328972430438	-0.0515904150183783	-0.223396943268976	-0.0822365718396905
0.103538853326167	-0.0205822305357038	-0.0632675205281829	-0.0904523886823775	0.142961376282627
0.0109636851497778	0.259220730668467	-0.0585432427878756	0.368070708712932	0.22129575931349
-0.0319418137241495	-0.00832136357206649	-0.0582485326036051	-0.312701604219589	0.12090050633104
-0.205273622821573	-0.139122252236743	-0.0689152275615847	-0.000511670920901282	-0.0219349776804263
-0.459737485271223	-0.139197187977867	-0.0592569129562957	0.0333892770801161	0.0662830695345497
-0.155284042492773	0.1733349782578	-0.0512355571473489	0.349958648919097	0.322070882866081
-0.109441978773055	-0.128922991859564	-0.0533255101884971	-0.692487969110565	-0.118181849266301
0.444330779792077	-0.150515688376662	-0.0671937590402703	0.150478545506235	-0.240728800805813
0.226654981587547	-0.133105701605471	-0.0534205588802958	0.701098580859133	-0.4834447231453
-0.181338380824583	-0.126284404410934	-0.0533510411084338	-0.407594655313073	-0.473186638916736
0.125804762293932	-0.136220588909188	0.340975664567542	-0.615048946978118	-0.26992061394095
-0.0235271051527537	-0.141079908165302	-0.0648048827702029	0.420376739488694	-0.236028951140324
0.368181341519428	0.405897405401466	-0.064074977914237	-0.370903525114836	-0.112423242814412
-0.427340106685007	-0.146764863389069	-0.0593205525491597	-0.59682757013405	0.161115939289229
-0.479442016520052	-0.134914869130488	0.340956314989956	-0.695099391636036	-0.491228150253957
0.436779268042727	0.256713771593431	-0.0588036289372941	-0.670944584409515	-0.133001655021105
-0.0354180740799367	-0.134109746410597	-0.0648124326707724	0.607398898355129	-0.0877044646278811
0.241715968775486	-0.128544759070822	-0.0572193685318215	-0.264410660196027	-0.51124562418621
-0.0577415592559318	-0.147322550979931	-0.0678583954538814	-0.320156270337343	0.201800798179984
0.0588995150883375	-0.145631246709142	-0.0531948751657866	0.644497598589355	0.237112532665558
0.00521058959852579	-0.0646581973073064	-0.0767182261746999	-0.0822710577530711	-0.0591408537045768
0.138524291879225	-0.175920856395271	-0.0637764427232595	-0.723050065789178	0.589511317531097
-0.123760814087244	0.208462450779994	-0.0586412303525862	-0.218032868120444	0.124196470524179
-0.424825237078375	-0.139765403288896	-0.0676329426283733	0.581390921475326	-0.0156380963329941
-0.0254496503508042	0.462361973540939	0.0694766806954687	0.0770963868434731	-0.0364666964545258
0.197199479550765	-0.141373924596601	-0.057455191937291	0.39203417213515	-0.048276295822969
-0.0783978825809138	0.204441667632841	-0.0638897296424612	-0.444697289515798	0.235110962821337
-0.0550142632865542	-0.139503007260273	-0.0632663245305223	1.41296717301615	-0.124254597258128
0.0870248313874805	0.0853723844757146	-0.05246381851873	-0.69027949211961	0.208731273023959
-0.0191872486419684	0.2634578316104	0.164658048425372	-0.209479849470178	-0.310900169621952
0.0538790782185975	0.142228649520782	0.234180090320465	-0.629065330063716	0.0139884363349548
-0.28375485169276	0.333347294153692	-0.0663910284043271	-0.325359762702154	0.102533117016254
0.0667634685759036	-0.0568202957660314	0.0442570003175555	0.0135943557185966	0.103118687506102
0.0975593143581987	-0.0356265486420954	-0.0643085643485384	-0.132399561032838	-0.0393545957994612
-0.0624349367333549	-0.153417023186593	-0.0540206458433908	0.413758459128794	0.0970114567802801
0.0102375111616239	-0.133616120595499	-0.0485585752447592	-0.00294537367449719	0.319466191926126
-0.222847968581059	-0.0746999006555194	0.373708643287264	-0.289494815032199	-0.0219437914260595
0.110119170492769	-0.15785778684001	0.806399787675202	0.194287688135773	-0.00363978303512016
0.0662797874641325	-0.148593948273463	-0.0659406128269553	0.489101430756719	0.109767118341758
0.0402375346812637	0.453921085003922	-0.0606571423053949	-0.475781169746921	0.0055974092193895
-0.131784383880116	-0.0360824946535304	-0.0574925537226259	0.88985672684938	0.0208865383928773
0.0232527832562008	0.186776563370673	0.11562702060967	-0.0842171706590671	0.0220063994562161
0.224979303580798	0.0184803048609252	-0.0565630311388405	0.116780266942281	-0.0640759944536941
0.0387308442052061	0.0945143501495483	-0.0549707055532202	-0.106295250911112	0.470924400711267
0.12289596742031	-0.0629191391834989	0.090228933061493	-0.0460571429428313	-0.0430505595831559
0.16407675803579	-0.164701229968345	0.123882417111282	0.657284138888299	-0.115749767712994
0.219014191050301	0.28692765482906	-0.0677017751035098	-0.0107356578190337	-0.030025818154437
-0.0608229711286447	0.00581332586964859	0.0865845485859028	-0.146763604183017	-0.35349101112001
0.182066342937181	-0.145086347239325	-0.0678920741032928	-0.425620868378214	-0.0599364960034642
-0.0323135783959602	-0.142732756204428	0.0639001697323348	-0.562571194973948	-0.160766707027632
0.208067433182412	0.202877632180578	-0.0629291816319137	0.944893719477813	-0.0147560800181229
-0.171108918716008	-0.0165921116274688	0.324916214933653	0.331369382256418	0.0431646193964734
-0.178532002167685	-0.136333369187856	-0.0493861784733737	-0.676522578317402	-0.201942513384985
0.222846890072939	-0.14858171552942	-0.0744639964048715	0.188999984655816	0.14791723487096
0.241232646126537	-0.14118906809313	-0.0676348074394563	0.170076198926065	-0.0430320668692246
0.218281072165354	-0.139592047641067	-0.0625450783513828	0.182528928529564	-0.152250435417295
-0.0117453092167119	0.0329997190808935	-0.0604637643516056	0.940000435024817	-0.200580382869877
0.0640714316951534	-0.0949070425228971	-0.0471493958705906	-0.274270131751165	-0.0957719369000086
0.0242252996393325	0.315252836337662	-0.0430090156113926	-0.31003583888177	-0.0964831275849169
-0.0529140584628247	-0.141875754677577	-0.0557706031623706	0.261044741608696	-0.0968566661545432
0.102983462020471	-0.046805422818958	-0.0729253609993029	-0.0681598994523401	-0.10229280083096
0.0156689284717132	-0.151180921081025	-0.0595811544096426	0.0227081406146645	-0.0652057520302508
-0.0359219148348468	-0.143510869809644	-0.0602075019285308	-0.183900179743464	-0.184232065157767
0.06273116889636	-0.0349103785356948	-0.0537860154255046	0.182512396087914	-0.225546677662492
-0.237446966852537	-0.0158818534668102	-0.0463172329994502	-0.0344749280531724	-0.00355389090711198
0.0471194039624915	0.0128848773946499	-0.0487643167252625	0.694542965401649	0.0155867049618267
-0.0713387968400277	0.137308020621256	-0.0645266803533948	0.443755230415446	0.109988825034339
-0.0371277198625279	-0.185562530193287	-0.0426230596602189	1.10424402105114	-0.116628872460435
0.20229622260439	-0.147125324328097	-0.048900264259596	0.0412174784199292	0.0565887280021421
-0.0721367065896733	-0.142943833319436	-0.0637364723739178	-0.0957900325678977	-0.248282354708189
0.323224089032891	0.286488251163806	0.129105375816716	0.506730500073102	0.289714180917382
0.296429382230586	-0.0638056940001162	-0.0579297194259898	0.426858615504628	-0.225199057630916
-0.205737500238597	-0.0227996718009444	-0.0550526060217108	-0.428032320338792	-0.0930597865348207
0.0475110887702159	0.343224305303618	-0.0614863031994515	0.26000748877649	-0.0366771229177319
-0.126750123043825	0.520349538584468	-0.0666081555274317	0.698548656051564	-0.0748809093736003
0.272081095609463	-0.142861396352916	-0.0681054344400284	0.668031980082172	-0.277964530048724
0.000164353963924958	-0.0519009556468424	0.0146493848789415	0.330525953055978	0.0937505559385833
0.120942435099246	-0.133519759346815	-0.0624636125054368	0.139957924871393	-0.196990610398786
0.0198383311120062	-0.137175170467028	-0.0587913911326677	0.0333728354545333	-0.186706324861991
0.154854839893628	-0.160827066587028	-0.0708168148162602	0.333305303464779	-0.05853285292628
-0.0462568334566806	0.138027223883813	-0.0627897568361609	-0.00841613322718343	-0.356763775625776
0.185483483426348	-0.00983475071705605	0.181462201805987	0.0628492707028552	-0.169820495968286
-0.157172798912175	-0.139139066518158	-0.0597795770869544	-0.652357878204392	-0.226767349445962
0.0707553845018563	0.710226454015868	-0.0652696807509962	-0.249200322312447	-0.220754786425994
-0.0381448685706227	0.414613292654086	-0.0540593880870651	-0.217908126594379	-0.113263598393632
0.149752998679689	-0.0637296469619313	0.125415092557828	0.130505319704206	-0.361986770724931
0.0971864509551108	-0.143791038056398	-0.072467787114769	-0.33773977782314	-0.0533458667454949
0.254968497469967	0.250417265543636	-0.0546785046752582	0.735573902000956	-0.288954851701997
0.0990589230590912	-0.143179976132277	-0.0531154147084813	-0.33362058498491	-0.378458251649024
0.28827864368186	-0.0294187655497108	0.0391003110038068	0.318463519381441	0.080587073499479
-0.0615610232567579	-0.137756527447109	0.178546492337714	-0.64843057077036	-0.256007301607245
0.216414370902047	-0.136608422004396	-0.0575105396224906	-0.701036088984634	-0.112632663562413
0.419267172216579	0.073971519147006	-0.0631379639185634	0.228521674707418	-0.11499147229027
0.0935581314131659	-0.0200769544439321	0.000247181554385954	0.54692510603914	0.00827341882756575
0.0801932386503921	-0.15430750627455	-0.0642500988222985	-0.0924795407224101	-0.127364668004816
0.309800366714277	-0.14252872245703	-0.0522878664021547	0.267843339047493	0.202680553939787
0.130879063760847	-0.13628870594304	-0.0688684198342807	-0.34166668199364	-0.327938912634722
-0.0767437409300434	-0.0752784726789705	0.00895584766751103	0.0249145664011978	-0.443771597535299
-0.45653578081886	-0.151008684565537	-0.0578243567125615	-0.622169880902357	-0.520933397540279
-0.0670595733730459	-0.0500004616781578	0.0899228495959963	0.269665946748431	-0.0913647744015075
-0.0273197218821366	-0.0655207319571848	-0.0600094901712341	0.256362699086139	-0.0189504611084794
-0.306837372780157	-0.142744841493913	-0.065426131501258	0.335032745188373	-0.319250651522746
0.0529015973332385	0.365698150920916	-0.0597947095619211	0.388444151066972	-0.139398674939598
0.0334011994705504	-0.146878251794138	0.0177667318683908	-0.178024800876994	-0.194210317609188
-0.0103573783339438	-0.0570042207295453	-0.070973874548769	0.132706426724009	-0.0599384241806176
0.0942196804290162	-0.148661856465296	-0.0625144674409367	0.318796295488312	-0.0932819297506598
0.181073173188953	0.460210066427637	-0.0528387576499245	0.832956174378938	-0.150911476481167
-0.0146792249953742	-0.146276891640698	-0.065243655129653	0.0285294009265795	-0.0864445220285352
-0.0207814853910546	0.518538490612999	-0.0745684357981582	-0.00616214433768275	-0.125814443923493
-0.367779451792997	-0.0366135917931444	-0.061274934833805	0.586004544696663	-0.161051928424634
-0.107691050683564	-0.140463650954458	-0.053262806091625	0.0568119935218525	-0.0214361684349609
-0.0123180021580381	-0.140253469150216	-0.0610923355348794	-0.654296417333691	-0.224155029585417
-0.17029247638745	0.00399444397491546	-0.0536627381925518	0.0840581164953935	-0.0970283846747116
-0.280550282117124	-0.149131036190563	-0.0679555228477988	0.798007578784554	-0.182400856104655
-0.133204238010162	-0.128552631007204	-0.052203796044769	0.457335550053454	-0.167455897355874
-0.134203400807604	0.0881774022280023	0.243898713571504	-0.573165303802556	-0.0610287954283382
-0.225477290686456	0.227481144558472	0.109809416399431	0.326812082227421	0.137887372969488
0.00284618210582463	-0.14548526891502	0.0834606541775342	-0.368325105738556	0.105060998810697
-0.112916391950259	-0.143676186902288	-0.0575002827640334	-0.578792667847138	0.328529005280032
0.154291485217172	-0.0177691747212485	-0.0653277004031207	0.428612797031998	-0.153782218024073
0.0803006516163469	-0.0063178271376696	-0.0675276199994713	0.180612457190845	-0.109716560981015
-0.433678149357184	-0.131245062509722	-0.0523147396372121	-0.648244293934611	0.590723899066277
-0.0823398499282886	-0.142624438422286	-0.0693131848906646	0.0158154759230614	-0.0880947214767802
-0.173357725428669	-0.135930311678578	0.787525006819026	-0.661366540871733	0.370136846876735
-0.468237758474925	0.567710346507328	-0.0419778874125845	1.70165293836169	0.226128612283461
0.205189964386552	-0.157451716037813	-0.055639030024147	-0.652730223485982	0.0200602992030276
0.0104762412678477	-0.130567352447177	0.759628241301066	-0.191632849000802	0.350321235064588
-0.180682497950136	-0.00864416830521753	0.397494141466174	-0.711638997611497	0.412772150527937
0.078689162489961	-0.1455410955303	0.957706818906607	-0.25343924764209	0.0346347802406845
0.183824328926243	-0.00596859298918863	-0.0779551062943099	-0.377872906190787	-0.223599858355398
0.0157679024253713	-0.0343796389372441	-0.0709938436957835	-0.419413325883175	-0.0106853718879693
-0.0755603285610052	0.0919276969368633	0.165833967265258	-0.712927157862032	-0.293943024021438
-0.45884680672707	-0.146771593286234	-0.0575462448053269	0.478718028909094	-0.208089136212668
-0.488657500538166	0.266462393689975	-0.0653721940992421	-0.716184634778074	0.0476188248581726
-0.0202796229998067	-0.04888137955698	-0.0672126832857399	-0.0103203807896536	0.314521453861516
-0.097363943004066	-0.128982091222668	-0.0516349519069601	-0.142337563755476	-0.0346380996935433
0.223426386718636	-0.142326425126512	-0.0514052153365037	0.232243526249134	0.255099556618573
0.145378310054401	-0.0940346565183788	0.0173100453342497	0.00343507986424258	0.0264064090720671
0.165017552361266	-0.132932926309725	0.0844897650217694	0.21805635177455	-0.240868492289906
-0.050553059046449	-0.0744870566381665	-0.0595797014443341	-0.232909774111028	0.117780377527925
0.00207885845655148	-0.142156263071213	-0.070402084818147	0.022165068165009	0.175264675403658
-0.155792694954492	-0.135453626811777	-0.0556720995633694	0.0705411611663297	0.305229989348502
-0.0914076157819736	0.0578760952288092	-0.0681328695043224	0.277787947931668	-0.335520773087615
0.109839932605967	-0.137385165425546	-0.0662092778766545	0.538149632721973	0.0510137901077604
-0.175235844078014	-0.142831927401455	-0.0702495010591157	-0.578066403281946	-0.298499140496063
0.145419291889476	0.00701617502098906	-0.0610846880021937	0.275856849583437	-0.0991991220777467
-0.179165892684533	0.0241503437030676	0.0895007165514106	0.834525521420218	0.075238857725117
-0.0965809402886157	-0.136780667728604	-0.0625655486544332	-0.304012067198655	-0.132711705556706
0.0249475478220684	0.030919970257707	0.0268722444716658	0.0441515531199672	-0.150683115312311
-0.0666459554144682	0.12342262542803	0.0269122374230721	0.0633499173255351	-0.253205693931416
0.387744358488315	-0.14199444917998	-0.0566706044729901	0.111925810563644	0.10380146294896
0.28165683027747	0.423290576299836	0.260254956635834	-0.694424946614421	-0.405886319842268
-0.297310304240224	-0.13186967929672	-0.054312139294241	0.24623807509163	-0.524731516548995
-0.0224814775464417	0.0531735973987301	-0.0605356033030285	0.833918026569912	-0.309560315125696
-0.238406133315973	-0.146735198928558	0.168860348659412	-0.621062843926577	0.320713463577653
-0.280387899954261	0.0495753022999145	-0.0551431102193146	0.706418699844945	-0.317217808414172
-0.36273107221322	-0.183338425351806	-0.0461363523947727	-0.686132953240738	0.094134273135738
0.245965665512919	0.563191306034907	-0.0521316829916945	-0.663222706608295	0.202312173719187
0.24013895415719	0.0450064033571941	-0.0623009439287137	-0.310806257805811	-0.300936952375424
-0.228755422845781	0.109147080678625	0.12457405076708	0.212187413772647	0.0394320515124861
0.198572021457741	0.0899928914598343	-0.0559593420770737	0.387382197289221	-0.0176380034547192
-0.178252845880017	-0.147463528012333	-0.0596479245007551	-0.34366165358127	-0.49146131286123
-0.471027657207667	-0.137304036233214	-0.040920136257366	-0.659021374274987	0.213136699081862
-0.11908954366132	-0.143597748766514	0.217783861399269	0.206184975704639	-0.215623840703267
0.0112369929959002	0.0414486031685711	0.120988323143389	0.442678269537654	0.429150562277516
0.00486734865036851	0.222043544263171	-0.0587530366376677	-0.0342158560388268	0.042701517069247
0.140875662655854	0.144403208604453	-0.0439655523835783	0.120934158940579	0.191004709747946
0.2370554501979	0.452517869122375	-0.0651273514682128	0.3596226586029	-0.221253729327089
-0.108913517795443	0.0699220889680989	-0.0682732898162064	0.474951795844294	0.219113878758295
-0.475570453394315	0.962076831134586	-0.0556653375630835	-0.017974197757062	0.174981370208374
0.0815030837859974	0.252886270824314	-0.0564564024928265	0.0509039222896929	-0.119154452228713
0.0269440159820607	-0.141210211066358	-0.0566685729742987	-0.44424155522896	0.28236618384262
0.225727134020271	-0.151614817238434	-0.0652367513164955	0.455743883107802	-0.216218464925252
0.0688295383192625	-0.140140913725669	0.0951337947823662	0.21022486570025	-0.000856726954163431
0.0542113542487905	-0.019417475773342	-0.0528085251693522	-0.261320780167258	-0.280810421820101
-0.080104140536941	0.251718515319924	-0.0451754284385423	-0.652021221211217	-0.0909732821893718
0.157682659423018	-0.134720697220182	-0.0607412893709433	0.0724881819894538	0.233857833548911
-0.0955455447228154	-0.0048056248371372	-0.0670673046805597	1.11368364000076	-0.174000995183955
-0.0940548190047267	-0.0117596934385249	-0.0555064201283213	0.560064480505872	0.181573330872153
-0.153253122378506	-0.143220013574178	-0.062705705762773	-0.0156039171631044	0.178624912402601
-0.0396825957534055	-0.152884246414692	0.338023943318636	0.88751707406671	0.359601915466683
-0.480414892301837	-0.137569870782297	-0.0563368493772877	0.397630635431419	0.170507304729365
0.459274629949272	0.255346845420839	0.350295028479373	-0.221251979193106	0.174454493988372
-0.176665941496099	-0.156436254721309	-0.0615760252758665	0.22856522769444	0.00319472128994434
-0.032695597131306	-0.147174874864705	0.334890087845727	-0.623849535885385	0.124929497861223
0.343207079474349	0.0209434174647411	-0.0553943844493369	-0.222025303534508	-0.132450420985384
0.0554535173703211	-0.0751305289826326	0.127301468170648	0.215448921669802	-0.144240951279885
-0.0534718006449871	-0.060214303728376	-0.0543521008778122	0.426348771174249	0.0753797296664774
-0.140602755369547	0.179477248407174	0.143913956124559	-0.392805495851924	-0.213618834201135
-0.0952906701870437	-0.140846443672726	-0.0657308574899971	0.336057874080581	-0.288701647412399
0.150277514096124	0.108648477387195	-0.0458625450169872	-0.543980427848811	0.0173304527941308
0.00467053433290366	-0.137368749082217	-0.0512355672467838	0.44415916133566	-0.367878733698886
-0.138101418587064	-0.148789717949523	-0.0725947693675698	-0.613793580060991	-0.17261275352436
-0.101052072161443	0.104069836940419	0.0173554378134933	-0.677493502899769	0.109270346643022
-0.00806217212602425	-0.0131677047016714	-0.0644977977066395	-0.10508462945402	0.224121793346559
-0.0724828866507152	-0.143335206092087	-0.0493147048098402	-0.653324082572051	-0.0714680865056959
-0.199842180809398	-0.147425010390508	-0.0529986218094681	1.00095022656283	-0.483555832754486
0.055512593077387	0.137209954864484	-0.0540523864351304	0.679181041766374	-0.00546849620243386
-0.0963066520869664	0.0386101497920032	0.0685684345273134	-0.743198764708473	-0.0197194039100396
0.17893332357863	0.112096820243891	0.0345087642906608	-0.451015912159492	0.0258662654346517
-0.143172011382965	0.48526640958343	-0.0701905292217211	-0.187586912409381	-0.316875925601568
-0.117079619627291	-0.145436241519361	0.0140386263021822	-0.673176231755242	0.265139170103154
0.0107195371752214	0.0168665619773302	-0.072208058494631	0.374449036786578	0.0180373205393547
0.343923356883297	0.424202677399961	-0.0563139492465982	-0.634210086564171	-0.0153156593068321
0.16045845048747	-0.153005397713605	-0.0548593151882932	0.241888946325169	-0.27524604192557
0.134736809713137	-0.139547471159616	0.0467256580620827	0.112917688215619	-0.0140499152665588
-0.00794321304754032	0.204145698862882	-0.054674515654828	-0.50881243490445	-0.322245662330134
0.233274010887162	-0.0341885910142317	-0.0599029735509362	0.588542697079607	-0.0956147960088409
0.190878344964679	0.472382399590645	-0.0672400528980548	-0.00498381201741332	0.115321482923866
-0.0072355281087883	0.242037766716943	-0.0567616172669894	0.712468105702692	-0.120129288354475
0.104784606643933	-0.0390177966531487	-0.0630774218320842	0.0327098279163614	-0.269904678582664
0.0858051619539711	-0.0485975857785698	-0.0691883109995757	-0.045424415214728	0.148239677790387
0.0322837585559259	-0.146733806669325	-0.0810550806848158	-0.363253857603157	-0.27484000143857
0.0864912350012068	-0.0106813758422408	-0.0474417669542044	-0.121503995967709	0.0668380904324455
0.119407745383169	-0.122256936632655	-0.0497391390386507	0.177356824385353	-0.075356141820829
0.0680363692776281	0.061570846500668	-0.0447798483214239	0.560362348728323	-0.359633999938444
-0.0213590005475135	0.017646560607441	-0.061910591458873	0.540911745964377	0.0928812544225074
0.282300887810009	-0.0441543453405599	-0.0558790943000023	0.158822586065309	0.161879819930057
-0.128767840331002	0.0244131562911354	-0.071005038358701	-0.536520178022577	0.280326097860324
-0.134051358395976	0.0666979364119812	-0.0531422837170187	0.28025101317166	-0.0342181876245579
-0.311288852991589	-0.131530951616594	0.0973542408389331	-0.549187538688285	-0.010544795434921
0.130260739429092	-0.0468121125373479	-0.0254903711336625	0.107650445341907	-0.0157223787371097
0.04264937282621	-0.141704683592992	-0.0647467458637194	0.417866259956841	0.445333130172189
-0.180487919003837	-0.143411168606144	0.0741437173599012	0.245809743771236	0.0764865848736344
-0.0672373951537774	-0.0331962177551763	-0.0589100209992309	-0.242249632713208	0.220049946976116
0.0435979123645056	-0.133741807643105	-0.0391978399990865	0.427703621276038	0.268418006720802
-0.0471871591090157	0.0180716913896676	-0.0764641413939033	0.298634574519666	0.0338618442668483
0.0914432221682415	-0.148826071556274	-0.0626577383050906	0.0723184405312658	-0.158816299098293
0.238670480126115	-0.0884927897205612	0.1229926753169	-0.365236620206478	0.147877320021678
0.130272081991098	-0.0543475258395362	-0.0677866908114627	0.398517809719809	0.0341965204004978
0.323139263846147	-0.141342577259659	-0.0474713504469853	-0.0390804231382626	-0.135805026744772
-0.0828840244162988	-0.0448614139758824	0.129498388175517	0.0914765298149792	0.306673333248882
-0.0799451133283051	-0.0795980861024633	-0.063925471334212	0.30738755331086	0.0831161866258893
0.148652157455468	-0.094934729305914	0.215316449620427	-0.0814326744472854	0.226268956088915
0.0900041633160969	0.0839861742338729	-0.058247270170641	-0.280357883002162	-0.208479669590728
0.253816293413107	-0.149673994058404	-0.0583500235446239	-0.606375102429274	0.573196018624421
0.107335383039812	0.137718689043982	-0.0575975650854691	-0.103648720639567	-0.166620656700331
0.639558019056145	0.552945222038325	-0.0654419876353898	-0.667024825841199	0.578485344973979
-0.0877495904217422	-0.0248856936682802	0.0941161214184103	0.156046435638691	0.197624594932503
-0.118813046634415	0.124650895955906	0.043047667230896	-0.118607909951715	-0.150135941788518
0.0602967339585399	-0.142279689326448	-0.072072516695895	0.0568053430321694	0.169857660492454
0.113101432338275	-0.13819831511157	0.0018200496894907	0.219283054216758	-0.0391060853498866
0.0281434248471376	0.018794559322616	0.717016166780449	0.565482019707611	0.184454475654654
-0.0889057144503789	0.0854805340640537	-0.0482204008887403	0.15815549760001	0.0358869162554139
0.0869068042644461	-0.140731904268236	-0.0688178834238374	-0.0440521145507275	-0.127384899995042
0.0813088939369644	-0.00997149463494035	0.0802756377419516	0.406739467204727	0.382039922028827
0.0307594631667282	-0.0851261548992077	-0.0593526743419039	-0.0698771251859426	0.088206495256631
0.241892352545935	0.416485250038946	-0.0383648781959129	-0.226723154775976	0.0637687704772244
-0.0551474856929482	-0.136203455619424	0.161644777734835	-0.117844275401507	-0.302844620851426
-0.268881832776446	-0.0316269067104966	-0.0512569978559109	-0.014353909609375	-0.101811498234144
-0.171750252464784	-0.0899510665830069	8.60874702192922e-05	-0.00173875220839202	0.246017661208906
0.0862526461031121	0.267761041339328	0.0201014483336527	-0.42273591655328	0.0491135748486323
0.0132177767699549	-0.134435153652628	-0.0428118735684005	-0.468794732562195	0.065369110633582
0.0940347044060074	0.248837748513217	0.117364968978135	-0.474183748013381	0.100686157351987
-0.127860190311605	-0.135050830522622	0.0170899854435387	-0.388107693955768	-0.280107243902817
-0.111026040489911	0.0717081044662699	0.0385557971273008	-0.714434296700862	0.328510695657548
-0.223343787112961	0.0879681053540725	-0.0558737420897271	-0.0239422499220119	0.0615044651910425
-0.0640299635840933	0.232973125144588	0.121988200101224	-0.346195826695731	-0.0185805488024112
-0.174922172196767	0.0605797875787422	-0.0696359415868564	1.10195270607066	0.167894646219736
0.168974972118405	-0.0329975936933161	-0.0506835966113431	0.0521252655066637	0.154115402486904
-0.26427312901368	-0.026407136973067	0.148474823646669	-0.383904414717987	-0.0623226781053739
0.17184546544021	-0.108837716686602	0.0304653300607742	-0.196882878850116	0.0444411502350158
0.287803739686036	-0.018479141889781	-0.0549455408294045	0.515116625955615	-0.363187775474418
0.0227087763927733	-0.142940274592002	-0.0726676769361796	0.078466062731416	-0.00369567517065408
0.045845846676393	-0.163322887840292	0.232039326785658	-0.591556588423022	0.329995601701586
0.0822460302742368	-0.141775358665342	0.0814824973434065	-0.545521206290963	0.385332151021218
0.220015471837369	-0.141136941264098	0.117532354248948	-0.486384046765962	0.0904181000347609
0.00303005078531599	-0.0941989949271145	-0.0744461915012255	-0.0269798580206386	0.0299137172199768
-0.034740565090886	0.554340197694113	-0.0704075364088197	0.365182419575802	0.287988268292273
-0.493979346769834	-0.146667727072418	0.111092099135964	-0.697935126785262	0.491535064931859
-0.308368191377433	0.461711334136991	-0.0722103339767616	-0.2483619485201	-0.0268892987142557
0.156794701606436	-0.140106576707132	-0.0665950328705946	-0.300594744993534	-0.184728516378572
0.0864691791038201	-0.137593763781145	0.16990368764492	-0.281192283530973	0.0392774914273953
-0.235115469978396	0.617907491783925	0.0608863075823247	-0.637953822712973	-0.145357179234454
0.205592590806939	-0.153683081774694	-0.0655603454000072	-0.655477390802922	0.697111140586174
-0.0382817734658776	-0.144846613979452	0.0850926052642776	-0.228655473898212	-0.143649637977432
0.203654747221459	-0.138623094373239	-0.0633706507003359	-0.40455518268607	0.231371517590803
0.213823666275708	-0.141892880151206	0.0833392036355141	-0.694919771038174	0.0977386193180844
0.0805912102822794	-0.0161049397669124	-0.0558352303603506	-0.38395655869795	0.54500056590103
-0.0827140527695659	-0.142699403455612	0.0476692571347822	0.164100462024342	0.158210103237859
0.233497158569615	-0.154437312619147	-0.0620095307564707	-0.601641440105865	0.0607903530656767
-0.267142556342415	-0.139292987157202	-0.0708450127066064	0.629745717658191	0.0490857806354793
-0.43789497690438	-0.140190949590532	-0.0636822233291425	-0.619082681402529	-0.500704739438439
-0.133149316493569	0.0376022684860491	0.123673701684948	-0.315740746392469	0.303438366049871
-0.109982958096678	-0.143645838081621	0.0388508311182799	0.12484878808969	0.0653629955264332
0.1618629127504	-0.0150433085716579	-0.0625551176198888	-0.277481608934439	0.0305404396394986
0.177027793570992	-0.141194084606535	-0.0665269003813035	-0.505879634418213	-0.513893189517294
-0.0521317210774298	-0.130952192948467	-0.0589325533146937	-0.686070649396985	-0.521957219666795
-0.471271799377685	-0.137772255561278	-0.0606768995018314	-0.674116244624003	0.403953901454736
-0.461398455237463	0.676083377713777	-0.0553586777699887	0.899212648115072	-0.068212126231608
-0.281570541267103	0.148951405561406	0.0349817556130507	0.362916521574504	0.0139217616578707
0.136372088576492	-0.0643591147000084	-0.0679758070465551	-0.201897046834273	-0.0578653541502361
-0.151782174307993	-0.148921863331076	0.0902890209143191	-0.609448915730687	0.171077823045412
-0.0891544534376013	0.0794893683886243	-0.0740642797082559	-0.157216896829044	0.158443356255561
0.20680176687418	-0.142768098292504	0.148700852305223	0.298871728467896	-0.31792383137194
0.0352636227752309	0.114864936536194	-0.0796172775945215	-0.291605973424182	-0.0766999149377817
-0.439739796018126	-0.125102248507158	-0.0572000224046401	0.705757499874009	0.604105572704663
-0.100183545653156	-0.139826455290534	-0.0773606665989942	0.36265097630601	-0.125560962366914
-0.240232859209578	-0.135177341649342	0.173576794847631	0.590256153672029	-0.259165950573624
-0.453527562810583	-0.148571247813718	0.629070224358683	-0.64580553864972	-0.522327352562787
-0.0628475868884649	-0.129954434688865	-0.0572763551539292	-0.0162468679430665	-0.101081904990694
0.240868488427752	-0.148443491457481	-0.0632585145748001	0.486220908322017	0.19450451127888
-0.225751823295799	-0.0212896872522099	-0.0691998682092207	0.0364131488303114	-0.0654855594696999
0.133502900095957	-0.14849558874426	-0.0578848922231001	0.426184260338416	-0.0266286979805784
0.166025169302153	0.0395804067604818	-0.0661224805691322	-0.192940056542007	-0.0248077396490619
0.120856721626008	0.053244232583773	-0.0544840630339316	0.108546536786568	-0.401455948521586
-0.00808655948821061	-0.0177468749079466	-0.0675908480264695	0.340024271739852	-0.134101196961781
0.0106764367086849	-0.144889320870736	-0.0730806248664681	0.201567110549951	0.318680378016166
-0.117194012802121	0.211171713705484	-0.0496833297051974	0.536727344870391	-0.0477295031142229
0.0799793213972861	-0.144800875284977	0.196366245503782	-0.507732671392241	-0.143803590371769
0.0104973088104177	-0.0488957737257778	-0.0764225208276887	0.708097907217576	-0.0285381197092618
-0.154256305095336	-0.130725678170362	-0.0551086587034903	-0.506266873296871	0.0169835852588079
-0.21210245029905	-0.138386387706111	-0.0520417572872698	0.0185247558435352	0.0432194647823037
0.460515319116509	-0.142313580847081	-0.0544346854638337	-0.244223306884866	-0.0979550275425413
0.224400023715232	0.00408462843939716	-0.0512839079085856	-0.139788053911206	-0.0365208204029749
0.14151087812204	-0.136491621694493	-0.0470670998553665	0.174330120744562	-0.202247536948908
0.292940040237985	-0.134537471325971	-0.0598921551372453	0.510926077665513	0.459960818611146
-0.0245811641868352	-0.000802755018377877	0.0568292229484124	0.0765203008185097	0.121954382907789
0.261808361281516	0.0930218950902757	-0.0528905251322582	0.0966835625578311	-0.115163542480083
-0.0977104352614245	-0.0453569255747153	-0.0600446562152151	-0.208465259568156	-0.00606277161907138
0.218590297196808	0.187324608972799	-0.0673660773960278	-0.351699836301716	0.0475466177688205
-0.0974173082526661	0.221685317740064	0.0457687267849203	-0.0124368958106535	0.166677107413602
0.149066412722633	0.259254643519851	-0.0673010861487154	-0.132101489880209	-0.378636050424327
-0.170972708625379	-0.147592151581667	-0.0619293698353923	0.562070763900724	0.467227361349395
-0.0465989152064517	-0.146549164494589	0.338144443575178	-0.654636758816681	0.175914825606953
-0.521396127807782	0.409570105512393	0.148055138349736	-0.735100596570382	-0.523492793855543
0.0909385096756278	0.266614260911851	-0.0710532022950858	0.133562959875741	0.0475871089918869
-0.0549905177009344	0.34108054856753	-0.0618598190807716	0.205041753840077	0.083450876616007
0.0159503827452355	0.380052470552233	-0.0682565244786409	-0.0413036813148112	-0.00015967995233675
0.215851970901206	-0.135617822337742	-0.0772301624498655	-0.484309910929302	0.15532210577307
-0.239748407057843	-0.141889402378905	-0.0524812562369076	0.0674302402992942	0.22160984995429
-0.0929774573226181	-0.139360689154987	-0.0197877858245775	0.226390384037856	-0.192510121617426
-0.105479809052142	-0.0395930932278943	-0.052019220926554	-0.285321129843041	0.32803901507019
-0.181419189668971	-0.149186432160812	0.17147693580228	-0.67760926036912	-0.26025109096726
0.240846204304061	-0.139791401675096	-0.058359934471017	0.393856663109669	0.00703282672687701
0.192658129145268	-0.0304992708492738	-0.0597317289448313	-0.337958907308646	-0.379561332477683
0.0929816692226249	-0.138695618577453	0.0672001352230528	-0.416252049800948	0.214477599133369
0.175196468943693	0.144936763460471	-0.0664611983985338	-0.151201448678019	0.270945959597527
0.0233294671906041	0.0180899841654768	-0.0629850854576679	0.0220979076777743	0.0398699999980296
0.217968881029384	-0.144093783928947	0.159305172710234	-0.673613542548641	0.0498334571844039
0.068814294404138	0.837586827663923	-0.0604695878174072	-0.63092391913664	0.174617271353477
0.139368402591985	0.459722803852514	-0.0671577727180352	-0.154728890215013	0.155031523235487
0.0549553385603852	-0.0597500711718067	0.0914851307274946	0.191224644976463	0.10581770973295
0.0394465801926108	0.00884799774896294	-0.0102464391051095	0.165119566849685	0.162096913730083
-0.0429420908424925	-0.144761666527572	-0.0698134153056902	0.292212908264242	0.338103701949394
-0.169994587623122	0.38149622809376	-0.069867440915377	0.116132883636625	-0.0167709747217128
0.157601755501996	0.0321170492027273	-0.0421568848711506	0.175788105128853	0.156579352229941
-0.11293587500825	-0.067482323764112	0.011127862691168	0.498953277436261	0.102136506247463
0.207952879099123	-0.095924001362667	-0.0150704765367851	0.642924958401201	0.11204715753545
0.00236349322305258	0.232541744825921	0.0038117598750531	-0.0635984693233213	0.44558176677323
-0.151121199954331	0.0939379949108533	-0.0627849584714135	0.172320920152839	0.150940132809612
-0.105706417790254	-0.0245446442509199	-0.0547242490987212	0.829571313926292	-0.109284874272924
0.0326793823110808	0.0996474651597838	0.0249594320142909	0.0532580906931872	0.0643440317562459
0.11223300138905	0.262316370132421	-0.0680919068425934	0.362897993390743	0.189960740559646
0.0197488731646284	0.0487826824934034	0.00407443566017791	-0.255649010495368	0.200282946126824
0.12733181714828	-0.140106199978354	-0.0731268705190237	0.431772496271185	0.0516872338762914
-0.0950317110112332	-0.146633073800081	-0.00633353667499624	0.429983649826508	0.236474165194294
-0.129489226698528	-0.0431187985228098	-0.0612904381329232	0.543499702164814	-0.178627059816541
0.100250044738052	-0.123180413112886	0.0307506550966624	-0.0814494831902712	0.210802962873675
-0.097384221345404	0.108741393189493	-0.0621333841135462	0.155637485727495	0.333917230916505
-0.169723301901465	0.233390032455652	-0.0677263813990551	-0.57073719922091	-0.233219657107564
-0.162064934451294	0.0386346717727642	0.0348707645382384	0.413410395369664	0.0857869672201393
-0.134089929099202	-0.0961457635231296	-0.00303851315176937	-0.357156353009235	0.0919124599102286
-0.244231917170075	0.164821754131066	-0.0606921709355786	-0.2001548514973	0.21110927545967
-0.0228090515998588	-0.00815448603177824	-0.0716135416757734	0.143596908519203	0.00279098517257366
-0.0438285968754696	-0.0749709410996781	-0.0686542933088168	0.186256021245211	-0.0386459845346909
-0.152436295492809	-0.1393979711051	-0.0643051499162752	-0.154524934157104	0.308900808703875
-0.0908403788721007	-0.124642765737701	-0.0411405708520103	-0.134125267269586	-0.23374949155878
-0.0753236578118371	-0.116374280950037	-0.0637787211556689	-0.236369510692729	0.458873839569059
-0.278719971044039	-0.147645222945441	-0.0627544305588038	0.478926866240671	-0.133833444430241
0.00132049268724911	-0.130349414111559	0.159951286901446	-0.594216181987846	-0.0746599867260447
0.151532259349476	-0.0351289855119602	0.27070236318313	-0.205037927202197	0.173837620012323
-0.0674364436785759	-0.144408176925102	-0.0619692788564961	0.149771939541133	-0.288830246168148
0.371429188670473	-0.145937044004616	-0.0611520261662418	0.722989710499419	0.185123551910418
-0.0489233758352649	-0.00372329940044854	-0.0550572835411845	-0.367537829646519	-0.344404342335266
-0.00527208394406291	0.185541816156844	0.273797115308045	0.0331673416236148	0.25134575516959
0.159302396198471	-0.1362760295179	-0.0636078932534146	0.114981679120201	0.276358957774422
0.0274059598485732	0.429252570351487	-0.0721421288797582	-0.0951635606301021	-0.16589175644883
-0.309604845319807	0.191734517731017	-0.0573903226763729	0.654639081004055	0.199150798853341
-0.071129129515678	0.0886744160422806	-0.0637849575830862	-0.482911128447842	0.197869907399877
0.0343038587510996	-0.0231301129224974	0.060890752823888	-0.155561945301515	-0.100953172497764
-0.458017516321852	-0.142331992746305	0.155204006785399	-0.432237915303129	-0.318963434633439
0.0589507202520197	0.218488671637902	0.0668927896528025	-0.218265769256784	-0.232202757811546
-0.0700010300359381	-0.136239435086172	0.103442884137105	0.0152904638017691	0.446650533495193
-0.192731637149559	-0.153764013682938	0.512424992061041	-0.246605988461666	0.2164316874245
0.0784780992362854	-0.0523087916445294	-0.0671671024546731	-0.427720286824097	-0.0572001064216295
-0.180421485146625	-0.163646921852162	-0.0630947518805803	0.251625161901864	-0.0567210847103269
-0.192040056377204	-0.144508532808317	-0.0659645177639331	-0.162574400271616	0.00340154474849857
-0.463747563255256	0.275064185205041	-0.058394686791987	-0.118806725705526	0.191673042673448
0.251394977174139	0.0841539271464247	-0.0708609908853823	0.160485554759003	0.150596211049674
0.25196222033781	-0.13763649339759	-0.0656899519846724	0.195999263643494	-0.000355855409440515
-0.351505306351435	0.0128007201850801	-0.063022071150545	0.26836964063768	0.144040579987922
-0.0096432831622446	-0.147591979508216	-0.0629416003219112	-0.00515014006375608	-0.169574469232238
-0.229737040178985	-0.145059833797415	-0.0681901672126967	0.0363526057300034	-0.329231928028891
-0.0637449355369204	-0.140050187189066	-0.0526839199752089	0.402820913940806	0.117646689025643
-0.0951396755171022	-0.133081037260139	0.0599371145214948	0.232084431867189	0.26534539486553
-0.065983668685338	-0.138882307650991	-0.0657987980106581	0.342000382423181	0.176057881711446
-0.31305510532187	0.000124817635938255	-0.0632166105016795	0.454087372065887	0.0892427356298208
-0.0692818893461061	-0.145442532328867	1.08498989949595	-0.525711390355786	0.242969148723121
0.00727568344884543	-0.15569533505408	0.123695424719019	-0.612452714412604	0.274622527677376
0.22524908648317	-0.13053252565702	-0.0578243149413472	0.125185590974303	-0.043735846899128
0.0431531088490828	0.142683929171675	0.229154619549235	0.451586229698017	0.696536231834581
-0.46325048793733	-0.137546661879371	-0.0579969908883783	-0.663928318370728	-0.500308494832894
-0.50807151370459	0.137646155568087	-0.0441125766299603	-0.410168051371153	0.0408378737277146
-0.0652410457638194	-0.121660059798944	0.52310945811468	-0.00740274241130681	-0.0505626326005055
-0.234155606539584	-0.155943969510714	-0.0659217000046292	-0.387631956795149	0.451761994408238
0.219489421028978	-0.138814730854435	-0.0405914296654934	-0.664808371205857	0.207471890000043
-0.224517057787561	-0.145512562923314	-0.0643851631545912	-0.625934433089839	-0.100875497593262
-0.169659759521803	-0.03767657092654	-0.011284950887837	0.0914296008444811	-0.0452419341004449
0.0129693233024987	-0.0883376382138027	0.0455391765799403	0.0249418901778373	-0.120347989719501
0.185974867178853	-0.131812741672404	0.190440673780534	0.855648548695037	0.195398750009468
-0.223964383768445	0.276855755713095	0.104815286274711	0.500506258692495	0.049814293720306
-0.137561481989242	-0.0660652026505232	0.022545729334712	-0.010763889254354	0.0595141028458612
0.00366392762531789	-0.0645146521321832	-0.0581617406184367	-0.177149548942481	0.00155911935666521
-0.173713108263816	-0.134124142657137	-0.0552281436394766	0.0853001348109426	-0.240221974916528
-0.0337271439863269	0.350262490563038	-0.0590933271236766	-0.296625204223254	-0.112954658145901
-0.0637241904215299	-0.0491594492413264	-0.0524974960036078	-0.188336148977931	0.108678438438063
-0.157848573367187	-0.0600894430544463	-0.0627144441564621	0.00597812780027078	-0.136183031614204
0.113005640393369	0.145325424185379	0.225657515752914	-0.691725334143283	0.351342618691448
0.171220142988827	0.262666912774685	0.0465391318221042	0.12836628329805	0.199587020163154
0.0172654717437731	0.0194817489369879	-0.0415007104007845	0.501166668926403	0.182031496914048
-0.0107463675537771	-0.156816292928804	-0.0694578838389893	-0.414518326495888	0.126022455999372
-0.0323949530483594	0.027384351753575	0.0311019373731061	0.171679780624575	0.0236933421367425
0.0506202592247178	-0.058498142327556	-0.0638261482220914	0.0994475229200859	-0.217373054489334
-0.0200068073650875	-0.141022336749228	-0.0678973059850814	0.337956462046509	0.184126748669951
-0.261970913744152	-0.14262991567158	1.13703519407953	0.239710121409077	0.0625547252238964
0.055736467432387	0.214667678753724	-0.070572082382276	-0.435220678513248	0.188641563565681
-0.132983474343464	-0.139241465821129	-0.0430487167704899	-0.466517544686284	0.309527484291956
0.178902254245751	0.0486635662144834	-0.0562079684387212	0.66737745841911	-0.0327301885479194
-0.0153338279191743	-0.147258002802542	-0.0682088882338945	-0.217324435794871	-0.169770102865371
-0.0595390701970167	-0.14054688070162	-0.0521140042190963	-0.66236173052093	-0.0879759330946529
0.191993734895417	0.149143592030877	-0.0713936318886077	0.277257173316935	-0.183015876954666
0.505438491369759	-0.141109525991747	-0.0668737261688668	-0.374882038844715	0.269596345267501
-0.432845150688155	-0.143555815255964	-0.0585327270274534	-0.61479832427796	-0.522937130680373
-0.0313506125449906	0.18466989490348	-0.0658333113414037	-0.119800082800134	-0.10796097279989
0.423118600297224	-0.128705288379038	-0.0546475067928022	0.12398458996632	0.213153338851035
-0.0379660538750217	-0.134084625750614	0.168552399892648	0.279548895034657	-0.0852935444507099
-0.151874196606718	-0.136759295530397	-0.0604926791852078	0.0887031150098367	0.37265449840263
0.00963237363207539	-0.152493006530859	-0.0574398205601802	-0.629043898520968	0.170560132160179
0.241523214685451	-0.130579293056517	-0.0577158075165031	-0.117684626784383	0.288904805101872
0.222720099963943	-0.135317309249977	-0.0459600643021266	-0.675601009710048	0.623098343218899
-0.465785222896075	-0.126378196962525	-0.0574113891031381	-0.699161758519573	0.00988161638272937
0.407867474542068	-0.0165565131715149	-0.0526872703437777	0.496082725512127	-0.0731313161078413
-0.201502005652006	-0.0118406346960996	-0.0584816125222964	0.479906013713107	-0.0447871382255456
0.115989147782206	0.0665636306188482	-0.0655016713524401	0.613402802374367	0.0828426067153102
-0.470821570012259	-0.124780490469164	0.353146501109894	-0.697361680202298	0.431897952079953
0.237121791643339	0.282910780218217	-0.0518317472505893	1.34069010092246	-0.0498697036879859
0.0770075373674714	-0.138142084228498	-0.0638290355430733	0.211109687881268	-0.0592938557334521
-0.103903484606178	-0.0813942281309287	-0.057772933543866	-0.0776006413697331	0.222730020820461
-0.146427490361231	-0.150189841374784	0.000218047914585104	0.443819655074913	-0.147839165862769
0.0794352652625488	-0.00701205880171487	-0.0694293159183438	-0.014175714347763	0.0440935768950809
0.110856730487265	-0.14207686743879	-0.0574257043003501	-0.335922295818404	-0.0218175634339587
-0.0971641936466128	-0.151872496394241	-0.0520778288137198	0.369064974036835	-0.00378602094672478
0.133433490509983	0.0636194004783868	-0.0553350019526346	0.230472023990643	0.171470676643424
-0.0865798243398302	0.056594585209153	-0.0638367902669638	-0.0746481391736907	-0.0777093417712108
0.13018787919714	-0.0776597924133091	-0.000673407451258878	0.0863369986085098	0.243773284957222
0.0367190159311877	0.37310469841519	0.0496866137844055	-0.256318298693713	0.32381616823878
-0.0581786819422834	0.0188604964327374	-0.054638352487219	-0.0450272441668794	0.336457893715707
-0.124935512917818	0.0307547097655975	-0.062654688844317	-0.133158941149364	0.10960567424373
0.103040390728013	0.119599743844542	0.0404048668987243	0.957582203768878	0.100086129227755
-0.213137277282661	-0.13585223102218	-0.0615191031658912	-0.329581709707638	-0.100951922710557
0.11145281724817	-0.102736000509969	-0.00766032512202616	0.338349038306664	-0.20993526043949
-0.0471864809722404	-0.129327630197969	-0.0076868922961511	0.161404673892865	-0.0808431187919567
0.0515415905072565	-0.145902908291259	-0.0734803343787709	0.43445976294562	0.0409580064469515
-0.0262518804734107	-0.147058784507494	0.0242648025781965	0.285979222155421	0.20309780488446
-0.0928240222692944	0.196751922213591	0.019649478790166	-0.11859905432285	-0.0900969286889412
-0.0766121407521954	-0.0276054167079065	-0.0626956502193999	-0.183489970527185	0.354868568709479
0.0384934201801678	-0.0726203318447815	-0.0483500595652832	-0.418976189031836	0.0210395385221423
0.220438732803785	-0.13098061067692	-0.050631337399062	0.360354334849515	-0.0706436744886154
7.02696739277587e-05	-0.0589478433791891	-0.0634932509647012	-0.239317035583879	-0.0698297146797082
-0.00442224603359893	-0.129611405440288	-0.0633965887494893	-0.595168245063179	-0.0824537160806899
0.189587090865091	0.18489145260343	-0.00566540481401417	0.0563478737485503	-0.153322786545429
0.289715353882735	-0.0376737644195282	-0.0676834111814923	-0.330525508587443	0.275197487382502
0.187765052306356	0.0416991138454232	0.262094218995906	-0.382307327780996	0.19087997321201
0.0161055917839682	-0.0501707675682474	0.0973494234246034	0.05043181390682	0.321222757092465
0.0262780573884275	0.0402941358006077	0.0704355574399234	0.115328288846883	-0.142851938028338
-0.0318490597306598	-0.0809697979949247	-0.0750984359353921	-0.0686540690894672	0.149646472135336
0.141137997195601	-0.138837872858023	0.00546544407270783	0.329813198984233	-0.233797825455053
-0.125130320383997	-0.136287373544084	-0.0682433695928898	-0.622079523681565	0.612533310672599
0.315379853853336	-0.135157590026504	0.00641940351011324	0.150891602167271	0.361466905821549
-0.0665576004542256	-0.142475419883084	-0.060613222797658	-0.036954061664058	0.231419514204627
0.259074830033244	0.15627983647715	-0.058479038264439	0.710975276942423	0.00450963653308554
0.136834607530061	0.131178048840322	0.441865999221766	0.388800428052633	0.0272436031010353
0.211989108893854	-0.145803919404309	1.08793106870747	0.265282416090805	0.477898326703634
0.146302921666823	0.0359258211112805	0.279695789110697	0.261497159226349	0.223765376255128
0.255989689245706	-0.142166911813988	-0.0649686544676118	-0.332846657512508	0.472917459380382
-0.160577405908869	-0.138724729225936	-0.0532083785927724	0.459120568738023	-0.501974664922163
0.081193339860977	-0.140567425137729	-0.0651053328542251	-0.283939352051659	0.0653766871268101
0.177748450729172	-0.0612603372961776	-0.030666443086398	0.158155577934996	0.0414825816749166
-0.00786302952982938	-0.0291438267965066	-0.0633429536602546	0.0437590839006773	0.0869114059735292
-0.0457806711918911	-0.0874490994723404	-0.0251803255254116	-0.0843685902778297	0.0708466764783188
0.129832670740794	-0.143605392140164	-0.0571022209327045	-0.136517235255731	0.256679719747897
-0.171745972251151	-0.0993637715288439	-0.014775384171099	0.565863425977097	0.175746030196901
0.131097735406996	-0.0481448423345193	-0.0637528730749285	-0.0695033743925964	-0.0222227937885954
-0.16515339418349	-0.0555235553461568	-0.0587862873766693	-0.24175587347847	0.121288774355978
0.239878919808454	-0.149014501981706	0.0507686243139096	0.171780098930847	0.118074102702034
-0.0390437311563209	-0.0310309892278765	-0.0715625161297517	-0.507634001919618	-0.156167724465155
0.127686410806005	-0.146697024172617	-0.0685934014260353	0.766589959498292	0.19337822508258
0.237522005892287	0.499385064388143	-0.0671800174230732	0.300749049747749	-0.148837163764574
-0.352171082787435	-0.154778166664418	-0.0641602082811645	-0.160601684260531	0.240304435870445
-0.163049486246447	-0.0579147554658089	-0.0734143839421842	0.316231159973073	-0.06808855560872
0.0695638909933915	0.0524791560395484	-0.0574141459358487	-0.0366323287971321	0.168564053542442
0.223228688384427	-0.0486636279206691	0.0212109687420374	-0.166667277356669	-0.0446365705204945
0.084329468987281	0.0894513616041718	-0.0474865974081898	0.322021176444893	-0.109613606937508
0.228825252232134	-0.110637561312821	-0.0497656811967342	0.0039976281130592	-0.00848179018901811
0.112376893442872	0.246434146934045	-0.0589746878866587	0.590249297507086	-0.144008493343864
0.1893456545961	-0.00741687383639049	-0.0153754221918903	0.233060897937018	-0.107549926612782
0.229945421683854	-0.132586373695071	-0.0657985897436812	0.285438633441586	0.138416593902787
-0.073745370413002	-0.0752927227759853	-0.0566655968520542	0.981800621837127	0.174545866630291
-0.0974901080194554	-0.101741120603069	-0.0212321047693645	0.399744631726989	-0.141690589123117
-0.10546759886708	-0.0969458290003979	-0.00572949551483664	0.108444985727564	0.0451813024218939
0.138313345848848	-0.139109436065179	-0.000511151505839604	-0.306520693700096	0.0715601194130912
0.0437485447023444	-0.0229164828009212	0.0557002858888383	0.359294311640702	-0.288686765037584
0.0158769976053525	0.012739357142714	-0.0533859789901799	-0.0637818654151828	-0.00691500030383672
0.230175569221593	0.274285341914349	-0.0626375995382663	1.22890001918943	-0.263283074836994
0.122417205986706	-0.138041141434597	-0.0656579811781411	0.115444424545446	-0.301785540743761
0.1759893623456	0.103264266044095	-0.0546815308167495	0.220685759695161	0.0114138414325502
0.0189149883941372	-0.0663885692845825	-0.0597459610435875	0.0758829618551749	0.166234069810044
-0.174968485425368	-0.125161276554743	-0.0539971912774767	-0.0806112330671186	0.115259374780635
0.0569694653109238	0.112138748046718	-0.0696025113459991	-0.192564473222256	0.176721336384569
0.028772777341953	-0.135349272223435	-0.0515463645674234	0.434350628761514	-0.00365744316420859
-0.0667608638618598	0.279923349029419	0.040375785038232	0.197410264626668	-0.0616503093231215
0.200108778565734	-0.0366242188448021	0.315061545753445	0.45113320920841	-0.0674224164146917
0.0128158141213133	0.136104652507246	-0.0668888626779575	0.150921521430293	0.161974988784941
0.221403686160662	-0.0442150645563299	-0.0673053322601611	-0.0372396745922579	0.280143208399518
0.122393410299472	0.0133126350999415	0.0106162644906855	-0.471709976294313	0.0529728884180721
0.143155562211211	0.0200068627457967	-0.0756182455904452	0.0926129476302019	0.207486639369364
0.0154904116356024	-0.101915421831316	-0.05730430918502	0.191595410433315	-0.152324239889367
-0.0365814845100452	-0.0664888414423842	0.017608194543644	0.769899220246546	-0.0478711894539022
-0.110251339019838	-0.139306685857376	0.0200827585645626	-0.294770417349093	0.0520280751440372
0.00574742636730955	-0.153977018365634	0.112581464832009	0.0342446666537443	0.00586698756167151
-0.0787093324250701	-0.0884113833544823	-0.0488815356819457	-0.262326471649455	0.0109925146282987
0.0581640793961067	-0.0512840209303127	0.0402870444440549	0.227595454695682	0.0877080127828406
-0.340324335477051	-0.146128421835395	-0.0627326334547916	-0.0402409489014243	0.184021320634274
-0.0652425887129707	-0.106324415537726	-0.014101087142278	0.297226394276021	0.0276334654726027
0.089308783036734	-0.0185701189419055	0.0139211550562207	0.312598254409169	-0.112806566811382
-0.0669576977542271	-0.153659132027797	-0.0658960985947158	-0.182230160871587	-0.0255950595474007
-0.0223899350190725	-0.00429728890387996	-0.0634418642479514	0.264253843281638	0.0457062715956274
0.186329487415219	0.169447038407871	-0.0636526434946013	0.326151036385527	0.142857655933845
-0.0543185481748184	0.012267802669318	-0.0608640115017061	-0.50239492712875	0.0802163342303202
0.195522471127533	0.55108187889284	-0.0712791089080039	0.380366724961393	0.56719178349872
0.211075278130505	-0.157498794198723	-0.0676416410815985	-0.427454405276363	-0.131162129702791
0.0327374493164084	-0.14286585461089	-0.0548511293311133	-0.37726808110052	0.0159005861187709
0.324209556295792	0.269976953555511	-0.068162902800296	-0.66638076761292	0.0962264123217633
0.208397998436452	-0.144122349932561	-0.0433520061107597	0.641518100331229	-0.259876996627786
0.400387160166565	0.155542979546888	0.227101255378369	-0.616914091515381	0.0573377571313918
0.00914897709946868	0.142157741226516	-0.0729734283860866	0.580820517236352	-0.130070047812363
0.140739778110056	-0.128471006590596	0.0921560969700785	0.051007741822846	-0.050538133420959
-0.116790647214945	0.056171113343915	0.0500175798458516	0.0233715583406161	0.31120417698592
0.295419471544706	0.133628437407944	-0.0570457242262604	-0.0356750615392571	0.418332974909646
-0.229032353737305	0.0788940473326894	-0.0714524583606016	-0.425221538831375	-0.310143636668296
0.0397551464197021	0.00792032611312083	-0.0571926739000322	-0.0434450586552561	-0.0862830634015931
0.0207183074508554	-0.156905601012208	-0.0546872963346012	-0.0675237591674027	0.0412068352474326
0.0913300397801007	0.420706566202649	-0.0709737022402941	0.188307675700174	0.0511619142351901
-0.0542524578429983	-0.132451556817115	-0.0652163820170334	-0.479491985299397	0.391284045730599
-0.181037243888714	-0.133494205653735	0.455600106794275	0.299219586772014	0.00478684362112826
-0.100081279029078	-0.143818984437717	-0.0688736673328725	-0.301101195525106	-0.0918813774203273
-0.0469230572070778	0.277933458619328	-0.0555277402252769	0.0439893976906392	-0.456810210922878
0.365195375693204	0.111281636613702	0.0284370094219431	-0.0268346245411538	0.201500243691801
-0.181542227547144	-0.152432368761989	-0.0522868872688617	-0.343964736269628	-0.220912708692553
0.0376121856540756	-0.144398472880059	-0.0711044584222809	0.311334517826955	-0.0175074696654512
-0.439986708217141	-0.144556578859032	-0.06430075483913	-0.62235748551981	-0.111999741826704
0.156484460988555	0.334224347310941	-0.0608727710255999	-0.167334641000983	0.184639508481437
0.234233609336077	-0.142354872208014	-0.0656696436955473	-0.22884628964322	-0.511951126498639
-0.461996231106723	-0.132436731750944	-0.0460450645370775	-0.671476789063871	-0.196686666997014
0.0443629006411459	0.385690904469068	-0.0478938435762571	-0.706723827716066	0.00594122010095853
-0.459710358231581	0.258608190800085	0.348786789809012	-0.616934045078624	-0.0797996168383719
0.216246840648681	-0.139886011857767	-0.0574213180517468	-0.274973034941075	0.398763878666415
0.0229059497992926	-0.143853868167291	0.220790788688043	-0.673536507651554	-0.491329273922095
0.423837939915161	-0.142085792042218	-0.064365104033518	0.238731068208885	0.16409320692383
-0.145893347375692	-0.149567198006265	-0.062640587014767	-0.664926173335177	0.177883984889137
-0.304605030674851	0.643901099324863	-0.0743384642600605	0.638002686184123	0.157763080524468
-0.268786722413361	-0.151718019400334	-0.061950477971268	-0.452771315358322	-0.0960919262577848
-0.172076257940661	-0.126138451155518	-0.0493626602127483	-0.0416812136871932	0.332100125174908
-0.00954922984333722	-0.135536330391701	0.207361779170714	0.295897959492536	0.0602522325535389
0.213216333240919	-0.138036609906859	0.335397636037073	0.218514269148966	0.423048953068323
0.0890925833670012	-0.135321444577808	-0.0698468735278542	-0.195715746656008	-0.0796687017461654
-0.16362170286909	-0.146194601373805	-0.0548931406593534	1.10725290164821	-0.511621734117664
-0.0577533167490684	-0.140244067406041	-0.051876283982907	-0.0928953498121972	-0.0849164603189176
0.0262347542386866	-0.138416284858305	-0.0692496052436737	0.0428833090850951	-0.543389047137274
-0.0943558037949767	-0.158298044851596	-0.0673324971746035	-0.694672371576525	0.156735173349155
0.659878635905619	-0.146294404206539	-0.0656268739433287	0.987338568149385	-0.520048252754864
-0.270466014137814	0.0357273996633737	-0.0599897748044652	-0.163492342585689	-0.324582986287735
-0.468460329594011	-0.13977484977653	-0.0678315210938732	-0.663139639424567	0.884373670998756
-0.197734473059551	-0.0100182825368711	-0.067284025396176	0.23197568616641	0.442426831383529
-0.0384254786302286	0.0873583161681903	-0.0653106913163446	0.0229335077297728	0.0139039351219714
0.273773911050758	-0.144806849574233	-0.0549219350870805	-0.125837407609679	0.216352415132972
-0.198980152970435	0.143954361492078	-0.0708179726355091	-0.000294139545020303	-0.503201590224059
0.228436633193649	-0.146116301104263	-0.0549384645871294	-0.649631973944554	0.190327124547428
-0.0533980227586118	-0.145716107750978	-0.0641379208452712	-0.258597997638884	0.1485580902233
0.21161380635334	0.152910562625169	-0.0511227480767975	0.411402018035205	0.369307642895139
0.155643956189664	0.255333351449012	-0.0645667445306235	0.181163011545739	-0.0892407501859834
-0.163615450824371	0.15932929513246	-0.0560623006689449	-0.671673638624567	-0.227950000832942
0.220531335483141	0.537464981897185	-0.0588572193416499	-0.636392549520377	0.838343591341104
0.235570939536493	-0.140478952010707	-0.073173760918406	-0.672393770020275	-0.550988455899223
0.0208676903680706	-0.0606940376908094	0.331357450807739	-0.42017248587072	-0.118201409112567
-0.146139407700495	-0.0627538188239861	0.155433553068567	-0.298373874556671	-0.0917017214041882
-0.104702357977521	-0.0446586368186141	-0.0677608836161813	-0.293952419345404	-0.0230602015370828
-0.437936898429692	0.0783785472247739	-0.0713231378111168	-0.629306089793889	0.0244489057018938
-0.101353364825938	-0.0418961155325818	0.13398860006011	-0.454428013982638	0.122932676308816
-0.269598516335005	-0.132513753372428	-0.049089083217107	-0.175084692243007	0.182591506308047
0.0466878129118421	0.00876314775581747	0.0956344828251895	-0.245632870964547	0.105518961419543
0.353408795965134	-0.154159739521655	-0.0602506141145351	-0.179190407839658	-0.0206920435419629
-0.0612786312398318	-0.144402718755132	-0.0626566871920095	0.448164693482052	-0.117389056664735
0.644059798863266	-0.140398671284763	-0.0720624912223616	0.0114993515246734	0.148702946478607
0.0494481343702768	-0.138380679613397	-0.0683173318474451	0.0564929966755602	0.0159878096337836
-0.462976175448376	-0.14272465152454	-0.0715197789263569	-0.19064149928069	0.100947144327155
0.407874174153097	-0.150235621311668	-0.0490191047485692	-0.691842197831442	-0.057372827565561
0.291964843330207	0.0864026132121173	-0.0479428633273308	-0.249831678040154	0.0818503778673356
0.27166322729996	-0.150848809122789	-0.0678326229972131	0.00943482489084067	0.32174964102483
-0.265730839239055	0.150451805866245	0.0888451280615379	-0.622590929883955	0.321470933055306
-0.115463811840908	-0.00505727621058924	-0.0600137908003015	0.625386824899137	0.0469414503726937
0.211939260673152	-0.143423870734229	-0.0640753789068879	0.484524779951845	0.353871042270795
-0.290539671354663	-0.0517798195537234	0.0349431857967026	0.0889811435199377	-0.126397961111322
-0.275752789266083	0.0450661771484262	-0.0616623063451617	0.116965969093389	0.379477867213292
0.15456687354324	-0.14654647769902	-0.0536044352744418	-0.114781470002568	-0.00439012670780116
-0.273858031038523	-0.13394671976065	0.275621148481184	-0.489636618993808	0.0710278808353731
0.08023842600968	-0.0033932732206072	-0.0552726720698993	0.218544852072909	0.0915178979034554
-0.181729443997402	-0.136853754474187	-0.063200604545384	0.00756272622394816	0.174103447821013
-0.0704729257461367	0.547603429546612	-0.0614972959636089	0.42123711069231	-0.529853574144626
0.0162236857209934	0.255117899656397	0.0133776590090083	-0.108791746730858	0.082949010220803
-0.0663161131003111	-0.162375454303007	-0.0531788301836533	0.564378914142413	0.037549549534357
-0.0598898984108658	-0.133912888159891	-0.0548612066829977	-0.656565512078109	0.144642473933764
0.375290901190804	0.155297925297443	-0.0380404893222063	0.0101370319795746	-0.472492072965571
0.220649941512111	-0.120402525052877	-0.045736318364963	0.112928748278332	-0.0672850926106957
0.0533446510445843	0.0488157285792804	0.0128126852615549	-0.378286943115169	-0.0280882534090793
0.225037967622051	0.19390691494265	0.29193200590191	0.148552072430346	-0.0129559296505454
-0.280403344212982	0.203299329846046	-0.0605429981117039	0.000922719551403192	0.0648475033505811
-0.0448070419656028	0.117800946093921	0.0109893061518651	-0.499946766459129	-0.256840129965271
0.209545910788841	-0.141692165708451	-0.0527760200864837	-0.29323958159209	0.171810938004361
0.0310873687409653	0.0366642671105183	-0.06096319056601	0.0736925957601367	-0.337602975930259
-0.00614973743289822	-0.151293720738253	-0.0723802127297468	-0.0452475317316162	-0.110275418330678
-0.100193834742128	-0.158312998618655	-0.0617966076735286	0.248406755505758	-0.127077207949397
0.132576169626984	-0.14546043183502	-0.0651724722801185	0.684258586051404	0.0343654750619951
-0.432270070488628	0.266723426791525	-0.0711192603323294	-0.638994475912071	0.140763476385351
0.222683152674238	-0.140254054760737	-0.0553321928654686	0.0197496975892007	0.0229872268475899
-0.0625659546344924	-0.00648424902231947	-0.0460302557680945	0.280628160024069	0.244610560637305
0.0566448331824305	-0.0721910837455353	-0.0722503883560336	-0.0127473556547325	-0.132550302804144
-0.213845328793511	-0.0022234080514845	-0.0599719354451617	-0.243656452700625	0.174595926254715
0.136108677694433	0.115477182752401	-0.0515803790071039	-0.69498655518452	-0.25018777458134
-0.108719478217206	-0.145810773539089	-0.0618033986627607	-0.625366553780873	-0.328686677476432
-0.117248326157289	-0.142890168759099	-0.063664247943878	0.414766868916519	-0.134374171264935
0.0306550956427058	-0.129361084238952	-0.0575704832590111	-0.198615302652914	0.494534721781458
-0.11012655004166	-0.137218696636353	-0.0560354664090837	-0.55186345338072	0.0363562273075985
0.403048032635422	-0.122579721379685	-0.0430747048436139	-0.517929914246251	-0.146809142549706
0.388699260883596	0.266411710675695	-0.0741891165626964	0.286584778538138	-0.00385211543593937
0.208155786067609	0.157539241370848	-0.0502318403776536	1.03083539727819	0.0535793601566527
-0.0671100842531579	0.551815985020581	0.236115706242619	-0.66074192278705	0.0234233167787634
-0.245024833689968	-0.0198974659319878	-0.0601233883257052	0.244502665023331	0.117236654179828
0.144145289055871	-0.140793496382361	0.188115721053699	-0.661626386840084	0.341771463209325
0.30057672118575	-0.125294794088853	-0.0499236486992422	-0.0412798739648707	-0.165225375381104
0.36846969340412	0.0760969917526489	-0.0731571267967753	-0.0780673185497707	-0.13550873101204
0.0340284251002199	0.174575525834835	-0.0600080048158967	0.423015012867669	-0.280957876844853
0.094811889461903	-0.136928708396211	0.160942487527177	0.0486240369642719	0.200394535708445
-0.460832689907976	-0.149674083443472	-0.0612876117626627	-0.619380449835533	0.603401168316148
-0.140421744029032	0.0397169689147399	0.120968407047861	-0.322520208527934	0.22500134709651
-0.139118049970351	-0.0253986925962739	-0.0661420568793479	-0.175473470625999	0.146653328053167
0.218326011257077	0.560769900778078	-0.0465022299072974	-0.687478825673271	-0.469583786676101
0.237003179018088	-0.146944047121091	-0.0661987350373846	0.0571653612428347	-0.130939362281492
0.234426011601513	-0.147301794127583	-0.0612993046154806	-0.619526878208523	0.203820312461234
-0.48366311475893	0.248078234589605	0.255876549382666	-0.532849323187459	0.252469315673406
-0.192165278431263	-0.135213399799752	0.218571087133482	-0.176136486837349	0.0275626914227062
-0.323972030301823	-0.1487874789825	-0.0637599618953542	0.424696164527755	-0.0462528323515481
-0.0470434565220821	-0.0382640685029251	0.0283836022251881	0.294024268571243	0.111074477240695
0.0110817355219196	-0.138873905515395	0.097399053860605	-0.191454088790375	0.0596501797458036
0.142333079843361	-0.0701604962325631	-0.0692982261049099	-0.325325138884221	0.181278481387756
-0.353746101564794	-0.0434160267020139	0.202535071705651	-0.384200199600476	0.286291241944166
-0.00145680113822934	-0.0555460251860405	0.0938387543652676	-0.0158639892354349	-0.0340706286678749
0.00637507881821523	-0.160111181321657	0.0279719089283966	-0.517978265953184	0.0900065400525839
-0.245995326067278	0.171951987475407	0.179593329942749	-0.413384960047216	0.0678797004394841
0.230179512882047	-0.145534693436301	0.6280891932103	-0.661383878725479	0.558574439635678
-0.0531175497775278	0.0322796223425734	0.110885745360472	-0.278179171570677	0.389219536748445
-0.0231548590746386	-0.131691187547688	-0.061345165224004	-0.383126888309613	0.0848214376727554
-0.141686939082843	0.173086275074649	0.174632037936335	-0.180450780453452	0.0140382945327916
0.321497476200383	-0.144949111296723	-0.056829391230155	0.751519608993629	-0.295334205505097
-0.0892395903361456	0.264974181911576	-0.0761326846835801	0.379835061080223	-0.52124472381564
0.114601901208241	0.0917016374577488	-0.0564592286432777	-0.254646025141104	-0.284711605913097
0.00634701937946187	0.129537744689297	-0.0658005482627636	-0.0831417545142312	0.0992878851339117
-0.287226879485553	0.0463471516534916	-0.0606787463350105	-0.682527439173225	-0.342820992104196
0.0932440361242442	-0.12851377907669	0.0733847079937878	-0.628745134557822	0.0824962265671273
0.0363507852702122	0.0574801924185236	-0.0540212881424156	0.45142916353492	-0.0959027325416021
-0.0338070778595985	-0.147310841687075	0.073262444968565	0.300645590912661	-0.16925256925626
0.0864510863269701	-0.137733860332704	0.268253347967307	-0.451770454223394	0.265005293344254
0.10378669460363	-0.139532062308314	-0.0676505635584487	0.431059970249084	0.579943164264988
-0.241047500773542	-0.00439479952070452	-0.0516132768432596	-0.0826657102961852	0.131218713603966
-0.452779223676287	-0.147871751000168	-0.0558122469209291	-0.622831395772233	0.58429847786287
0.0115964259136596	-0.0586064446826988	0.0155325114170649	-0.249747887540733	0.151620609707443
-0.0279165368709925	0.294157830820123	-0.00197061666544883	-0.128565173165972	0.0124130137279174
-0.273791423067118	-0.142391388847534	0.124552736056982	0.519972297184392	0.196011860199616
0.0409910868670906	-0.146336039037545	-0.0530994252562524	-0.13235753023889	-0.491180930230288
0.0287048366213735	-0.145321512252916	0.161492823572579	-0.650260456961766	0.0491412009478283
-0.3492968705409	0.0821785559448357	-0.0639118377766208	0.220036258410401	-0.257527752402925
-0.474331541951824	0.0343741628008101	-0.064105040741122	-0.0835993407848394	0.0541596028861376
-0.208378746669308	-0.141409137804266	0.154730038572961	-0.234189089268664	0.224157804971644
0.0592184538656234	-0.151485504614878	0.294680394892637	-0.685176158379675	0.285907064154
-0.346526559592784	-0.0109626017921587	-0.0615526649326338	-0.548138607127372	-0.170708767129763
-0.0241796487908934	0.109319272231777	-0.0675085397151145	0.215658953939924	0.489207405984408
0.210988556981828	0.354295587370041	-0.0604561243485299	-0.143380346453929	0.469907847816502
0.122391636142098	-0.13947594368506	-0.0518432079232238	0.104782546335099	0.0154142983610524
0.0789410704367675	0.139151324603862	-0.0610803108698851	0.0929972535836092	-0.243320191131324
-0.123482605558859	-0.0763116933382183	-0.0556201037033872	0.0302442307232023	-0.0486028270264735
0.0198729855221553	-0.128191993748399	-0.0458059793898503	0.112624388583444	-0.0233005620417769
0.196801950627449	-0.158971382238758	-0.0509855914978344	-0.661172675992042	-0.0202399065026133
-0.117110331759949	0.183687304623308	-0.055891974167809	-0.035247909673158	0.066785593302738
0.0449165294564451	-0.141268266121268	-0.0534731877045343	0.800339315569642	-0.207122125411213
-0.468610379835489	0.133197378186552	-0.0601106559387743	-0.606731252751056	0.0203881635237139
-0.264391234039706	-0.142262678088718	-0.0627651235198356	-0.4321095305395	-0.304349342444468
-0.0281512049479779	0.0773794078328753	-0.0707017867032893	0.380363530952066	0.244437841638214
0.0999446011917707	0.247289578306538	-0.058901975845058	0.698780531169137	-0.118468450505392
0.239542645153571	-0.138523437618037	-0.0601899277109652	-0.64155871460599	-0.495639034440524
0.129313995040483	0.0398719511326712	-0.0587473022953057	0.50762616795722	-0.16559982505465
0.106584944351826	0.0382503176776447	-0.0500057640175963	-0.01154347800511	-0.060299523575572
0.176673820649895	-0.144586802965847	-0.0581730100056595	0.410995106029242	0.174978252668335
0.133249232429341	0.0148604013785476	0.0987753643783539	0.31599131095019	-0.187733388762919
-0.0539489475273654	-0.132841006643256	-0.0622848613035912	0.233628261699655	0.0699362679086899
0.114754720248935	-0.132638200325423	0.080621887489699	-0.304227232747558	0.416303829978793
0.204587200849886	-0.145117819130546	0.341312827336324	-0.29566842694111	-0.0174113329401097
0.0600183804271026	-0.141352876424486	0.224063943345727	-0.343813328147786	0.352869885245723
-0.0124006621987102	-0.142444110632013	-0.0682783737636415	-0.0450041507807433	0.378668821356792
0.18821769600476	-0.143524657750123	-0.066034806519156	0.479217742734033	-0.0399137286506219
-0.163817863376327	-0.154187052125133	-0.0748436498501857	0.201034321793649	-0.194459890839607
0.0796947882932331	0.100381218359653	-0.0598383194965287	0.275415103316363	0.17862308645803
-0.0110252314556929	0.0557368227104084	-0.0721147881607752	0.0954804928505201	0.0981827492911163
-0.0434065474490472	0.254085775516292	-0.0678847406869695	-0.0581882010637276	-0.188029613971535
0.233914445563456	0.129435415779343	-0.0594209175668402	0.201330788300055	0.125278533888666
-0.308838994403507	0.371322973322192	0.100199439192939	0.0476926651859604	-0.326333991354517
0.177664436819946	0.144518693049215	-0.0654152322393132	0.168275882020527	-0.312105563908196
0.219920148269748	0.149940723006965	-0.0637967915052421	-0.663968711884619	0.208747412797273
-0.00430134940230434	-0.000102122562059381	-0.0658181232225708	0.56974631447281	0.0894894283411456
0.243454026694775	-0.130017482522689	0.972630383074074	-0.300391108559623	0.412565672901479
-0.0624346791661883	-0.133461052330336	-0.0489531976719219	-0.262688795981519	0.502451048853755
0.00781651886543118	0.0522515447130238	-0.0714492751448075	0.366756835297142	-0.0327105123222682
-0.265949401052986	0.125754313939606	0.0426246943270969	0.780015096212447	-0.144154964827819
-0.0916716532931882	0.147110639970156	-0.0616089633184533	-0.34577680216312	-0.106136635595434
0.0693105275514958	0.0192618521323403	0.00942954279842364	0.470563985270573	0.367255375797352
0.132047790616446	-0.035347963860337	-0.0491126200036174	-0.413194939997339	0.0436823593719113
0.145148207508416	-0.0176682059278596	-0.0691639090774078	0.191915810403627	0.0391022961173098
0.0795744613129711	-0.078457762688338	-0.0660956996151361	0.15933142700981	-0.0918737140614743
0.215411605829214	-0.139717257427519	0.236319603538488	-0.684412126283165	0.209336016055604
0.171311279660853	-0.0588653178736359	-0.0702588849391099	0.187423981335379	-0.0129118330671501
-0.328163673640408	-0.0246352761484252	0.0526112586161258	0.163513999963544	0.139606988012109
0.0366476537163303	-0.155770945989402	-0.0597981921036689	0.168064142899758	-0.0694130667564916
-0.215959730676519	-0.142186385535395	-0.0720092425919781	0.45956021170827	0.259161206013017
0.154806754310248	-0.0827686183773084	-0.0592235672218143	-0.00263593976316558	0.205528018616812
-0.00947007412951351	0.108617018548484	-0.0193766465137634	-0.147499111902258	0.192725696492781
0.0730477388468369	-0.0393245957945002	-0.0418836553954973	-0.0112347540936105	-0.127503479145276
0.282924567423647	-0.085121795682347	-0.0675857089302042	0.0443271562548416	-0.0367104346685739
0.0968064051783821	0.122872690230331	-0.0348586558348525	0.0891319800180871	0.0259105249389036
0.173556327094352	-0.141225307166029	-0.0744599077021581	0.480149090196878	0.110632940952847
0.0407308823441023	0.29040414100417	0.0349803932486966	0.273740875508941	0.0232515562663963
-0.000789239950476861	-0.0428187641448833	-0.0587453535057109	0.177372503519134	0.0795962922506152
-0.0987667271126699	-0.0622517168462081	-0.0622756805942475	0.0427563954764752	0.184022841216272
-0.021839776162682	-0.00915711844770201	-0.0631896876574928	-0.526651273785034	0.313025505713467
-0.020269279491236	0.218101901928313	-0.0640855258051686	0.143332918947075	0.0241179719130444
-0.182360238004356	0.144074912066112	-0.069658062125847	-0.389520742356686	0.450813225809606
-0.100343649010952	-0.13976690642144	-0.0592339031155055	0.124941973180051	0.267126946788365
0.147292968708085	-0.0574232217086201	0.0267622192388091	0.457341972228426	0.0235755624097833
-0.0532103646061162	0.249181644297579	-0.0640405292859328	-0.385541842401364	0.292891851607786
0.141994673783678	0.00595752445993093	0.219655676921522	-0.650567273903211	0.158786674147055
-0.230137134585597	0.475737251711657	0.182936258880808	-0.0643491663538376	-0.0617406915397878
-0.018254223911004	-0.030680625922263	-0.0701100129667984	-0.16009992097154	0.118954358217601
0.0781137672287299	-0.142937079863482	-0.0623465946653531	1.01166170304188	-0.114566628670372
-0.495729577197217	-0.155531743739802	-0.0694061953591435	-0.657792901869701	0.598364030479474
