APOBEC3G	BIK	FAM118A	NDUFA6	SELM
-0.397174168585021	-0.0752446162477335	-0.0495488057980966	-0.00415979019464194	0.267128953537877
-0.136647058793874	0.395651236202983	-0.0695170923620708	0.263472036204262	-0.129140188132681
0.128571680236143	-0.326756179826048	-0.0609550523727227	0.269021644036062	-0.126445230473996
0.150872519394413	-0.325585709470746	-0.0669144350067574	0.259889054282676	-0.154861046433713
0.127338436256416	-0.342246784145171	-0.0634236376793967	-0.45279539838495	-0.149202008245834
-0.603305733002706	0.384808395476892	0.63090446457533	-0.478835295973351	-0.138823470486414
-0.620968848459554	-0.295455944884673	-0.0511796942807213	-0.434350801513335	-0.166425818276396
-0.545652774890035	-0.299844728993173	-0.0610717223133287	-0.461962308267898	-0.140880004015803
0.128824200586552	0.381395360926309	-0.0702546233154578	0.746709633529198	-0.137357885738194
-0.228043967142158	0.375373504912802	-0.0661022937125362	0.308560885080615	-0.14774358089953
0.0983833047476723	0.133793567030099	-0.0538996532120099	-0.465902183430386	-0.112652021894834
-0.323833452579701	-0.0793077356017312	-0.0689613285169105	0.422086741089816	0.0938540059084642
0.20920878688981	-0.0464481056092414	-0.0740408128716968	0.0383674669729338	0.235228071571095
-0.158950764248725	-0.328918297388264	-0.0628717657984144	0.0145884273108578	-0.133878228506001
0.0328801829527067	0.261799325757718	-0.0682798648009083	0.0845513026088782	-0.141903180591124
0.0676437732088538	-0.00100796340899355	-0.0285391197193984	-0.174277506759815	0.123750158764624
0.306116429998265	0.259311978980632	-0.0576698748966634	-0.254073318462242	0.274767945371902
-0.612495694649538	0.370067896163639	-0.0475458061569307	0.0782284947016227	0.212107015640594
0.577903668736158	0.292450710720123	-0.0618957406032078	-0.0600316898319959	-0.116454652379701
0.509679473928866	0.102309398071471	-0.0832459408741977	0.0632686645781493	-0.109710301341585
-0.610246179626827	-0.288883609013177	-0.0445563266123536	0.226985636983181	-0.133410811757602
0.490416739700372	-0.290161879664402	0.648394631025305	0.220355655148668	0.577577281561372
1.01444384769872	0.427124247442619	-0.0716977548754235	-0.468091255901606	-0.121309249772663
-0.199410486097059	-0.279058501211277	-0.0503273070973646	-0.468078474572198	0.275315379750113
-0.59920260460655	-0.287197689940282	-0.0409519986086522	-0.0888813222670324	-0.136642101857823
-0.190074702825581	-0.267926583669177	-0.0610808447395548	-0.0844259096778931	-0.107245718557723
-0.113739895652649	0.0337068542951761	-0.0745171765346356	0.00810531451974132	0.151715726976378
0.221227995967675	-0.028586224948339	-0.0439936145704075	0.25838795189137	0.113902995283486
-0.536490113902541	-0.2954707683404	0.331025734045207	0.662668198688008	-0.115338207869027
-0.598201287862202	-0.28074702509133	-0.0658946595702381	0.246743967364003	-0.118867347423351
0.121546605723531	-0.318600997368836	-0.072696993277984	0.0468432181868123	-0.125252951705071
1.06626366385788	0.387289080368609	-0.0592344861373981	-0.421414999071575	-0.113757286521933
0.19326794275967	-0.0704573865493871	-0.0510392550333395	-0.0338563501610825	-0.13420314535505
0.543408158888335	0.0195636599615171	-0.0533313949465808	0.260155693352305	-0.12475638585949
0.49938332558375	-0.279322845380813	-0.0611124610444272	0.0461098157255274	-0.107996255663534
-0.104963117107009	-0.0849007052501652	0.182865434058366	0.184882110868434	0.197614937880373
-0.608117901349109	-0.302894193565012	-0.0507763182721004	0.604630777623685	-0.15771915184379
0.0942123441690031	0.234667371962248	-0.0718437090964569	0.0328972437487513	-0.121969974128882
0.264221150102472	-0.111104675220259	-0.0464714481516472	0.142047532825058	-0.149078795805857
0.481676241280913	-0.284216469746105	-0.0463574970045799	-0.441861338840471	0.537267125762875
0.357348209838947	0.010088979817888	-0.0545769934166906	0.276338648848532	0.15383656740615
-0.205056604454095	-0.324296924449001	-0.0476827707440466	0.190981641057993	-0.176497556782495
-0.610435646914605	-0.282714972018905	-0.0400626927897749	0.633444776955185	-0.14805697827111
0.138676623016922	0.0788256182761844	-0.0635878607681553	0.24075732288342	-0.185225987111608
0.765273697134722	0.389491070381856	-0.0520182787392818	-0.478452458324204	-0.174372036639565
-0.597120015720247	-0.273008246749001	-0.0587531697893543	0.218745646878206	-0.122655342624097
0.100689051055367	0.78434770989081	-0.0789053063432765	0.634251566717415	-0.110636615746066
0.209667478317952	0.129898822864287	-0.0518718136281732	0.241317855514324	-0.15674013104036
0.125756959584865	0.168190579252468	-0.0668862416127303	0.399092907390446	-0.0528478401506328
0.0816072388459446	0.125681651361947	-0.0702579969159401	0.0768498012727966	0.0309435529179977
0.484171080529204	0.792915288030211	-0.0568370343270195	0.233578345870655	0.529217029832402
0.366653158117736	0.0861930054342742	0.351221063615601	0.239177793912562	0.284502579058276
0.36094954023391	-0.0089134291435047	0.227186790459133	0.276211584818737	0.16337658939336
0.476374498651649	-0.298250462783333	-0.04079404845173	0.883796297848002	-0.181160003162737
0.0689367786699737	0.780063820172199	-0.0469099970442655	-0.439858375626065	-0.188029038055924
-0.0888725966853661	-0.285955033940851	-0.0984630439360242	-0.291278134009499	-0.0508480496527394
-0.545425785255733	-0.299699970847824	-0.0656785544339768	-0.419927686117395	-0.125112972177381
0.227002627080487	-0.0766136810927696	-0.0688257524719378	0.299824233978836	0.162736353854956
0.001363020603958	0.0648804705642462	-0.0512754335358021	0.472023696511871	0.0896623328834378
0.00775378449033446	0.234121130528212	-0.0593856392011982	-0.229658305451411	0.384704636462648
0.180130903869496	-0.277841480939174	-0.068582972549882	0.14620092499022	-0.132476592312979
-0.144224543137043	0.268323223372045	-0.0591716899725654	0.108565625169024	0.0342366860701477
-0.541024025910753	-0.0372307483755889	-0.0598309276252088	-0.168961730607555	0.35964349143801
-0.545744163954055	0.381593462436568	-0.0729230307480933	0.274828707856926	-0.126326929520644
-0.103967080962272	0.403892810602722	-0.0359953367443343	0.491697198096331	-0.165110610887673
-0.640408351947782	-0.280065439292554	-0.040941192895719	0.661941299054795	-0.160500573322278
-0.620480579664282	-0.281617565996426	-0.061866484498362	0.290638519081689	-0.147338197116471
0.0793639957339177	-0.296709861874663	-0.0396355660567742	-0.473980527067419	-0.143193239559852
0.246636240993083	0.499794045604448	-0.0549138662869631	0.265232226409889	-0.135078555068332
0.151053106143688	-0.00507810037985765	-0.0527364277828527	0.139333413064145	0.132576198723161
0.300677499526465	-0.290064166472645	-0.0567697389749967	-0.421645462018548	-0.129800140569125
-0.139558187727989	0.107836077011005	-0.068577301250157	0.260603339105191	-0.12452475642723
0.0318522201829336	-0.137691465589953	-0.0633615100832083	-0.114723511006728	0.0475793622867326
0.133135975230614	-0.173671380711672	0.054987896143596	0.0455789797009733	-0.14040663305196
0.317974959526938	-0.212332280021735	0.136704323030673	0.257412007413556	-0.046223792331941
-0.183603812340249	-0.268343701355642	-0.0548643864802965	-0.484296948076205	-0.123076421872065
0.0865825750905069	-0.285084761856939	-0.0355017162161262	-0.0824959040844472	-0.159928728351087
-0.563331322696449	-0.328956738260662	-0.0610634241627871	-0.376204330585072	-0.15373583590945
0.0756397570866698	0.392173278215643	-0.0607216189816281	0.251616230422517	-0.140742357727629
0.372330498216313	1.28635461336591	-0.0536960509885499	0.232664990377576	-0.145660944361366
0.361902016760549	0.0125027208782523	0.245127012322226	0.221662930899964	-0.160288316423112
0.082933755940829	0.0411450057377075	-0.0447931386534854	-0.0849863169581309	-0.133237015671974
0.240550221419867	0.0806149884641943	0.0529852803528715	0.0428085368397602	-0.143512069011249
-0.00567491755162176	-0.0227974271502323	0.0942581154885777	-0.00244743074174035	-0.147496774221938
-0.310257524407841	0.00470731446723424	-0.0601494091885812	0.242169108008029	-0.10420956991552
-0.0950938312427509	0.25532981188073	-0.0505108302804264	0.51662695526583	-0.12493210766781
0.481978009427285	-0.311769751208062	-0.0463202119755129	-0.0768653716170772	0.743511486346898
0.0447977173355765	-0.285708631406599	-0.0363683658718138	0.397490080506451	0.333045698345006
0.0826125749582445	0.413454581615074	-0.0411627089140482	0.213572713085408	-0.138113247382288
0.459018746422706	-0.28410361437922	-0.0639896993424559	0.364417441442968	0.0613762101261397
0.287765136617865	-0.29304707742762	-0.0444175095685663	-0.0150195225982027	-0.166892049900184
0.0889832666686766	0.209214847761864	-0.0481353180928257	0.0215684936709861	-0.139440292613663
0.360045491348544	-0.14104275795983	0.0298355056337429	-0.233443070222907	0.0811001189385302
-0.00585090610562354	-0.0882737421356905	-0.0621919295337065	-0.121278242414917	0.0901977044493111
0.504495701721389	-0.0582719588833618	0.128716284846232	-0.0448326981026584	-0.175054842114365
-0.158522131326788	0.108614338660576	0.330675944548151	-0.416090835660727	0.29917824493947
0.0898361762222134	0.403616086585962	-0.0580566875281397	-0.473866879082154	0.574161666642781
0.320776165732331	-0.260715165409673	-0.0587813937545087	-0.467913783105565	0.298130048886212
0.315896671458053	0.418166821844643	-0.0556185883716894	0.231631112184131	-0.12887592126309
-0.608571286920834	-0.28385807079581	-0.0425377735791185	-0.478579438408453	-0.169002939689003
0.588549114905561	-0.270016618969391	-0.0510601007793232	-0.179713017434	-0.14596997223327
0.0742514619530635	-0.282246268398146	-0.043853683612682	-0.465890094681421	1.24411775907027
0.046916317993548	-0.134911058665741	0.0058004729954902	0.0949034556356627	-0.130072200276845
0.140989224265485	-0.212667313350392	-0.0643554399794951	0.222310699945334	-0.0121879533423199
-0.0443483348216309	0.0151861190126576	-0.0513598890902226	0.146867698479041	0.508033383364396
-0.136094283238027	0.0608336003138906	-0.0427819498461138	0.132505113451928	0.0533301744398746
0.639590969189158	0.125452969086595	-0.0476805668438468	0.209094604758403	-0.133765504819686
-0.119643793960439	0.000317596282716782	-0.0447156165441176	0.267267937387631	-0.159831806268484
-0.221819381535462	-0.328378972042643	0.171922612406107	0.215848222289839	0.36309968932377
-0.613651366615818	0.10460224987036	-0.0596062164053088	-0.0245179719052422	-0.117311374450166
0.0539866041689059	-0.290179761958372	-0.0496283620839243	0.283744715104387	-0.156388656894633
0.077692009537489	0.815880311506698	-0.0451431598962866	-0.0638926373855798	-0.150111644491863
0.114535941112932	0.360707698490979	-0.0625752730510082	-0.353015200679883	-0.140905234295822
0.400763236208109	0.0151547812705647	-0.051463864761389	0.0699607687873507	-0.137782953503238
-0.279828253836064	0.025652565462553	-0.0465753657456285	0.21513385595059	-0.170742532413324
0.0780922666667476	-0.0399963742390324	-0.0323840394326223	-0.048557184453284	0.285824961564631
0.205783188726299	0.0848904552002724	-0.0372048184510695	0.1065912471532	0.0156299233466875
0.150617796943676	-0.0015033365353638	0.106349711706384	0.208982384406131	0.00876133423474388
0.0869976581191632	-0.267488732149277	-0.0640302773847168	-0.428966027327794	-0.119543893591531
0.0568413940305725	-0.316649954283038	-0.0620202189600347	-0.417885266755951	0.248871798769366
0.55539903173948	-0.313356909823819	-0.0720836329838801	-0.43245886930201	-0.113507609610397
-0.298901259955322	0.183390079490001	0.22399442019047	-0.341082517222175	-0.15472817125426
0.376804220520456	-0.316210820443434	0.342045130496548	0.246638187782307	-0.134938263247789
-0.112101140221555	-0.264758481301796	0.282239220926512	-0.018426458591965	-0.100053549328482
0.064254060646216	-0.0190589656588274	-0.0480273472283312	0.088013173561276	-0.168098834487139
-0.323792768595335	0.00398000617886371	-0.0528825114277603	-0.156312493730475	-0.117804887810985
-0.265498880382719	-0.0443403943963527	-0.063962369619392	-0.150284167150717	0.150288771025375
-0.60501382195229	-0.268648376335445	-0.0512977399792458	0.245579927363579	-0.127340011614677
-0.588418092430429	-0.280465462956806	-0.0565044977689331	0.208370559484462	-0.111958737293654
0.547694108568242	-0.300348470815366	-0.0699180930253034	0.280174144546901	0.556889450378697
0.0770094753751543	0.417109110022687	-0.0373421535461925	0.182141200714266	-0.153514104328302
0.549733322282766	-0.309547208703677	-0.062565039465163	0.679669529198151	-0.137653295158249
0.167322345616305	-0.088658810004874	0.0111489047597803	-0.00457707567842281	0.0867922100841371
-0.151132055248479	-0.312164141514605	0.356263998039502	-0.0352518889440805	-0.153435329970652
0.0801187395081981	-0.0182822742129502	0.210927884836567	0.33526809989396	0.226685336683493
0.0511489052448033	0.047786678738842	0.113528598322659	-0.134416485291499	-0.0815611546165236
-0.0464587716331094	-0.0466360552943965	-0.0705404414866677	-0.217015746627549	0.200383230580992
0.215769313148324	0.0810852690512952	-0.0589446529340668	0.199528316462061	0.118192104299151
0.30487602126297	-0.065035912679786	-0.0588894860708244	-0.0617238361652066	0.411946451021475
-0.560747431080615	0.364404043887866	-0.0645820948959693	0.301901797785401	-0.166863791265321
0.217020335738586	-0.307031785803012	-0.0436668007244393	0.0908664301689186	-0.156561474048761
0.0773882634673649	-0.280788102368879	-0.0540997388419328	-0.409030602287912	-0.134059042239749
0.0941344301205844	0.412762717494664	-0.0621398848500481	0.221527028649548	-0.11048368348663
-0.546582079427578	-0.0302343182572503	-0.0737176625755157	0.560379880004569	-0.116606331589437
0.482765735527142	0.379267905823383	-0.0445480769918493	-0.488232834441856	-0.17740727793798
0.150831660873391	-0.311327529746036	-0.0767055822171759	0.270681811493334	-0.152759581722367
0.0884550309858533	-0.295512704483422	-0.0687824294847766	-0.399372794187316	-0.123394672088311
-0.075132371526583	0.033472815256506	-0.0377612399284369	0.0761381659057711	0.240810719575408
-0.050662185522001	-0.170677269917287	0.0770723393180965	0.068355958484463	0.499068125890671
0.0213753979016629	-0.0229675375635937	-0.066599301869231	0.194074742911485	-0.0362690247156493
0.26783791884263	-0.212729678966212	0.112956825340218	0.0836857266429886	-0.0550914493927598
-0.0260704417935621	0.498205102300724	-0.0550757702156292	-0.0091232561728236	-0.154378679886276
0.071315400780437	-0.273395096390249	-0.0538099890314842	-0.174142428190424	0.132882686756493
-0.541659085531615	-0.312868257188963	-0.0633831766597368	-0.450541943578991	-0.124092723969687
0.0635549919315559	0.413388885389763	-0.0409034851738111	-0.0760666712396097	-0.170715749266057
0.0418906119821056	-0.144643772778737	-0.0516901710496853	0.233766409876755	0.201020526409127
0.180703006065222	0.372817725598938	-0.0686688617657517	0.329066507814958	-0.159101297452075
0.0761996046030736	-0.00170132073460352	-0.0451836378567379	0.223781642946587	-0.142621094315568
0.500901281671533	0.0191067820667609	0.235451801425724	0.0341580943284973	0.157552829014987
0.0948811600090617	-0.298629193618143	-0.0425066392748459	0.425660614626922	0.285647963965657
0.0794437649581106	0.124163358668615	-0.0478526762056518	-0.0595133559252805	-0.124885734225179
0.576563915479503	-0.0723506581533206	0.184068179981035	0.31284401167255	0.098636741819112
1.01466553737529	-0.288891918973588	-0.0495600177337705	-0.495008281801543	-0.120534662787474
0.00805891296823934	0.22017605823521	-0.071547600217921	0.107404147333992	-0.0929390344687208
0.161051058154275	0.0266070064621694	0.221128178558417	0.0882221406138163	-0.101957973938568
0.0803901339639861	-0.264738402700256	-0.0422239546425711	0.214681977994839	-0.154142196266044
0.0416296387461694	0.218729727334168	-0.0467928043808022	0.299832098124427	-0.0405277856143158
0.2154186701851	0.128548823343232	-0.0553207760577831	0.184423577395449	-0.0976733878778184
-0.210501689953202	0.12831323953986	-0.0612592618049383	-0.00175051102534047	0.286541375790571
0.0656150844070353	-0.0399668463962665	-0.0366863268927655	-0.182963807713726	0.332623967275094
0.089261850180401	0.127763271321741	-0.0606529390213566	0.0632551891474986	-0.13020061621566
0.122714426512042	0.10973312133754	0.0724014752927376	0.298665482001125	0.25510587474308
0.0816369498785897	0.245163850335929	0.234696890239741	-0.447723605637746	0.153531698179047
0.140544266163149	0.400979649432395	0.204837639694026	0.449426155004964	0.15308445249149
0.1457632912541	-0.310749078242282	-0.0722499308188711	-0.142166577618957	-0.113908033212532
-0.603925081640678	-0.267184347421211	-0.0555824806566258	-0.0270564167796039	0.285309011018408
0.302802743326256	0.0816336892531052	-0.0560823335220675	0.436658942498019	-0.177585614831064
0.525962442231448	0.369111999972663	-0.0578519317914519	-0.343461943173553	0.248040122374384
-0.0428542153135329	-0.0563378904167481	-0.0478245858871033	-0.0858787030707753	-0.137966318179876
0.120050731530202	0.104232900212237	-0.0463550556046698	0.160459464514891	-0.016767071801299
0.360384707441959	2.89490252729494e-05	-0.0716651442919619	0.310358312060888	-0.14263613531865
0.366455752731084	0.233692635506358	-0.0469383663936503	0.379101014782673	0.0285254005039638
-0.310321143250135	-0.283951427116619	-0.063426258800032	0.0547393254229549	-0.102216343540226
0.489192061653696	0.408900762370816	-0.0460535425191601	0.201642521108087	-0.165709549104784
0.0865312264611277	-0.177334463184207	-0.0614913237126926	-0.0807650536309882	0.239502760360735
-0.211039411896015	-0.302696790682801	-0.0476008639913693	-0.447734130547087	-0.163264397694302
0.528285711589194	0.353859755286493	-0.0501494531290189	-0.381946088299398	-0.161994732391876
0.541866502075775	0.0994672222105117	-0.0758109171121621	-0.397831615613331	-0.127979349454042
0.579663736719184	0.0287914221553115	-0.0524755491943157	-0.151168848656723	0.576039102264519
0.362210772177269	-0.313650043619101	-0.0553043290807325	-0.0396128064601544	-0.142511244295229
-0.568369956684618	-0.335891286212827	-0.053190265115992	-0.381333241154674	-0.156850809576462
0.143145037095956	-0.297654727589582	-0.0689617851771008	-0.110691226659316	-0.126132978957041
0.0581457439596775	0.146045467763219	0.0837077890628675	0.153328736038077	-0.0834438629538234
0.000670870235745054	0.0477404216290051	-0.0542356536453355	0.413329191131044	-0.0237654310770986
0.157618866356721	-0.0504599508741725	-0.0457541314006584	0.152631463327469	-0.151530665953414
0.221237457045756	0.242624272261287	-0.0401581468782922	0.218566617004931	0.362655947894663
-0.148383492454805	-0.310164927311079	-0.0612439845588356	-0.444720660715132	0.512794607753246
0.268379826093613	0.168784128687511	0.156912432963571	-0.105905053743123	-0.0816097389945809
-0.0511930804484655	0.050836973697812	-0.0431892831817045	-0.42045392933436	0.0177462503451981
0.74098575122533	0.162106124515701	-0.0668965042252828	-0.149000958576342	-0.188916493617061
0.468060913421169	-0.27783122023384	-0.0530487512499832	0.263261636549562	-0.139996701710626
-0.605505482265888	-0.291838110265711	-0.0566032830889908	-0.44881656790092	-0.1071968097587
1.16472795189639	-0.300099119106834	-0.0477881671348471	-0.412029067873313	-0.138046927458076
0.507128020769779	0.392211079779595	-0.0501629645295078	0.255678344108451	-0.149416574969304
-0.0668811778274053	-0.078209988604177	-0.0568114162778458	-0.258643157345766	-0.168415180388142
-0.147740591572726	0.391893558131335	-0.0694420250035796	-0.402358139027079	-0.135122944509881
0.356693049064885	0.153039938683465	-0.00550627248372045	0.508929546118526	-0.10724941158511
0.212375465160333	0.314481774374187	-0.0405894941314585	0.266364225868254	0.127587597388348
-0.200983996363269	-0.298590353836915	-0.0284129098422017	0.29499777283981	-0.144438574596757
0.0531632510680332	-0.173633912311501	-0.047961408381518	-0.0121199903558724	0.0913743722489318
0.293736395521002	-0.126508820619869	0.108239264762653	0.18663720367524	0.123525326969069
0.326386706497529	0.533935399358464	-0.0401543608440141	0.0569042280675056	-0.120171269444404
0.207172665586486	0.510501489103108	-0.0560102227525073	0.34684468675614	0.271413129914912
0.192873107109103	0.0883408647658914	-0.0576275699777089	-0.0479658240495956	0.049216675893359
0.141831424179706	0.390406582435644	-0.0588290577655331	0.256483638958196	-0.158411458604654
0.154928525481595	-0.0177517814329422	0.139461558004824	0.0297053881655858	0.508943572041386
0.149492667159704	-0.0450391392161806	-0.0553890865016892	-0.0536116039050215	-0.146760968355885
0.02433757536737	0.0341376866500176	-0.0376569353642841	0.0142860614806637	-0.0793681562248668
0.261944139979741	0.0439951343730641	0.124753100325599	0.269952602662862	0.0572539401953811
0.221987075504111	-0.0222191523024534	-0.0148849827004447	0.0182466598398435	0.657683095476313
-0.105984455932258	-0.103965808114819	0.0623352094910012	-0.0756823097022488	-0.0526081295010029
0.057868866478833	-0.0927580138530784	-0.0679661689484633	0.129854434734596	0.371538003706496
0.0954382161763601	-0.019239144675976	-0.0573001855459653	0.12365535017122	-0.119230834461131
0.406305473239457	-0.0272873617462519	0.0986565511348723	-0.017105450401643	-0.168697677187314
0.488143947506333	0.00908993697471683	-0.0571534769201786	-0.0287945855747034	0.0176163312132085
-0.016792568130605	-0.0149854963506957	-0.0323165521919884	0.300188367736441	-0.0855776537136831
0.348215198648587	0.051171464881823	-0.0378959510559926	0.204198251122281	-0.125162181481646
-0.232490048211064	0.27001628366085	0.0322857443393213	0.0748816476157604	0.0261762031355346
0.0907842558708913	0.124142184292606	-0.0329977408632583	0.0408836720846414	-0.151395543317357
0.284866043044043	-0.279128780124559	-0.0502572369146015	0.441957317397447	0.124484428345804
0.469024499869911	0.397966453601604	-0.0400788263804971	0.251782085223914	-0.154003480619498
0.0648153105542098	-0.172350839349932	-0.0662098740775131	0.048321157469805	-0.139823316012371
0.0457326372119825	-0.29918599584487	-0.0626103426885423	-0.0756594305100776	0.213021100142362
0.366045928064446	-0.0783721626036348	-0.0787296947597615	-0.155155860567593	-0.132426517172882
-0.201151190681756	0.120239626624351	-0.0475864229577002	-0.0839218010712066	-0.13161672917458
0.144461470851145	-0.0841567596790201	0.170738882483652	0.242553766702007	0.0676965128897655
0.182653162669192	0.0485707498871931	0.145272448162253	-0.300294895369448	0.0468647213720411
0.31342132803061	-0.0867050055668905	-0.05609666795854	0.0646734928777808	0.023952488831511
0.309364610027078	-0.00667736944088082	-0.0523092962514326	0.146401837952001	-0.0440796326442834
-0.00945890363360364	0.0901975068825593	-0.00129297086486962	0.299415790737846	-0.0186092907846168
0.155389253745294	-0.311642840961812	-0.0546503047999229	0.0699289805072817	-0.123112494830884
0.235631008856408	0.0128131163192193	-0.0463184660717846	0.721019382876795	-0.133917431438403
0.120546332186063	0.37106246771986	0.344120153471125	0.539549390085081	-0.159205719546452
0.142543304995222	-0.316409720828901	-0.0573538336581914	0.253912030069375	-0.135271373629952
0.153439837042595	-0.324492725614245	-0.0562268091017485	0.637746175116329	-0.15361450144824
-0.630452445497014	-0.279649221244751	-0.0407371354499633	-0.441723300253129	-0.158254671469879
0.172577977151126	0.285380389146988	0.100058817806242	0.186029293306696	-0.0175834722772846
-0.00557205948955091	0.322186589240396	0.363053582910556	0.142046689639752	-0.143549856193994
0.153221770384273	-0.11065946245989	0.0951810115450156	-0.0312158316560015	-0.137450873287996
-0.00165729752568781	-0.166629937576589	0.0154334333541036	0.201736517331443	0.147621797747115
0.148996818408479	0.0277379947583619	-0.0745440361534539	-0.0776472745679204	0.0634050699052019
0.300443106824726	-0.307036627075	-0.0565334329795449	-0.069101797318877	0.523290827524048
-0.147744197272515	-0.309294629920706	0.159872672558703	0.15916206389464	0.27547594018478
0.298829625784431	0.384236158145345	0.637118653523741	0.459759193101792	-0.168457309182408
0.255412682057286	0.224655905407989	-0.0503917366422484	0.00751684672693123	-0.0979591243862457
-0.155029527795374	-0.301711844902834	-0.0503060709969868	-0.453296625518034	0.265580994546018
-0.588824610634889	0.436224119922544	-0.0664960807300122	-0.454165750927748	-0.119623335553863
0.177310354054654	-0.113049680762	-0.0297753260633766	0.135722687345794	0.12210190905374
0.0871666023183402	0.124368439754701	-0.0508328563469073	-0.129695406789148	-0.000123738570880734
0.55318891915926	0.402171938551272	-0.0778016058357247	-0.38378077194715	-0.103646340693346
0.164561577758587	0.39380845012855	-0.077977793166817	0.100278012207366	0.180826839718638
-0.607860580008785	-0.28487756369909	-0.0574497317319428	0.213125479998367	-0.100651969982991
0.00467802909639521	-0.313540444499958	0.159419470378753	-0.387240580217223	-0.138830724660263
0.238597642858817	0.232066693591693	-0.0492517473690076	0.0584271518089347	0.168079567516312
0.0696940226276966	-0.273886952193599	-0.056934198644141	-0.445492314083012	-0.146696706540147
0.780837905229326	0.427086204078058	-0.0627623244587061	0.226249774650674	-0.136544347615631
-0.591956543461436	-0.275392477693723	-0.0547608393517499	0.205619945866022	-0.11881283667494
0.0972995097692139	0.412441750573763	-0.0608764819764229	-0.469232052485508	0.592067755794941
0.244611337600395	0.0141612453526307	0.0451236361762654	0.418515925092232	-0.101974078013952
0.300311850624247	-0.298428145216842	-0.0494073745304824	-0.0503745766944113	-0.133597473938704
0.120399977880695	0.198958074507638	-0.0587589498260975	0.490663566252388	-0.157755621153111
0.0270898616827029	-0.303390569466747	-0.0703405559638168	0.00760465854708853	0.112098033080509
0.218746857839387	-0.113143773710256	0.0552242519675994	0.260275688079661	-0.176575029425278
0.503952069433154	0.0557339007488691	-0.0772717973311264	-0.0836506175941665	0.0777661008290171
0.287065005008269	0.401781198469114	-0.0498107950978169	-0.454853955284684	0.269432589312646
0.0863524149162492	0.125216852918511	0.0598865953360992	0.454823636207401	-0.130872847033035
-0.176586403759468	-0.285669609372786	0.05968528902051	0.18835197550727	0.0613417286878679
0.432662740471183	-0.268433670694635	-0.0659235333217175	0.255411832155074	-0.0901411092087578
0.0885722134599972	0.238920061263114	-0.0413775768791504	0.0207661905436732	0.166922781668625
-0.551356771149672	0.383689419309425	-0.0715811098228343	-0.388960595612702	-0.120072277506037
0.368134793681236	-0.301333407878035	-0.0676611448773445	0.667608104771537	-0.12824021214191
0.323973020892834	0.139228090218457	-0.0590015784710949	0.196877990695258	-0.104199278912777
0.26114912680205	-0.168214879866741	-0.0816901353658724	0.476346416466199	0.0855033081669478
-0.0857287108125497	0.15684132596123	0.0691108150827748	0.198510196622665	-0.13184261536282
0.138665635722074	1.0664626179189	-0.0508644926821338	0.301482778350923	-0.155213696572812
0.0820271187116697	0.376222525183098	0.344470158308237	-0.0824640895122332	-0.163310298799956
0.802317664737601	-0.337803170044845	-0.0416124009857793	-0.347665492697885	-0.18528958800336
0.0946574524332165	-0.275102601097154	-0.0599646474723878	-0.479745715872882	-0.130894994708017
0.294623918257097	0.175241306332929	0.231790043619804	0.273169091270085	0.145036592906697
-0.562179056924897	-0.302139741626729	-0.0647381313567949	-0.402139670010437	0.552185031006935
0.128471206671489	0.0657727278373031	-0.0636127500940992	-0.00655277401308075	0.122857785306722
-0.0254994181647975	-0.100816537093286	-0.0638033796259575	0.0515175659305682	0.0705604105548229
0.170565515708794	-0.124286249087897	-0.0379113540146756	0.0900493708188358	0.01347328105617
0.0447528202084795	0.0299819739396225	-0.0501467416279156	-0.00361196243151628	0.190309188813368
-0.544193057228078	-0.0194229155309757	-0.0737220577079968	0.0953192453471632	-0.115392626357123
-0.15198213345905	0.369843334356399	-0.0619864383054543	0.168170449601592	-0.158404459606701
-0.558396307494764	-0.327290024407053	-0.0620946482100596	-0.441091760849698	-0.175627716495314
0.0780472594474231	-0.302692713557175	-0.0239351632913947	-0.493357541979368	0.529796292731699
0.541190292238883	-0.352193060264399	-0.0660910240333146	-0.0395616819694665	0.725925609669603
0.150883594996676	-0.00533570204582391	-0.0456388899374531	0.224762446616145	-0.159539420010657
-0.272382900706715	0.197996175503697	-0.0694746124641673	-0.120714954213851	0.152999671101947
0.0979411253776336	0.40066823452764	-0.0381459593137272	-0.516846366604947	-0.119102188103302
-0.323759938698191	-0.306281092226673	-0.0472512099957212	-0.459068647484826	-0.145553315249396
-0.152580542646038	-0.283258446933797	-0.0631123913037759	-0.0584372590755686	0.188209836682175
0.318226614147373	0.124963995583902	-0.0615339389508219	-0.453913215496511	-0.109493329849662
0.153187131018229	-0.303726630609752	0.346539910043641	-0.466180062182499	0.265280219023952
-0.555990729040528	-0.34258063316094	-0.0479343773383236	-0.463922274660162	-0.199262407315111
0.0784074849036631	0.39013737796878	-0.0500220323949927	0.267328013393231	-0.124711119670302
0.0947437815086849	-0.271007324691032	0.632492122862266	-0.447141644298959	-0.0965826922260295
-0.0969617890564792	-0.0397691785106542	-0.0621322860620266	-0.237154035781288	0.132206207621525
-0.246375488479629	0.162388288854756	0.0493430904511854	-0.018130773497996	-0.137945439400728
0.0943469135186804	0.0514653318214686	-0.0367478296310817	-0.190656356001354	0.055387750062495
-0.16735193366876	-0.10332465373318	-0.057603924249186	0.363115741712274	-0.182936537854225
0.340715660337573	-0.17463497534948	-0.0578839658741313	-0.0804363692843278	-0.00965362101345243
-0.156196778094494	-0.147382791453719	-0.0444561641421988	-0.348251715964758	0.121170282519631
-0.022706217995899	-0.0322885926033546	-0.0661301756106901	-0.168319207062575	-0.112533379574777
-0.266479471651113	0.385100573881748	-0.0668845600433937	0.0346132324868607	0.268674133016417
0.495678500856944	-0.284634189748983	-0.0520501876371957	-0.470825481929452	-0.114101730313227
0.146538023423235	-0.33064971099591	-0.0670792613657288	-0.440058901452937	0.94915140520713
0.072726287287157	-0.2875631244194	-0.0429877150803059	-0.155399150762141	-0.128063037459464
-0.0676226106656516	0.146436597123936	-0.0705422470707616	-0.0768138136536506	-0.0256479063226012
-0.308749118166761	-0.293537788755173	-0.0418030786043172	0.0218520914072208	-0.114225445428407
0.237474245814235	-0.0283143121816488	0.0779840953983443	0.426216659897585	-0.0968651707253647
-0.382158948404705	0.0188828253328023	-0.0622548557686484	0.24877411942163	0.0360626498198413
-0.0944322276940696	-0.196821816787791	-0.0740325530082156	-0.18683830974072	0.465620186853784
-0.601831063424923	0.00995071972945627	-0.042047770570191	0.020787303388945	0.147402383749958
0.306711068832607	-0.292083669918895	-0.0614121140050964	-0.445942022505243	-0.121447228182035
-0.257049086123101	-0.161008448232978	-0.052101662087118	-0.299890742935098	0.156329440753891
0.753520541869219	0.202679256848091	-0.0683653571122299	-0.140444649277062	-0.116466982550924
-0.353777230518762	-0.287101861641803	0.459711394988778	0.0676576739356532	0.138345973780119
-0.568271600866995	-0.309612899706916	-0.061537997931344	-0.385725253876919	-0.153927303608776
0.302590638266877	-0.019735469043186	-0.0670588604043717	0.450584087108635	0.161050522858273
0.0560033220252812	-0.0618147233003881	-0.0654083894775868	0.239361557043612	0.120471404394462
0.319686464895392	-0.0771522143019411	-0.0775144578335192	0.0614180688320711	0.101269631907867
-0.0808577557093163	0.104465605524081	0.181094955261425	-0.0990650981973758	0.0674580726426557
-0.0569105307525576	-0.0784161721173336	0.170622895836318	0.101347662637455	-0.157192801687927
0.0853154002049855	-0.296131505817271	-0.0656451357144296	0.221564651950324	-0.14952781743665
-0.143507798184213	0.229645558457195	-0.0712947743033831	-0.215140384467061	0.0690601378632261
-0.434105617431522	-0.0819456731670887	-0.0473333286965398	-0.44577515675936	0.205818177148042
0.040685164196152	-0.316933322966678	-0.0581703074915954	0.435890802417415	-0.123511905477449
-0.550333391632346	-0.313879667974991	0.621408162383923	0.294877369678648	-0.148511301008712
0.500996298545668	-0.272116034618414	-0.0486266159899075	0.630524185522722	-0.131671095695356
-0.0474283336949309	0.0852269282989762	0.0224346216947706	-0.0557611898077448	0.0972553205815468
0.226653051964813	0.231946299115652	0.231418869998539	-0.143684982713873	-0.127517975936912
0.118780156354564	0.335244087289483	-0.0770219165382829	-0.098564539227596	0.177401556253952
0.148368557219371	0.38110322266734	-0.0526752378358239	-0.157208111248286	0.144524899270643
-0.112080301407684	-0.0331348779787531	-0.0696584668389332	-0.0382031282202612	0.0617792328917521
-0.247348927041381	0.188334531416397	0.0861781045389392	0.0779645542975453	-0.123701403773602
-0.32146170160265	-0.305726638967125	-0.0579675727244382	0.0405369400249851	0.362184800281478
0.460257705894378	0.0876045983992225	-0.0599244065263815	0.493728852022363	-0.153355760912723
-0.121983101167801	0.374622428212334	-0.0670618690038197	-0.0537333073592439	-0.144846586830447
-0.0314083634559677	0.396108712108738	-0.0706992904326501	-0.11606349509369	-0.126099742631399
-0.61814271459472	-0.280793923326353	-0.0500586377333758	-0.417676010915237	-0.138845526468263
0.120057282473048	0.347778063627931	-0.0665363815356454	-0.371168776394251	-0.170059778440738
-0.633061254602454	0.405500856737872	-0.0489779996269367	0.267362031800183	0.548729389471374
0.0137796973224593	-0.0694331799680399	0.0535579617275877	0.151979852824227	0.0729027886848768
-0.152641986792284	-0.121390018676386	0.154423878036187	0.116428337593085	-0.185679517100251
0.253292252894425	0.0332857225407866	-0.0491109254588799	-0.139981810816079	0.000595986270686741
0.307746074554995	-0.0717476547379593	-0.0418638679843982	-0.071576830337187	-0.13538508086022
0.133245994278161	0.100450724894672	-0.0445851403625511	0.358399709577509	0.0616392385424433
0.309992385007848	-0.27054658641234	-0.0596364440758387	-0.0310200868936755	0.289549360374019
-0.0973483991775551	0.0227578243028281	-0.0550051948664915	-0.190052842769795	0.158349088371159
-0.154486734140467	0.0849929455072411	-0.0671810628546636	-0.432541829251725	-0.161041217511301
0.090699416845582	0.131232579129728	-0.0297820829736983	0.17453544166107	-0.160153437436602
-0.223843406978915	-0.294991440231898	-0.0399321303615936	0.819279222908601	-0.152415229809787
-0.563593074913544	-0.347603976771175	-0.0655055242532797	-0.436004314537788	-0.194190010368877
-0.105899286062953	-0.175074769057108	-0.0487763115549157	0.214688656938786	0.259930686501339
0.210235400409643	0.283552984079238	-0.0586728113697506	-0.455051436932865	-0.109682041367375
0.552535960363185	-0.302912144821069	-0.0789341649446561	0.270712806987929	-0.132382974205777
-0.599715452974	-0.283055636398158	-0.0404746559302744	0.583001771696551	-0.129676711043483
-0.196070568850205	-0.27632622853539	-0.0513354782601464	-0.0792211034213524	0.274482311266357
0.538388624459797	0.36097782529068	-0.0512453703651814	-0.396758454113394	-0.14627494492335
0.47573410004178	0.791272159272738	-0.0551922379506538	-0.435040060920315	-0.157016720209642
0.532358831658185	-0.33923162574693	-0.0643511627003371	0.29846716905444	-0.182480202277973
0.563370229792406	-0.289283614680902	-0.0681789390921404	0.673709167042356	-0.11203122895515
0.0836380804843861	-0.278425801483519	-0.0482307247614285	0.915956274435736	-0.120954323498705
0.0874920547178992	-0.277081145270903	0.65156292767035	-0.103741955830754	-0.136178035099462
0.151893784489203	0.153072405879797	-0.0521639729226581	0.11071042109691	0.0394482956219882
-0.104031102929782	-0.0712702077358682	0.191331646203099	-0.310553342722106	0.0696187395440913
-0.0357626811856732	-0.0219207440623102	0.218669190658689	-0.41014360987387	-0.108617978732136
-0.162259861815997	0.0289679316867887	0.254047904130299	-0.304521170264005	0.180774273876155
0.00171038054533622	-0.119665255981053	-0.0561538360083883	-0.0419950222682759	-0.186109967117171
0.0323770730383577	0.0625573435345344	0.125041274813577	-0.0691217414979451	-0.02602596302493
0.0823956722753606	-0.0178877656365828	0.23333554608066	0.379752679345497	0.127009935966608
0.290967639538596	-0.262735749693996	-0.0502091732340914	0.239037343231832	-0.139839891521872
-0.552999033305843	0.3938266593428	-0.0685914195163768	0.00752577062953659	0.0830340177975513
0.126919593922981	0.355390543276267	-0.0555371124169236	0.0906099080951189	0.116519999267543
0.146552396246727	-0.330375910723632	-0.0654470983449669	0.248812477283351	-0.178682664104248
0.139330783631437	0.38456176610049	-0.0678911684621657	0.70399516686688	-0.121585514088256
0.152739906032556	-0.138327468361325	-0.0458609645021261	-0.126161994448626	0.259707304547387
-0.26061554916658	-0.167215559382708	-0.0666995460546229	0.0648411222753416	-0.179121195325332
0.151696217279018	-0.315830796156179	-0.0673755673914943	-0.421720168371953	0.290845969906766
-0.066496836120329	0.255714166244757	-0.0487199959972668	0.0678215397659097	0.223091913165984
-0.107589761126203	-0.06844453750857	-0.0713514926697622	-0.179435884537352	-0.163962645073846
0.00481531960533906	-0.0750585241789555	0.0549783631536381	-0.0982985472940818	-0.150806462711308
-0.200803466859762	0.39801317954775	-0.0554007936138002	0.206130875534735	-0.146293234813067
0.46953902032553	-0.309071031177007	-0.0552377077296617	0.655175758534687	-0.126434185926395
0.299439401315049	0.0970820125825278	0.234548060735716	-0.042148723434227	-0.12524320993412
-0.02489230146613	0.0229590369337456	-0.0489726889932526	-0.176992471350949	-0.0624617728072023
0.139861033976579	-0.302243834059633	-0.0682652348054341	0.500210404709446	0.26790019109784
-0.230635637758592	0.401131856381837	-0.0482526627406677	0.0039983453470063	-0.15204399765909
-0.10766838965217	0.08569277702032	-0.045819964651869	0.0383892246345437	-0.0811059921768027
0.000831269941865886	0.0737428411545747	-0.0375035779679844	0.248056988524888	-0.145445553330101
-0.330102077732816	-0.0194984541810741	-0.0570993784907586	0.0645460643559168	0.132139402027798
0.260344805452031	0.0302048146867196	-0.0600637981874576	-0.0561281088756024	0.054528241303037
-0.543398175845306	-0.304138285485345	0.149934797784748	-0.194779834341137	0.0934615977872472
-0.196220424377005	-0.271693796117693	-0.0578444196778986	-0.219728283788704	0.109266324667016
0.146639214736466	-0.302667216682966	0.620713350550597	-0.371167084949477	-0.126768683746216
-0.598049987199222	-0.265356195240017	-0.0551202473880444	-0.468341451605888	-0.116429227923523
0.480157182354067	-0.325671993993389	-0.0423911848121422	-0.46270763897486	-0.168099895187101
-0.577217929658339	-0.348926681617196	-0.0667754798742138	-0.378505640326395	-0.182714435764734
-0.157169433471416	-0.0893512589126623	0.349013341802539	0.00639824072935936	0.0647011148538439
-0.0419982988306296	-0.0465239730286283	0.0118702237254388	0.0815627194050751	-0.0862306155840114
-0.142653842072248	-0.0443815691793451	-0.075376945728702	-0.32238667712575	-0.0151418546973963
-0.164065331405541	0.0936854364342755	-0.0707715032027821	0.325221814994858	-0.153188274679377
-0.138885094371032	0.100575224881679	-0.0696690049773529	-0.415292403621903	-0.117048305905948
-0.590975328081896	0.113710679747541	-0.0310911944005622	0.578990481679732	-0.119423682962734
-0.122709885515577	0.203067132873128	-0.0598787125295449	0.0872697040667728	-0.131134780634328
-0.541256375826607	-0.322422314490702	-0.0567939752826014	-0.461918453374225	-0.151746849721069
-0.636237391370985	-0.283853539930963	-0.0473998116769578	-0.409131562571502	-0.160919514283044
0.0539003365457614	-0.184664338772182	0.098489458845744	-0.459291335552915	-0.170809767546754
-0.625621637734119	0.4180965506397	-0.0408344395917774	-0.44961910116761	-0.154571974582327
0.0292410106615583	0.285825442728387	0.405218487353954	-0.0615075483477996	0.0430938538179522
0.0734837860481787	-0.314722809605181	-0.040356267826232	-0.0832045646198786	0.2204027751523
0.0886738182292633	-0.285622221620193	-0.050866993031548	0.230524127178075	-0.122229543250481
-0.260083822036098	0.0221383922036291	-0.0462746241092061	0.0153761470487584	0.209466003632309
0.151699110260255	-0.312798033241746	0.0842139489000572	-0.261321124385707	-0.134437084305475
-0.612666364490104	0.0930674473816497	-0.0560739889796527	0.221664108654583	0.265425764583419
-0.602513967840143	-0.29636301827624	-0.0578104640708927	-0.484446176682927	-0.138790572286227
-0.535537416438134	0.390452797351594	0.634296534324625	-0.453283294659843	-0.110527407656292
-0.0717092326620581	0.234604466039588	0.193441197478153	-0.113268883021649	-0.1502109293732
-0.0388501167770977	0.270497934523599	-0.059901284754077	-0.0823789994002265	0.0903538095643426
0.183759933122634	-0.271056036692294	-0.0610228958839339	0.00544659084657837	0.0671159449737289
0.130126834199933	-0.0374147433704087	0.641343417625254	-0.39502365323441	0.540609806066717
0.141861939268914	0.106594791124902	-0.0633329783239528	-0.400242833357633	-0.140426064942698
0.755291882840466	-0.298698411893722	-0.0485303582552531	0.261667009932884	-0.163671689482753
0.800926446564925	0.570031054750791	-0.0403267609984591	0.0132871521266544	0.20363263350764
0.0618534611121422	-0.297620436496103	-0.0387431434694323	0.243594709935404	-0.147035155306634
0.146734590240809	-0.297855454494192	-0.0690294008093378	-0.416486730493733	-0.122469057233215
-0.58764983499554	-0.29802600087026	-0.0739264714573377	-0.404192484871266	-0.132934598311468
0.0872253454028219	0.0496874717218306	-0.0245125222453239	0.102848240984385	-0.00785717706666778
-0.0881219650297307	-0.298126030035888	-0.0583916622880538	0.0391795066997304	0.160492441584108
-0.239068387288574	-0.177575627298746	0.0387372201129341	0.312439707129467	-0.107160643470864
0.0995012444030253	0.395540040494911	-0.0456835996047761	-0.508057938358884	-0.110349774355022
0.153532890039365	-0.0395683847484627	-0.0540939578611152	0.0857080200808123	0.0379546885150409
0.548971051621672	0.773289594227032	-0.0637005854559555	-0.396077090124135	-0.119990651122456
0.137763751097945	-0.309580027147118	-0.0477474213464277	-0.229052714732439	0.406635845746278
0.128144232004115	-0.306721137761018	-0.0654254467862868	0.287466141187841	-0.146336280274357
0.0942595907641393	-0.300995760227445	-0.0416900821655852	-0.489255477400263	-0.126116895352057
-0.644265262808171	-0.29263581627862	-0.0455283454139742	-0.455385792772863	0.568476109675884
-0.533602388412461	-0.314370859807342	-0.0685577292937144	0.255597865719154	0.303012215536482
0.0937735516933144	-0.174443613545997	0.0776783462785995	-0.133592075796979	0.374308037741805
0.333898314471689	-0.327928695455839	0.143138464253446	0.108370840183149	0.000135491747267582
0.299421588289589	0.251601402662433	0.321752800063034	-0.152927031062903	-0.0976426566571411
-0.274434389158133	-0.323982826993121	-0.0500753570492981	0.580095731674948	-0.169153526179101
0.301512360447141	-0.310185580205494	-0.0387124286279834	0.0460571576618013	-0.14386823694245
-0.249092581332675	0.390342885324201	-0.0655338253030978	0.425948234972073	0.166495297225333
-0.18636390900411	0.132083191171262	-0.0554383755081156	0.100006578810916	0.299713923700868
0.0808624729873615	0.782987447470466	-0.0551617788310988	-0.479996876596844	-0.155202705798496
0.778719159390609	0.409824655856762	-0.0456137181959539	0.205013765136399	-0.132201072470073
-0.255603975607654	0.0179774832862197	0.0431612186789315	-0.188951083096301	0.215373002472427
-0.000590894861757124	-0.129045119976086	0.139534790744591	-0.0380849534467653	-0.0543971977969515
-0.140638569616196	0.104040060709595	0.341166007472356	-0.0100962278678259	0.0875245088984822
0.252840431617529	0.0167633173687401	-0.0546955305178635	-0.174951543290185	-0.106353489383667
0.539842735015837	-0.298087699334576	-0.0771658649772054	0.00255597565215733	0.2591330594384
0.0907408449147044	0.680726316668617	-0.0467919918622097	0.0372134562380647	-0.116601680747114
0.108403641967723	-0.259993167144324	-0.0567118174076292	-0.475959302709327	-0.111241548337698
0.519796492339943	0.0602854303101743	-0.0390368165420422	0.322196402159344	0.22225961597237
-0.0360586765457563	-0.0172360568661801	-0.0203271300227379	-0.0786933347915305	0.10426558725103
-0.115246030049289	-0.0279758161968143	0.0345848219794707	0.230840239832431	0.0883118634467714
0.125932630867564	0.182163282786005	0.0400673269022375	-0.237328230788186	-0.0309966171994642
-0.633933062757354	-0.298526322462789	-0.047413055045828	-0.36161754068593	-0.145340253886235
-0.545149554164939	-0.318973128878073	-0.0734365980876393	-0.406006918951053	0.120306763266598
0.144432986191993	-0.159525677095838	-0.0379894881660096	-0.0243088448380588	0.000993667805129648
0.104260182155784	-0.0396532277996608	-0.0551322528442511	0.103360657964476	-0.10817032245037
-0.597439409340363	-0.260708106427998	-0.0670360884667014	-0.0449070064508828	-0.123749908826021
-0.070973910993134	-0.306040574299686	0.195490432471477	-0.215184169966928	0.237254601374804
-0.206583508222188	-0.296154820704772	-0.0366860881600953	0.784339321395016	-0.153393783462234
-0.328656533464886	-0.0963618329679246	0.176956841349417	-0.222651723720499	0.05623605489521
0.0859215251265033	-0.289481965949236	-0.0435848434556798	-0.45226050031451	-0.133543716488041
-0.564339504988598	0.362646690628421	-0.0434138542332066	0.280446822987958	0.531520977662923
0.294015655889887	0.0942987789116629	0.0480864014337699	0.478499565780771	-0.127314794471759
-0.187872556806428	-0.16751271301172	-0.0409142880996624	0.0517854434662708	0.0551047772840836
0.149762559676117	0.271443069028083	-0.0413226171604049	0.22460085963556	-0.00801528735420507
0.0773765865940448	0.137390493454705	0.337460156662852	0.235220952093331	0.272145879466055
-0.162511946735498	0.364258051032082	-0.0638829402229295	-0.00319490909388092	-0.159640048970049
-0.0378282918628894	0.203035953100121	-0.0628699799274617	-0.139395133147442	-0.120111663334408
-0.61567147594575	-0.275468210130251	-0.0461560943099805	-0.474368171040085	-0.134900094757976
0.152366339062498	0.388590816791201	-0.0626810375859201	-0.426013445364845	-0.130090131831742
-0.624449584656888	0.404504200367521	-0.0449228577029489	-0.482795446884221	0.54690582854383
-0.0682192504723811	0.0372417717224992	-0.053486765228292	-0.258074902964609	-0.133528503698381
0.0792454531108983	-0.069370766115428	-0.0515405053778396	0.0720059369489925	0.317103066602975
-0.17881825958722	-0.0799137136273064	0.00115972946319228	-0.0499302028325405	-0.0245635194283991
-0.262715951028002	-0.176649233522749	-0.0751922198715997	0.0916618533019909	0.303969394090088
-0.235390420194271	-0.00574779237968793	-0.0515815281914496	-0.405580002148443	-0.18881099517079
-0.15247240460633	-0.305401760205841	0.336408257706287	0.531253219791687	-0.11811328414514
-0.547552158496625	-0.312900258931625	-0.0789959340218008	-0.392036716605264	-0.140959694932638
-0.0916635738198394	-0.0235438739534387	-0.0612028020786603	-0.0690939390457452	-0.136628583605315
-0.108654836563099	-0.157890446730642	-0.0512012331490854	-0.0531172471544977	-0.0155257130057895
-0.176204357263158	-0.227125929192004	0.0467834405789917	-0.277609773701566	-0.185021352700094
-0.269157285321144	-0.0240641647757098	-0.0645516249663684	-0.136281782038745	0.173554492098746
-0.137331673745693	-0.304516042088904	-0.0488945403415424	-0.238731085713084	0.0584518585942197
0.0928617104404168	0.121055224458551	-0.0478988904332023	0.221458606370641	-0.11954888136533
0.249373872718071	-0.275765274923006	-0.0572894603963143	-0.453642079898636	-0.10335036167975
0.0443141198206724	-0.128983067607971	0.104451116792861	-0.232343667469402	0.0807689556544058
-0.0103398108344065	0.212350772296851	-0.0756514588199882	0.0311730073520608	0.106621548269383
-0.153026768099566	-0.111700833287362	-0.0476052294591135	-0.287625497527073	0.302104308322499
0.0800684023862403	-0.27242454890929	-0.0512143772826088	0.256967606235091	-0.139468142622597
-0.554618882369072	-0.312653321092812	-0.0537568539541027	-0.441495819297017	-0.149311132671425
-0.146758198516642	0.369581668462911	-0.0693477906451897	-0.0219530458693189	0.247063764036038
-0.106546686120829	0.443626119263184	-0.0576356376206156	-0.192231698008775	-0.164255705765817
-0.148732982095119	-0.304806004685039	-0.0424242009362679	0.444586602352754	0.219834724476219
-0.14913460608031	-0.0304292630002251	-0.0659162432564437	-0.261295867837197	-0.000418841650264477
-0.220030988635511	0.132465682257946	-0.0469587001234905	0.472323655601122	-0.145679322779761
-0.282717649805566	-0.0541024150444067	-0.0639443240028946	0.30938321507309	-0.176290554018553
0.313981039496946	0.399625325659656	-0.0545085779415502	0.77819165461487	-0.15082300741278
-0.207224865924856	-0.0427649905672482	-0.0594825126350893	-0.0715306045270706	-0.140225536301763
0.371892287195462	0.242401892374135	-0.0748082039655907	0.149462223246801	0.106060412901166
-0.600552195198716	-0.278215610479167	-0.0584952864505536	-0.46080477163083	-0.0979968458615306
-0.335468249455488	-0.292273573762927	0.658783880100157	-0.468821607312573	-0.171612001980608
-0.214606320425687	-0.0757130110493057	-0.0560628056642855	-0.0731323312445188	0.233657182696811
-0.564883427371066	-0.327499954737863	0.623316806177306	-0.415463406980462	-0.154439967806728
0.0418557368958307	-0.0674729204990475	-0.0664234486267757	-0.0688779169838047	0.113585772399394
-0.318513204871958	-0.307122381505574	-0.0410529180740505	0.366413139344198	0.367809275526701
0.128528046913174	-0.0567356457797139	-0.0631049769737017	-0.153320981106434	-0.160865249638356
0.535027792910169	-0.32530608933774	0.336524803794156	0.0422100203325534	-0.13252310050347
-0.00675603405667982	-0.322259583767052	-0.0716333100525298	-0.391743258196358	-0.13904562839805
-0.615076969736815	0.296156757793352	-0.0354496344772704	0.0875955936235522	-0.149322599690556
-0.390782571345415	0.101277976652813	-0.0565715933364566	-0.0178644463470492	0.0105271710883018
-0.614133150577614	-0.298471621721877	-0.0405067627610624	-0.479180339800629	-0.1733657991946
-0.212830042220971	0.202816188132769	-0.0420238594684869	-0.0381199057326331	0.186720649237242
0.250719999326677	-0.107443271256253	0.135910506966578	0.161884821919928	0.197277153283222
-0.557602082059893	0.374415127137882	-0.0667503352717409	-0.391448946463578	-0.119385455107879
0.0598997766031055	0.409336711514475	-0.0418582481756263	-0.0445191428609395	-0.177388553894382
-0.623794044575639	-0.295846767160791	-0.0433737250948825	0.194132100077823	-0.17097639149229
0.138597686489092	0.0802478385496148	-0.056949921854651	-0.030062365899353	-0.15320368401753
0.182064790778318	-0.250025427319635	-0.0496822362492795	0.316504185032961	-0.175552531772777
-0.329850345388057	-0.28695110157733	0.247707202228554	0.0475761231807223	0.158812689146205
0.126358110739845	0.0761442008421167	-0.0450062695219403	0.299803778571393	-0.152415913700831
0.0166296117132413	-0.133875091466904	0.0420157934403653	-0.0542773819503078	0.170154438169452
0.404072751611258	-0.302086101153083	0.506518132688484	-0.0764646435069833	-0.158133111643845
0.162805450065808	-0.0816284974256265	-0.056037735278089	-0.0448469084755253	0.288775748406888
0.0737224609655752	-0.270131705711856	-0.0535501536279938	-0.422463866955947	-0.127065552300684
0.82031198481802	0.779890998331802	-0.0581177004175766	0.304787673676256	-0.145087380658711
-0.0368523310699132	-0.0297136127626171	0.212767746767497	-0.144214268858682	0.1374507180944
-0.551327062056396	0.357586880903759	-0.0533364490930744	-0.469354355445401	-0.16921528495032
-0.196368444559783	0.410625837620132	0.356104533908673	-0.0806570400676328	-0.13186957460726
0.125970216947678	0.349139609351344	-0.0703966632546027	-0.397400947434438	-0.165467092051463
0.762838409854063	-0.293078870290465	-0.0525127168444969	-0.404832255155804	-0.142228044635611
0.672826008972594	0.208461285807871	-0.060459078417019	-0.0118427310711443	-0.14364037074485
-0.137312206612061	-0.141760734233573	0.0814097839944806	-0.00907602560443593	0.131307926403807
0.140177720386541	-0.0819582288876004	-0.0629576635854791	-0.00127376330464245	0.0919355497631132
-0.102277012363895	-0.145334127357837	-0.0546922776594021	0.0221622821123619	-0.00533910517554681
0.0748185616449673	0.215918486800718	-0.0452605059901557	0.0639592251985335	0.159557209653657
0.540607547795874	0.382782297074009	0.625693641816079	0.275194008561249	-0.11931118689144
0.158011950343574	0.0865275653889093	-0.0793097858116792	0.665938224713321	-0.0951998645418738
-0.0454961990242546	0.262029842482901	-0.0587673351509822	0.220293673869871	0.266731315701306
-0.157440576515495	-0.31080523861251	-0.0564689239020372	-0.426370017070916	-0.152579980196991
-0.610886323180322	-0.292589775634322	-0.0511372373174564	0.206475981968473	-0.163930403778518
-0.532033644079747	-0.320216752717769	0.346741692881802	-0.0513056679110799	-0.11040291600803
-0.605815508086983	-0.303114971476265	-0.0534976940891471	-0.476477075161101	-0.133351927241155
0.129339351550571	-0.334579346459614	0.333976166261331	-0.42112039943042	-0.158391992190961
0.0325835513404758	0.100075725852364	-0.0626924783915966	0.104573071145556	0.00502701028420589
-0.0956007885829832	-0.102699790825608	0.203092033048765	-0.0936838030258846	0.0605307324576876
0.0786704974798266	0.369297781468399	-0.0588874240427135	-0.485263331406411	-0.176229062074704
-0.241693322470566	0.097835917273266	-0.0409826782009295	-0.346848119164922	-0.169493972655527
0.495803814094362	0.414607975103137	-0.0453390700377865	-0.498472824713391	0.526310852814528
-0.559708371844557	0.399766676236643	-0.0651205487844893	0.298757278547037	0.252799121313482
0.303078418626919	-0.301815763591618	-0.0528460167140743	-0.0618903178082455	-0.165514267506954
0.134989256524695	-0.298184603616545	-0.0494689096362406	-0.448121328590006	0.531828903134042
0.0753022069359763	0.391296802262026	-0.0522674882317146	-0.462335666989647	-0.140609885266581
0.230136058520844	0.000487206844606449	-0.0443572367276226	-0.489272302717562	0.170812620809149
-0.621543642429696	-0.289394661528227	-0.0526509108760726	-0.443234340303773	-0.135654117097157
-0.558582018778406	0.371697698372636	-0.0536889617887495	0.282611093526158	-0.14061631170427
-0.0276742223307223	0.118252535583493	0.109667910279298	0.163557967166901	-0.16285428993482
0.127131953574	-0.0293893131954702	-0.0663014613458378	0.254603384838161	0.140031107044323
-0.0399741511349681	-0.0543037780447495	0.090632318108945	0.0425602802459942	-0.0456563616083529
-0.137755127123825	0.372697497949245	0.274513563543603	0.0932653582036031	0.181498539885422
0.541267051245842	0.378512330367186	-0.0687334795806205	-0.404761421009047	-0.159391424061391
-0.310633324035534	0.00417540481957927	0.226311007516959	0.219584517791455	-0.105995526164786
0.260049701529989	0.0852284903193082	0.161351387779685	-0.425503639500622	0.0871756576966537
-0.198765797036833	-0.295562302285351	-0.038769097123648	0.201455491798154	-0.125987528386919
0.374493012644535	-0.298636080369587	-0.0404038467126516	0.0276727119045792	-0.154555386901135
0.312820160071576	0.421318298099938	-0.0549932414474452	0.79705930595192	-0.13010318848541
-0.619878067080861	-0.288237944925624	-0.0548284676442627	-0.416464335336902	-0.13472938475138
0.0928830466397791	-0.297871792552056	-0.0433212514750908	0.215063740660999	-0.12203928218729
0.305348740213621	-0.0387013856810688	-0.0437436170981746	-0.4583099923333	0.0773101403343329
0.629271343480844	-0.294507229518144	-0.0587586288081694	-0.05634498938376	0.551079590764045
-0.601409871180222	-0.279944162350603	-0.0556736672557672	-0.459905240285846	0.991066048308639
0.130552537086593	0.366504778715907	-0.070662310614168	0.508392962233457	-0.16001021464727
-0.579251937710205	0.105100696128877	-0.0732520819876648	-0.401689076402236	-0.133704907354435
-0.636642566719535	0.377293296713745	-0.0327131848835458	-0.396659109257712	-0.16520484846248
0.0851503979411512	-0.0446447923644281	-0.0688950180688014	-0.189731028989211	-0.122614064719173
0.247186897274442	0.157813635272939	-0.0689356749561724	-0.0790213052786846	0.121144104929765
-0.202749757875715	0.0970743386151337	-0.0430039951153058	-0.175895004660552	-0.0325878696660045
-0.0344028121540288	0.0570664523839635	-0.0372756162455803	0.33727080699385	-0.160918681751576
-0.545284150996632	0.372671060149684	-0.0522013790051525	0.272383479182689	0.558493772742617
-0.20545625802005	0.123796499871617	-0.0523968771172032	0.226082973358074	-0.121459459371674
0.303481702313106	-0.0239337049440697	-0.0684673606395946	-0.137006186372018	-0.142627549854493
-0.0132324740203812	-0.100423924369749	-0.0523770460128439	0.0876688529184105	0.285356065782804
0.0716966158766168	0.104344747016916	-0.0542701150167963	-0.06937122977924	-0.173504345265812
-0.537213300680043	0.78846935067616	-0.0818137724638505	-0.409847465271014	-0.0932467461609443
0.141114593669751	0.398408525164905	-0.0659476957242749	0.273781519690926	-0.120739042346607
-0.281995871534261	-0.00618782497203736	-0.0364526920818578	-0.0415540262644421	0.193744654053497
0.228117589698838	-0.180177931847456	-0.00968383856211163	-0.100003517828155	0.126122347497897
0.03831343439516	-0.0419524014286959	0.0888327259806098	0.283296570274715	-0.0218504414212477
-0.0919428826320302	0.622149662262007	-0.0461120058640198	-0.213830398589574	0.415097436559051
-0.542010689006631	-0.301471891469516	-0.0650771794047464	0.697327019664495	-0.131026919125575
-0.0911048958550605	0.0108219769976263	-0.0594563510508319	0.240482719570029	0.38324524586436
-0.0482035444726338	-0.00417516113359384	-0.0600472481032044	-0.424590606107082	0.138258113361415
-0.38484085073963	0.41586092087357	-0.0514492358521091	-0.0760349636732681	0.081986283878393
-0.0555165994302828	0.399580446210592	-0.0592251605092984	0.243820849013573	0.26633166773314
-0.216962579297636	0.0982967982987778	-0.0527514426566817	-0.0748870144797896	-0.17276386147974
0.118572577670727	0.387692451095356	-0.0695813529592523	-0.400088509546025	-0.117003981153692
0.167580807016999	0.211240024057248	0.120031435987155	0.222100932210483	0.479967948861694
0.152399637899428	0.087787985793796	0.332450879910274	-0.0117212046467056	-0.122893116097423
-0.0788731389681315	0.231252193181275	-0.0574412094391382	0.0287193192437324	-0.105434306654578
-0.0426974504696143	0.386105542769521	0.222018754534333	-0.0213556733114973	-0.133217542017806
-0.137783505448873	0.0938612296107146	0.346278287396739	-0.023860764813855	0.287468814598333
0.131308490815932	0.376325701301807	-0.0579920395088373	-0.408668269907738	-0.14826480149801
-0.266554454082105	0.285438449885617	-0.0667843784987744	0.0935145602420601	0.138669261954626
0.0751110252785135	0.414990061075624	-0.0418505798807392	0.619845527783082	-0.157913114493936
0.0752311520267864	0.402365968920825	-0.0408909795119474	-0.455829955705071	-0.129739124403039
0.222871491863783	0.221663522154	-0.0575920979576943	0.220563477979705	-0.160627835112535
0.0717445008708306	0.40701605113732	-0.042766365114526	0.210036117638817	-0.15812244507811
-0.548337174494168	-0.160093753309293	-0.0750377534838326	0.205968632987955	-0.135534185342641
0.0570330406070657	0.391185417270031	-0.0389230865963348	0.500713884286292	0.244212280236924
-0.320352463974469	-0.29762544376147	-0.0499472756485376	-0.1662135742814	-0.109579570653282
-0.331444885965914	0.0929755808407523	-0.0589851599685431	-0.219629186417807	0.101958702108265
0.13379376345482	0.351384277923715	-0.0401659955314292	0.277488483409113	-0.156576995272827
-0.329634779665471	-0.280805529241823	0.220573690676605	-0.413196530863255	0.151260240652236
-0.563000660904743	0.36158383844114	-0.0740101963286817	0.674082093730412	-0.168807251536239
-0.534964235569027	0.099961127966727	-0.0725193531452458	0.266697562849801	-0.113666601126336
0.144278290395647	-0.317871553849102	-0.0665401300249501	0.663590977345688	-0.124657413450682
0.542758331086309	-0.312643391159756	-0.0535650208667329	0.265383690582785	-0.141206593764511
0.14155744537998	-0.187314935724673	0.197138321595943	0.0939787692778747	-0.011636794023024
0.0335693643277082	0.483298885679619	-0.0595393363621907	0.0937616768195622	-0.144192430362716
0.37786643147542	0.113582032783119	-0.0675015891447611	0.697787617315306	-0.124001037879495
-0.19947538368819	-0.0904451947293682	-0.0403939851259703	-0.108226456535611	0.056656040495546
0.0859409854914654	0.062948415666907	-0.0483979589657453	-0.124250009016745	0.115997235755386
0.0678895262920631	-0.304468686419196	-0.0323425426979741	0.205019194069144	-0.174522321268995
-0.117154505691429	0.386391665086298	-0.0269210663598125	-0.170951826452112	-0.164354378696392
-0.109558744605867	-0.284564543063836	0.244152060689598	0.0361176875180402	0.141781225590913
-0.613579360697471	-0.2750385168637	-0.041931895129235	-0.464507945880062	-0.137934253258003
0.0948946476668984	-0.281399697803401	-0.0641724707467056	0.24796402168879	-0.104501158574106
0.149494058408645	0.389046215144988	-0.0672052617219715	0.279209403934089	-0.123766806725825
-0.562720620601385	0.0861022639241623	-0.0662771345453387	0.855526701925158	-0.133257927273876
0.073641192923201	0.394106168410017	-0.0352658081369911	-0.481197802937751	-0.143725952620223
0.260444621205639	0.0544117500911634	0.00631024591668607	0.0776452572288349	0.0947890874222229
0.473930556493261	-0.0828282079758261	-0.0513256984131898	0.375921061482069	0.0618161690864785
0.467983308553895	0.0986962583651027	-0.0685361169414711	0.390721229326451	-0.124413103572559
0.832732011814379	-0.306834456201119	-0.0717255223903061	0.313751962824182	-0.125094242559016
0.116000106773578	-0.331513140575463	-0.0602874163952243	-0.330792479352961	-0.155357839697562
0.292921796659469	-0.3064591812649	-0.0290655991337073	0.622170418623461	-0.176518598625031
-0.144779757931778	0.0782199462111614	-0.0740475897939919	-0.0379628942124834	-0.159148265725247
-0.111786188216115	0.22514849878504	-0.055526580661079	-0.127142551573736	-0.143931892145851
0.234910408302561	0.393336984628338	-0.0251632805487864	0.0197913801997767	-0.153586322850626
0.502978820201378	0.405170991000399	-0.0534046660380722	-0.484493917316893	-0.104268809094252
-0.259776578123578	-0.014199069244903	-0.0680759839259273	-0.422430606956586	0.157358230109671
0.50724641168154	-0.273973157289503	-0.0547098211089716	0.223328555396995	-0.124709632920492
-0.0263614649227299	-0.00724729897474546	-0.0860483987791606	0.00277588727297944	-0.11427581191716
0.086271944709107	-0.28010968104728	-0.0470433575930348	0.222326420731953	-0.140944150934977
0.825564844468199	0.348518380187554	-0.055879961841503	-0.139058659889776	-0.167734647889588
0.117560922404823	0.0798220832441364	-0.0616729667060354	-0.373005258222871	-0.165604799391477
-0.469622257476136	-0.119226677196606	0.0935956672307981	-0.171155369822406	-0.14467963586877
-0.0361616078029432	0.538294765690452	-0.0449087417129071	0.0582001564200949	0.127716980566536
0.126297938313605	-0.332202219041579	-0.067725885380491	0.283209406858707	-0.168665618872258
-0.604626856138465	-0.260776950393799	-0.0565166055465216	-0.467978483275058	-0.112949820817094
-0.187506773521555	0.238478282310393	-0.0438530857401274	-0.0895727547349217	-0.0345662529286597
0.0575849491596002	-0.139978416321749	0.0971251299156962	0.0711075596995669	0.00141335200627789
-0.561172549409426	0.378527792080608	-0.0637826929134132	-0.354745238747071	-0.14241945451568
-0.198738365505329	0.274263305283984	-0.0512327437369146	0.323941026727097	0.411213610746217
0.457663670440803	0.383365456378463	-0.0382577772392408	0.084962920564219	-0.0370924415700951
-0.635080476847523	-0.293606509021847	-0.05063744463949	-0.400347955193005	0.265352046457393
0.550634874086617	0.191322099441691	-0.0719947480894753	0.086344624955834	-0.110535778062586
0.0628056617893607	-0.181458156311894	0.0561214096913808	-0.0278246959850717	-0.136671560427384
-0.126866246612716	-0.289594350058064	-0.0621005550472447	-0.164390378502991	-0.143593539708814
0.0984915761477798	-0.0857290123004366	-0.0615794915856868	0.125963632008061	-0.134826535882481
-0.170360046446803	0.480379221744829	0.159343443584234	0.154568794046136	0.0389207535056652
0.141922265006118	-0.318736193999762	-0.0396622315326592	-0.458907753586466	-0.157521507722395
0.112548837524977	-0.0703052539305994	0.0707503716726178	-0.357553552973374	0.198339788888903
-0.277565726937416	-0.00717253041983386	0.220454440799026	-0.131278969964865	-0.11752636112602
-0.130062273383152	0.07945163333722	0.286856519015742	-0.306201252015763	-0.13900436818437
-0.258802856338986	-0.15691067017664	0.0803244743735072	0.378722370516415	0.00903721033457597
-0.631815786652276	-0.303638988612257	0.642073478183463	-0.406032143525404	0.532483887253844
0.080447231834637	0.566884299974227	-0.0490641039459098	-0.17129238846114	-0.136689799747914
-0.215541290091005	-0.280574102258362	-0.0621168920996171	0.644148304383741	-0.122830276705929
-0.549519706109209	-0.321247342410728	-0.0726265405165919	0.267747142726425	-0.14826868667962
0.361009480549282	0.376990179467872	-0.0662567428549887	-0.013847508214927	-0.133729249705119
-0.178113538692704	-0.0438239151820195	-0.0596404740647197	0.215549286264921	0.13168844521162
0.212894864115272	-0.180748118090345	-0.0719921287946332	0.0914885415422341	0.0870165375432314
-0.547346995366459	-0.309345845125114	0.3273718748588	-0.426202560480735	0.310737483165788
0.0745748838163104	-0.288933844820289	0.629009157091234	-0.0050078493388141	0.269639456390833
-0.184300488530754	-0.267308326410747	-0.0613212491129089	-0.0542123695543227	-0.102469469395668
-0.0430507316119359	0.256209997957459	0.166107147857275	-0.0738421170627019	0.094473623909057
0.088181755396136	0.010411047377827	-0.0452069443827717	0.476755851747335	-0.140158788010137
0.236490999757052	-0.00594608121417879	-0.0496392781658548	-0.159331141556288	-0.142417870191127
-0.600078043006763	-0.280960904794747	-0.0465488529954282	0.903136320994513	-0.127710516664834
-0.587977611208422	0.409099651047471	-0.0343783977121019	0.56297793360547	-0.128570213033927
-0.630657754382969	-0.296969899493023	-0.0440370243657374	-0.437045144238614	-0.15023589979038
-0.0590080372031839	0.345342444917247	-0.0530818053118338	0.130070681262171	-0.11912910781021
-0.204440561469022	0.130224412622495	-0.0479079846168111	-0.481231007398679	0.264984828669627
0.277650467803088	-0.101127691326584	-0.0361699103961526	0.2935437351022	0.0557882780463788
0.251179237407134	0.0479224391522758	-0.0507910900814284	0.173153048637668	0.0371546977011581
0.13536096133462	-0.312076285304513	-0.0535130924274155	-0.416923985787749	-0.150607676905989
0.114368494566178	-0.351164524896176	-0.0595384313673157	-0.374873959065174	-0.194698927663001
0.0979590083000121	0.138225943827606	-0.0571127221376044	0.113516246081918	-0.113759109269084
-0.563154006457814	0.115426672723894	-0.0484493511554211	-0.443939674662871	-0.156309475996825
0.16902832484186	-0.311666797421591	0.131811675966266	-0.105450190710388	0.0161765613425596
-0.447976394002804	0.0422504225408144	0.14153966239015	-0.270761206179102	0.0188977989468823
0.126644521591655	-0.321627302371754	-0.0728705496320904	0.273494440811232	-0.140441031540048
0.0716250001933751	-0.292716638309518	-0.0540222811648063	0.260610202166874	-0.150983609371649
0.249160357529132	0.0172026868649758	-0.0678096931566337	0.527100964749809	-0.120764180824528
0.0624127287113268	-0.122687305726981	-0.0388926443301644	-0.217395163552406	-0.161957427192394
-0.552206763620499	-0.315392003267043	-0.067067613084889	0.273967652533729	-0.1359870689456
-0.149040550567674	0.364235604786753	-0.0822827307685975	0.50780022437546	0.749977170689595
-0.153915315963141	0.112842401213562	-0.0659309742782805	0.00804968421739687	0.543577497446731
0.0843875100692336	-0.304435247089902	-0.041739442273842	-0.474306307256558	-0.137249154360888
0.340773005323165	0.29484065787048	-0.00802116316732321	0.137408414861375	0.501930564094684
-0.0933163420647765	0.584639810479183	-0.068660945601686	-0.461011689953852	-0.132238984625632
-0.386941972237398	0.0191249798132109	-0.0545652018067248	0.0358800485459567	0.00882999971315046
0.159563818591344	-0.300879067736051	-0.0690125492711236	0.264860684313282	-0.115035956008092
-0.542016915552738	0.367937893708333	-0.0586098111755695	-0.446488328140467	0.525305574783506
0.295528245892024	0.627631676026157	-0.0419004969440389	0.210168922643049	-0.140582872079432
-0.155845719758697	-0.325603094217942	-0.0569008360687559	-0.0360485367018001	-0.170174583381389
-0.637505664540908	0.39859781266423	0.358029470471291	0.0123030100741056	0.24616512512347
0.0921219363399362	-0.284267625205083	-0.0353121661987759	-0.512665242175438	-0.140338142778722
-0.567238854664894	-0.323010566072311	-0.0628029360906551	-0.0423282632765109	-0.153578305147177
0.0870966051640007	0.16605396445847	0.0404355818180141	-0.0219337653123349	0.109247672774031
-0.0677043251403271	-0.0342233744706059	0.0328001308325728	-0.0832782037540104	-0.0433741707530562
0.0559392326150264	0.107499409924419	0.354474138419761	0.638906594492778	-0.144911463580127
0.183317852294492	0.223431446900631	-0.0566738117050638	0.529866468523954	0.210611041552002
-0.00446337566265854	0.0784347834727161	0.0440524912282415	0.0593843334823455	0.23239828966751
0.0155819054233328	-0.311405121776592	0.146165340181255	-0.0268891619753406	0.271574373004253
0.0287828661205621	0.167278668020004	-0.0632154356639222	0.0691720939450623	0.439274429350003
0.30281791062061	0.364701709714452	0.132462932196668	0.099079493022741	0.0158991747361524
0.0604421670964164	-0.0854565816679249	-0.0645000864770922	-0.0747236213644343	-0.0315207692963748
0.673625269292013	-0.154316401371103	-0.0698431310011351	0.154868546158051	-0.1377522245962
-0.0599949835884077	0.0882235491802793	-0.0585822719379957	0.303325533048994	0.137107032907823
-0.314502788098742	0.79264510510266	-0.0585746641338651	0.486596145791363	-0.157148254162742
0.124154230416667	0.378071643061954	-0.0584704119469452	-0.380878775835665	-0.165307836552216
-0.27198016855028	-0.303122861898575	-0.0703277777917668	0.122533492287139	-0.136561605281058
0.153733295336455	0.388298243012621	-0.0643864930595649	-0.0153120255074474	0.289392125126088
-0.121695107068887	0.251887018628234	0.0497947094802376	-0.216481447817628	-0.0363892901516987
0.0853692244134929	0.397452081708192	-0.0521238233385904	-0.303759440470674	-0.141350206168845
0.152793296249384	0.397870100406006	-0.0703148431505811	-0.41620810247668	-0.123382839228917
0.228445207077571	0.00575096688435345	0.00126345249378258	0.00311626508235576	-0.0747604861174191
-0.0340622737301493	0.0355932878284515	0.124565661493461	-0.197863002106796	0.332591538538275
-0.151843225068831	-0.312260599150476	-0.0640926250080396	0.340596270783637	-0.134894519100693
-0.098017207847434	-0.308517907415223	0.107030429275536	0.0123686421844583	-0.178074380234236
0.127729570638959	0.040503286306656	0.33531834692935	-0.0336942998695688	0.491704386899617
0.124782416147292	0.0920990653659485	-0.0755100302047677	0.0606021555300659	-0.151139367381795
-0.399967368239116	-0.160509349956215	-0.0668832647514866	-0.110038701147919	0.147557421912649
-0.0620838635172808	-0.0178087398177415	-0.0573717423337672	-0.0865459708569588	-0.174123452831964
-0.618179173102089	0.382319584800304	-0.0493229163141071	-0.430484496340083	-0.148667451405251
0.259723560460122	0.341386366090348	0.0450356346663267	0.0121485725251584	-0.0229564831609184
-0.167680368918159	-0.343155787720617	-0.0628250076673077	-0.368755892666818	0.225973690421528
0.304135071040436	0.4242874605554	0.352240951178169	-0.449611134205117	0.255184009233867
0.147225959417154	-0.331500693931617	-0.0735527458242805	-0.420426913291076	-0.154412683851632
-0.21656029928552	-0.282904543492926	-0.0500571594414426	0.227241510757105	0.271252923492942
-0.612900507107378	-0.287930342572899	-0.043840395850403	-0.458126970687519	-0.132281739298356
-0.560588101184828	-0.301638232568238	-0.0638817895333773	-0.404766679527662	0.549120831563289
-0.400324654144363	0.12649612798568	-0.0509131394568642	-0.0566549837384782	-0.153483405587969
0.135608647786891	0.794234744650866	-0.0556766843373601	-0.450259240192443	-0.149859023487243
0.0965825073705922	0.117851830199183	0.635379311630801	-0.06314027541472	0.277298377272273
-0.0809142632993112	-0.158170054587793	-0.0618220000489722	0.0333962405357298	-0.163320260906269
-0.564553656681542	-0.0953297188604021	-0.0575411017530215	-0.00916346271242443	0.53790361492519
-0.587059064386431	-0.280000111423265	-0.0605323141350234	-0.479278531075758	-0.0868447028056752
0.499811627544542	0.430012226873094	-0.0492790167875448	-0.489674193843051	-0.134331309125946
-0.54779076901187	-0.314785686864156	-0.062954342827219	-0.415661386145584	-0.132230168622402
0.329228594619252	-0.0688088070670436	-0.0687714194374406	0.231590483365913	0.124334670433276
0.0870062351600912	-0.277239939055683	-0.0506591083135838	0.246358608224237	-0.12923642707237
0.391343233566548	0.257104212758009	0.239087868992776	-0.206743388000996	-0.126858370324505
0.302738769220226	-0.281219336129908	0.348496013954067	-0.0193728231530481	0.27207856613884
-0.021218853656118	0.219765533577379	-0.0332919857394706	0.200655501699816	-0.163396377963082
-0.0147742435470082	0.0436159452615736	-0.0367706968858648	0.112549020641271	0.0475256303959476
0.338587102067012	-0.166456026603167	-0.0534767683780714	0.0680405116167391	-0.132341371842094
0.0467333666997936	-0.283709047227348	-0.0596867335236569	-0.249653754063393	0.0520742443567175
-0.547548338810353	0.0869823888727396	-0.0650904058994981	-0.0305226017711204	0.297528892624396
-0.340684970662225	-0.312114109429123	-0.0597201676510971	-0.425837454758104	0.340521777816986
0.0887455234019381	0.130138449122299	-0.0563506999663969	0.451260162526267	-0.136757705720455
0.135304157188561	-0.324741227401099	-0.0624277572010783	0.676400501365559	-0.153584766040065
0.131719899927876	-0.337789067514245	-0.0326410010945329	-0.0325588019245647	-0.173060740427856
0.47157678041939	-0.0435023796936485	-0.0331002832222129	0.0759933117812238	-0.17285271158392
-0.51149212875426	0.185276435107479	-0.0758392236450873	0.319732748913613	-0.0810600929175615
-0.380388766747724	-0.0361453075753252	-0.0480658418214256	-0.0881421752087834	0.273069885056855
0.091488801851184	0.401057701696692	-0.0384194674648658	1.13590409940205	-0.119492635024495
-0.572794467435217	-0.340346071701715	-0.0653617284115162	0.277065655375025	-0.174969839872813
0.469674751808356	-0.269937222472537	-0.040987891694831	0.202745448673646	-0.160236436542775
-0.137850412047519	-0.311161285499905	-0.0684699767799999	-0.00833413245719431	-0.121097749167541
0.141498659245069	0.387608737185925	-0.0693814616036376	-0.411334544723507	-0.13598381013554
0.18375349503276	-0.278978957790441	-0.0454282312776964	-0.0323608463995579	0.249576837838478
-0.574905862837318	-0.320235918419577	-0.0707062035162993	0.323177045082376	-0.140629771715252
-0.608210112623092	-0.279765131255412	-0.0526142259557942	-0.459482173756213	-0.116770591429582
-0.552845017353361	-0.301872598324757	-0.062257538731647	0.706442168160012	0.54316778012242
