ARSA	C22orf34	CHCHD10	CRYBB2	CTA-29F11.1
-0.0202239872738177	0.00501510095558757	0.00394233393340669	0.00418115105763295	-0.00448104572496247
-0.0140418664033377	-0.00518996804818843	0.00248391143013728	-0.00420742588874909	-0.0367118768167487
-0.00599387207125875	0.0210183674288206	-0.141602017958211	0.00193458127027846	0.0140411871824526
-0.0185798432509956	-0.00264337901162773	0.0283015221068805	0.0158288241506828	-0.00146147510675006
-0.0134100136113725	-0.00723330201688299	0.124773324194718	0.0377406829948032	-0.00855428187624075
0.00812765424109093	-0.00509118263079273	0.0214855452804792	-0.0032330304444178	-0.0132543878693735
-0.0241791604221801	-0.0071538931285506	-0.0173892415167588	0.0365152522836689	-0.00605449914342271
-0.00499028525573527	-0.00629769830189982	-0.00169686290210553	-0.00474293406448699	-0.0281614111408499
0.0210042807865286	-0.00639820509513028	0.0122528558314747	-0.00336175705891565	0.0285809645862613
-0.0151540130860808	-0.00757006975333896	-0.0970527674272668	-0.00358770609590022	-0.000269286210227364
-0.0245709319508318	-0.00716699064709197	-0.100596059027406	-0.00444938105778791	-0.0446106513772217
-0.0134934039935269	-0.00807611998834269	-0.0247860743068524	-0.00416875041948168	-0.0106734120645406
-0.0239673433943727	0.0799654678890905	-0.0397831805942306	-0.00372918227974843	-0.0449015763762078
0.0137439983661972	-0.00726730945576318	-0.0890862731115622	-0.00371430249272493	-0.0345697317660166
-0.0161867644333601	-0.000163481595890937	0.0607773020791962	0.00160619786504035	0.0125824784075118
-0.0186722375855557	-0.000239779751047539	0.0531365122901734	-0.00450903167966397	-0.0281891379470422
-0.00754823800243548	-0.000872133306322115	-0.0585384823253894	-0.00216142275120546	-0.00405909682026206
0.0307417368677454	-0.00644889726992956	0.114032631020757	-0.00339074422539358	-0.0321078320069415
-0.0220825377406209	-0.00759461862432526	0.0421787252669624	-0.00238020774759211	-0.0413757937363339
-0.00789130659280412	0.00353291713134091	-0.11315430434707	0.0085863301554878	-0.0225011262673451
0.0303668382508889	-0.00696552794728331	0.0786605712498608	-0.00238256552871173	-0.0463822509361512
0.00808129781094642	-0.002085061373663	0.00732208280920715	-0.0048094722534941	0.00169615511426172
0.0339481193794263	-0.00636348065142381	0.018847500672603	-0.00207183706438776	-0.0548961429781027
0.024833066317195	-0.00343937343917668	-0.0758244045546241	-0.00403837815598684	-0.0387517706573813
-0.0108947485795198	-0.00667315651180583	0.0413285005991834	-0.00212634743140307	-0.00304870020046358
-0.0140220169796358	-0.0065252552296951	0.0509510619984605	-0.00283334201373906	0.0081822738138041
-0.0024056494240803	-0.00723141010434164	-0.124909635616513	-0.00345687081564315	0.0165078901405287
-0.00942233876925972	-0.00736232398645825	0.0522270207880117	-0.00334201610509702	0.103316597344195
-0.0219057749684379	-0.00761483792834142	-0.0987679854496253	-0.00246453277579202	-0.0341892565546885
-0.0197394770203653	-0.00562587035572497	-0.0670166835685023	0.00190112731784488	0.0139852490173464
0.0240817367122936	-0.00093709034006682	-0.0118819486786568	-0.0038590664155896	0.068265979174812
0.0203754324195275	-0.00675364987427219	-0.0881447128717872	-0.00249931079594974	0.00137381913339178
-0.0217561720754017	-0.0085060562582037	-0.04746298383752	-0.00370762034747823	0.0153284154560571
-0.0145300100294949	0.00545559883058079	-0.0511945109484428	-0.00308639340485987	0.0672051283919552
-0.0275649196580868	-0.00642146569011803	-0.0278331178674819	-0.0046780471232915	-0.00465707545947528
0.0134349993989949	0.0112161325088521	-0.0792433934493673	-0.00454837022506424	-0.0258703687895586
0.00698715823463488	-0.00781252891239992	-0.136348008583969	-0.00395297118382259	0.0164620004871656
-0.0243984339904638	-0.00486426527789064	-0.0501429755684991	0.0099766515213765	0.0414237960818704
-0.0152975531705594	-0.0071542622190683	-0.0386839050168338	-0.00292530779438857	0.0663124551824982
0.0247796060864656	-0.00778965397542571	-0.19647062501908	-0.00383682259980414	-0.0235300476950255
-0.0112333154627914	-0.00765038472884178	-0.0861581096818933	0.0303927978220113	0.0390873455608297
0.0123367687428399	-0.00889501272444303	-0.0362657191086152	0.0108862884143882	0.0445928533548531
-0.0154746572263571	-0.00683861324674847	-0.0734459023532626	-0.00185265302605767	0.0318729385245633
-0.0236319044965871	0.0109828049474208	-0.07127330924946	-0.00391114342171839	-0.00999766267517141
0.0248432144550616	0.00853010172951658	-0.0352110182237334	-0.00314431530594115	0.0454598525401643
-0.000992141612294954	-0.0021570586100213	-0.0944753975132775	-0.00209145852834665	0.0598795096167385
-0.0123665441775425	0.00766094070364397	-0.0699583178843925	0.0107586780035025	0.0203280665450998
0.00877381314595349	-0.00809254494989079	-0.0901814768660541	-0.0025026288169914	-0.00195206864795349
-0.0261979768423605	-0.00649820430162449	-0.187248710868127	0.0378271020488192	0.0126001295014291
-0.0124547477044553	0.00567311666597815	-0.0769545723082395	0.00829082602349229	0.0656333390242185
-0.0241391107798656	-0.00672343613014727	-0.112461925006512	-0.00322331005549092	-0.0485652112061133
-0.0115683434836434	-0.00698269825953212	-0.0397467816910735	-0.00288671330273444	0.0390158938148819
-0.0248376895721612	-0.00704915554913887	-0.134144525241612	-0.00278323916320437	-0.0541472459810036
-0.0251375275667801	0.0203587528335106	-0.0447667921037022	-0.00328961707520012	0.0303607851475303
0.00645908325512059	-0.00177407994650149	-0.0988891638825971	-0.0029269643573219	-0.0215248783350275
0.0162790562511351	-0.00589714259722656	-0.167519715804902	-0.00300929474205041	0.0211946751467552
0.00893413337461969	-0.00655566080815416	-0.122814296447507	-0.00306232447839655	0.00406306051829254
-0.00576704815581921	-0.0071974389674119	-0.0627118690336974	-0.00336030627208197	0.07557257580177
0.0392485909359028	-0.00725632146401321	-0.0537622274493056	-0.00231079990780701	0.0696288200728072
0.00178467626965859	0.00396809851765342	-0.0945865771535462	-0.00335301241597322	0.0107721309339504
-0.0220741306945474	-0.00857954077063244	-0.116817323624539	-0.00406677577075201	0.00415012842976539
-0.00210496348115799	0.0170905235829498	-0.0824442106144802	-0.00332969483150571	0.0191344937167166
0.012812063841042	-0.00543733623914572	-0.111309210928941	-0.00405948731514352	-0.0204017852941744
0.0208933907334962	-0.00758345207792893	-0.110037287840939	-0.00249261399236014	0.0155912675379638
0.0447048162413943	-0.00814114902679445	-0.172485817907176	-0.00369665241695534	0.0539781283625189
0.019830587810135	-0.0015270704070657	0.00810183420979205	-0.0048164967248781	0.0298434015534751
-0.0248079661780405	-0.0067746170444162	0.335240399590588	-0.00244710247851555	0.233323627540493
-0.00724751933517564	0.00999853976459689	-0.0603326965306927	-0.00349061801569628	0.00326299571665896
-0.0241420356426789	0.0162979134092749	-0.0837048893935237	-0.0015210004517263	0.0346295679104922
-6.72327854513104e-05	0.00434159173506034	-0.0633074928528527	-0.00494674780502333	-0.0128023438379151
0.000991926059730323	-0.00355484711674262	-0.0118915476130046	-0.00554337103739564	0.0242405697584327
-0.00838375671555021	-0.00896960507377502	-0.0379831453969279	-0.00512795220472044	0.119211379231524
0.0548713918926245	-0.00543238088759608	-0.000554063747061491	-0.00417623427162492	0.0379506255017689
0.0263835068711127	-0.00745690525374385	-0.0387232894305195	-0.00313286417422731	-0.0468974023645139
0.00567901104990103	0.00828789557890135	-0.139864921343792	-0.0026799566218532	0.0619344933407055
-0.0109614358445847	-0.00778103278166753	-0.00361757021722127	0.00375533660721107	0.0417771330528598
-0.00919956147965162	0.000574615411725859	-0.0141997648953102	-0.00477381515138762	0.00748121475563965
0.00885538439860096	-0.00789973837107523	0.0346080011427106	-0.00372386261297404	0.0197848239987749
-0.0231625586817447	-0.00759224175377014	0.0646070474771154	-0.00284838341834207	-0.0327259477366859
0.000934771545936849	-0.00782715290014165	0.0373616464627213	-0.00424456265439912	0.0781454669141899
0.0130620064775909	-0.00761985920822212	0.0395172066507865	-0.00328777275165184	-0.0514981610426078
-0.0239533875474385	-0.00740988428033375	0.320976576215436	-0.00341572802712292	0.0418525899728618
0.00865995402437852	0.000138241869760414	0.138083362338548	-0.00435591770747229	-0.00482564339386122
-0.0126602071380862	-0.00556239862928468	0.000130916917096655	-0.00264845276893435	-0.012170671751365
0.00855347866789869	-0.00802037391242181	-0.00623366067208061	-0.00341060700708752	0.0182023486277859
-0.0102310820779955	0.0275842852667761	0.0221103254928318	-0.00326881969836974	-0.00025759083796523
-0.0112340493237187	-0.00765399589284496	0.10702585396343	-0.00342315535849066	-0.0204909285934209
0.00657709361276306	0.0146086275188564	0.122361029578716	-0.00325018236086006	-0.0229274036958397
-0.027054188194808	-0.00609856445366689	-0.0575893014954412	-0.0035597360333407	0.0569007571944749
-0.00862194567663518	-0.00716418375004771	0.126509226066239	0.0055405748912773	0.0245507396882566
0.00219373448418105	-0.00775280560166299	0.0233286988083791	-0.00304947195448037	0.0589801141389372
-0.0124307265868764	-0.00816551651347774	0.238127514370602	-0.00393813218048403	0.0183133687889561
0.0437280231777252	-0.00721276375054998	0.107762626565062	-0.0035356783153931	-0.000115889622493869
-0.0230673680544262	-0.00852267422859249	0.0323245145833478	-0.0035033597452174	0.0148905341527441
-0.0230183314603855	-0.0068093965566265	-0.0347414916998817	-0.00231842681366171	-0.00205973497408227
-0.012938508488794	0.00984833475879314	0.0248631230800131	0.0256708701605047	0.0296357504390125
-0.00455292939744586	0.00386306986986755	-0.00049754413549934	-0.00328054998160131	0.0365962194861566
-0.0160658652520179	-0.00729636100989278	-0.0558913122384476	-0.00333248276801875	-0.0148371499413333
0.0105839372305837	0.0161931000724473	0.0730043286343322	-0.00261922010272135	0.00396672603575557
-0.00170711369225772	-0.00686364777177119	-0.103487517851255	-0.00201386971843212	-0.0322338867326116
-0.00380907592287827	-0.0079624419686808	0.0296524165168447	-0.00268522824364768	0.0383888407825725
-0.00304707907258617	-0.00730056934801461	-0.120269200928914	-0.00195159830216832	-0.0303555640042657
-0.00893275854179728	0.00243448682785066	0.0823116962170557	-0.00395764322423631	-0.00592151640960074
0.0129619193995457	-0.00705667483290834	0.0659512029786318	-0.00358646106325588	0.0272578244306211
-0.000366780013579406	-0.00722548047748337	0.126487404620333	0.0223577352624847	0.067218980974838
-0.0129542460277072	-0.00683692370856937	-0.00538968599210186	-0.00309587959515821	0.0397668612633701
0.00390086965973918	-0.00802294557174484	-0.0523260747697685	-0.00353294155791158	-0.00890635247786218
-0.0272710765455122	-0.00521547953340761	0.0950689814047309	-0.00369220383174266	0.000885350554250337
-0.0163594403067804	0.00357704207408894	0.0435192611263056	-0.00324187794980468	-0.00829074929773148
-0.0235439633167454	-0.00633188409874248	0.00423621111154685	-0.00323924338984216	-0.0230158270407946
0.00128332234122764	-0.00733433891440228	-0.104263744298164	0.00608127858944367	0.0113900044842202
-0.00305743899588051	-0.00759331044160511	0.101360097220078	-0.00359635119891551	0.0119393223990351
-0.0188303162963694	-0.00440480719107726	0.0443876662708963	0.00504235492766977	0.000959970765054285
-0.0248558813072507	0.0220257497768662	-0.0643397346278528	-0.00413252496333164	0.0180401635545679
-0.0215533764474353	-0.00792505640278402	0.073462886632467	0.0151271258314318	0.00054012163876699
-0.0244024950140201	0.0500198711727162	-0.00914065256013543	-0.00397304240059683	-0.0196616345256455
-0.0271272221017597	-0.00671825788050649	0.264983373315011	-0.00378532093691547	-0.00212541841704542
-0.0242495547833598	0.0180424191993361	0.0368747007695142	-0.00308491082527584	-0.0307609341537593
-0.0250031288453264	-0.00740614995842343	0.0523874263274093	-0.00420488992678689	-0.0429821993192659
0.0387873311843732	0.00378804957688644	-0.00846816180068081	0.0505533704173319	-0.0104039959890294
0.0277306454523959	-0.00713820636816476	0.0171528405348575	-0.00299520883738309	-0.00691229986284208
0.022865655890895	0.0278290945655493	0.00678710188596262	-0.00335642407505524	-0.0555023989921285
-0.00754674024829061	-0.00772878411806337	-0.0498129252071634	-0.00379243317885646	0.00365679631470476
0.000932547429042405	-0.00600558446450328	0.097871738229341	-0.00368782615674208	-0.0252417254444629
-0.00448080560285365	0.00900991757552615	0.0810201075080726	-0.00252811053621446	-0.00060655984401301
-0.00657095968731549	-0.00829372209219921	0.0566578618467648	-0.00566200603847181	-0.0175174441119674
0.00210345976215031	-0.00865294784703727	0.0599874260967703	-0.00375384935314016	-0.0057351866712975
0.00167155865196335	-0.00794703946819956	0.0584248988600105	-0.00344466369855495	0.0330626380890402
-0.00474944396033949	-0.00825653372704121	0.0952676180686626	0.0175719677052109	-0.00959635386359021
-0.0120265136079779	0.00321384185425487	0.0374654562007783	-0.00180448906276848	-0.0395445278159809
-0.00527305301472202	0.0100992653956914	0.0383676427497155	-0.00353666547648681	0.00987189292122604
-0.0283058984411096	-0.00850599210459359	-0.077083881686531	-0.0042028108699639	0.028366169337376
-0.0263050921616094	-0.00581533594908308	-0.0209999445378861	-0.00349530462494355	-0.0500914953273035
0.0409025506387483	0.0152685875936873	-0.0294652286192978	-0.00388306530605	-0.0527682565110079
-0.0255274052072003	-0.00633008733288387	0.0744369013167833	-0.00446173466470617	-0.040806100322001
0.0178931151336877	0.0128441799710928	-0.00935726239206603	-0.00411519752054666	0.0409513259861407
0.0320275295238545	0.0127779949265951	0.016994101579351	-0.00315984924090728	0.0223216818380362
0.0105521639832054	-0.00883618381505945	0.0798122870790485	-0.00396858632023757	-0.00506155657957615
-0.000363461339591576	-0.00530155958499398	0.00210093144331056	-0.00385124811102745	-0.0319260816305127
0.00356513416274313	-0.00561392335625277	-0.0277437434169406	-0.00360975508831804	-0.00566398934840471
0.0404834468038055	-0.0071638655530743	0.125057911198586	-0.0037938920552186	-0.0353502891020088
0.00610594477468202	-0.00798133117767961	0.0575799625467555	0.0289306086706634	0.0325911588081953
0.0285132866416512	-0.0074141276265364	0.0487838258184311	-0.00319300625737541	0.0491339954665583
-0.0163998079856783	0.0019432691591224	0.0151532621046483	0.00629173752959625	-0.00915501948178105
0.0353530159628851	-0.00702766761192982	0.0906100708455251	-0.00339048560579211	0.00597466995615198
-0.0268001742373142	0.0135622682486467	-0.0660220319394879	-0.00404529617022365	-0.0108678867711536
0.0206950528078317	-0.00521536052267768	0.118428514444181	-0.00342181740811333	-0.0166602025186971
0.0102003065172934	0.00255438421502079	-0.0622176101907468	0.000882922218379154	0.0237154108669994
0.00460529627635446	0.00828167730046475	0.100225718935029	-0.00454555815868943	0.000700211469274423
-0.0149153005543278	0.0165855440192383	0.0416974346417776	-0.00332848127662745	-0.0178922768401972
-0.000701971749496841	-0.0049343890253939	0.135606243051717	-0.00352855765950244	-0.0174372338432224
-0.0226034144004499	-0.00729047209437389	0.00858619040562062	-0.00280186377971357	0.0323247269010143
-0.0028022674289088	-0.00754001536514923	0.0111451420218821	-0.00438230717763692	-0.0115582617312723
-5.25044593095444e-05	-0.00730879061131237	0.051483544044229	-0.00269280515564533	-0.0247866146462001
-0.00763337442147802	0.00591796727031253	0.0284316355525221	-0.00314758309315088	0.0169416750293294
0.00447256606100402	0.025710205946309	0.174233138080208	-0.00443791809746039	-0.0474269827363179
0.0389769834002658	-0.00912141970569488	0.0472373021445356	-0.00775918763912077	0.0477834578755779
0.0612751539153188	-0.00714701517681421	0.147697014057567	-0.00472434599159971	0.0243825100997134
0.0126573668408388	0.00614672213705215	0.0398075444050492	-0.00404903441565501	-0.00875028790077424
0.0181870023737189	-0.00602228540379984	0.104785496536158	-0.00432024561034407	0.0381743431988312
0.00275500323602177	0.0100225328493903	0.14175353314933	-0.00384280492846853	0.0344785000607663
0.015307162606307	0.00961100920436729	-0.00510227111144516	-0.00381534752481601	-0.032529459297326
-0.00719067350503088	-0.00747107567545937	-0.125613017422221	-0.00348176838997257	-0.00324216977938535
-0.0271414957060931	0.0145218516241239	0.0049366745707069	-0.00353143781130275	-0.00886723514435294
-0.0287080121404101	-0.00823961547993139	0.0663789827887102	0.00570978373098809	0.0301450193890169
-0.0103778787211343	0.00652176322755249	0.104258448405968	0.00260498762214426	0.00931111794728483
-0.0242853413183207	0.0320268974792255	-0.0495332882811377	-0.00317011734578407	0.00217333115630486
-0.00166069621250224	-0.00743857280070336	4.07850736020879e-05	-0.00372088161144959	0.0278499408673623
0.0361645008489812	0.00438041664713913	-0.0100894538330597	-0.00453534000325965	-0.0278123588506618
-0.00353702613050885	0.00627641709973366	0.0617506786780332	-0.00422037301884284	-0.0338322526298222
-0.0139709306029899	0.0210081441598754	0.131312991242988	-0.00383935331735544	0.00322393444276227
-0.00192273447918439	0.00544127263658306	0.0557010793753922	-0.00427894960736464	0.00240984738753517
-0.0234182410716749	0.0268215380329929	0.0939557120657561	-0.00337862468407843	-0.0125801667981752
0.0291454208118584	0.0148796640457713	-0.0236261779511216	-0.00339614483090939	-0.0333830099211675
-0.00361212825061138	0.00518320036936718	0.0211433314944172	-0.00411914633758373	-0.014514609665165
0.00133002513411016	-0.00796567517071111	0.0553758163386102	0.0227603504789802	0.0041700114729391
-0.0132367921055148	-0.000936848205848767	0.0575155502655529	-0.00358084585848085	-0.00669045273403171
-0.0154548243648664	-0.00604437412846515	0.0300244985169611	-0.00178349897933565	-0.0182100164931715
0.0533574036636313	-0.0071580256103489	0.200759702780834	-0.00343952366801035	0.0142348538567613
0.0142255597519521	0.0119051238959549	0.0577020793558629	-0.00473384141199727	0.00192796833910136
0.0372597514132449	0.00834738730191755	0.142165706859555	-0.00401840321838931	-0.0193652696110783
-0.00282628917438335	0.00461005261818903	0.180656277188424	-0.00321375618758329	0.0166249154405541
-0.0243115889668639	-0.00726086745478509	0.08202348020124	-0.00189659245230771	-0.0154601451197184
-0.0035587007515923	0.0033122424437194	0.0361020977218337	-0.0040332984549988	-0.014316898020426
-0.00381221771456663	-0.00669792731830505	-0.0482949352907118	-0.00352010395704023	0.0113147175917097
-0.027109588308004	-0.0060161467422579	-0.02798509507307	-0.00342923358582669	-0.0503664806351352
-0.0230324833076484	-0.0075567436247856	-0.0185941502570613	-0.00313298491459394	-0.0455766426269646
0.00802110364001644	0.00188546455241499	0.125550840358611	-0.00402073149362251	-0.0124361480450708
-0.00790495507707735	-0.0081043688117693	0.0161051303530463	-0.00443834894980377	0.0028938615667924
0.0228416328351663	-0.00684391942902313	0.0889216804904602	-0.00155093327502319	-0.00930395073280001
0.015725520055233	-0.0085282365643532	0.1199158245897	-0.00357191553110228	-0.00532628820773108
-0.0259439829817297	-0.00680727996426696	0.227818768746713	-0.0036666132357389	0.00694511585966723
-0.0244736746591192	-0.00742915580968031	0.16101404066285	-0.00278965166157001	-0.0324122011607002
0.00291890057732954	0.00205204663787705	0.0878972323784594	-0.00338277851395832	0.0599188261294044
0.0174396741761885	-0.00545621003624592	0.0398774241592951	-0.0036667704521206	-0.00638618516574436
0.0393966423822624	-0.00824323605338828	0.175868580107206	-0.00391699872240919	-0.0202547210028914
-0.0246055633644114	-0.00776003927633871	-0.0547411852149619	-0.00341487467054966	0.0408436390076057
0.015771840472564	-0.00799903791203758	-0.0192552148689655	-0.00551780528432151	-0.0502112658028986
0.00391370468613733	0.0347150521479782	0.241870489497872	-0.00354552836539695	0.00773282404622994
0.0130093499713328	0.0620853224665302	0.257604379469568	-0.00166847517956516	-0.0473335281596292
0.100269297406795	0.0260303946432788	-0.0455405398437106	-0.00212314704111567	0.00989605611755512
-0.00724229479038597	-0.00464499297965574	-0.0185931010919903	-0.00333378602715955	-0.00579377795054966
0.0396427359095155	-0.00867875153707677	0.273092857618271	-0.00485580523116947	-0.0411255754954606
0.0362263517134976	0.008454523326092	-0.0792493633980582	-0.00193190936968027	-0.0390047488456596
0.0156423951754043	-0.00631806185819709	0.0773787025751064	-0.00298313577921569	-0.0533799767823297
0.00640713376489703	0.00882272005652223	0.0116017338423388	-0.00305668233733809	-0.0361768968233725
0.0253955051514101	0.0187383057339202	0.102360508495867	0.00981051685879285	-0.02644340875769
-0.00613414109799635	-0.000997073560479729	0.0859525555053741	0.0100201714333374	-0.0222157891274826
-0.0257282766849881	-0.00825725518239564	0.00725505210851516	-0.00416193705258863	0.0252206441272991
0.00857705609055539	0.0084377159202142	0.0869184008245121	-0.00364479646993608	0.00307847792902371
0.0337507762546731	-0.00724262421676255	0.0620905764785829	-0.00402243262677645	-0.0528112013009996
-0.00581474020763294	0.00569541164593672	-0.0566248940772141	0.0164755358031537	-0.0360988323280723
-0.0272375499229486	-0.00873736770612256	-0.00552598171578671	-0.00475360502258087	-0.051574511801296
-0.0120418221300934	-0.00799992936858223	-0.0137313854462651	0.00926294190068167	-0.0233822695209313
0.0471806816244845	-0.00489949137314603	0.020843599734272	-0.00316316315398325	-0.0489931733833645
0.014139480176478	0.00230308008351483	0.0908422594808623	-0.00247288765946268	-0.0277169919836387
-0.0275308471399655	0.037966936379782	0.0419941592126947	0.00366991116555489	-0.00369177015445255
0.00833507408727395	-0.00754718254515043	-0.0104946813760708	-0.00295601915475942	0.00326243747810547
-0.00335380193715163	-0.00842478278587917	-0.0500983637256812	0.00140205876962027	-0.00780945452435153
0.0370331216735409	0.025005323218865	0.126675657221744	-0.00468415793072377	0.130845817479159
0.0462023238721283	0.0108435861454468	0.0130716344809634	0.0144111631179283	-0.030913701327532
-0.007495349177228	-0.00754137589243998	-0.0651210163219924	0.0144714114927093	0.0363364842665108
-0.0121165658557537	0.0348940244106444	0.0268317754553788	-0.00387862522840463	-0.024370409867932
0.0201449913804376	-0.00397091341121322	0.109212755425155	-0.0041119162235398	0.0477121927792018
0.00338772714873398	-0.00493812518080004	0.0200286447127472	0.0169605952697657	-0.0173191199588272
0.00430613586221327	0.0189357753022419	-0.0459815077481597	-0.00313431014099075	0.00406467452710401
-0.00102555158540897	-0.00707899379758818	-0.0588417399366304	-0.0031457482477314	-0.037182081235948
-0.0245165486470443	-0.00510975253556035	-0.174065392399245	-0.00303036610284513	-0.0419799236075064
-0.0121933493796781	0.0201040752013293	0.118582561993169	-0.00266506257686993	-0.015758483614612
0.0199404726391351	0.0046595543930922	0.234388690399077	-0.00185872387789587	0.0378326696930078
0.0332081336093202	-0.00753618944049313	0.0837971512189432	-0.00266458550185033	0.088463806604936
0.0602154199820804	-0.00736069441710413	0.068935168473761	-0.00300209177727737	-0.0466026525642727
-0.00839790844587011	-0.00683780328567673	0.0687769080930491	0.0129754760017913	0.0625502194712992
-0.00692888357250938	-0.00799705259947822	0.195309947637099	-0.00432671711423252	0.0349174420496635
0.0438325358328462	-0.00665865350203611	0.246031426234627	-0.00314004339334617	0.0473495661110018
-0.00923194675374672	-0.00676110668177993	0.0689151011332938	-0.00223250297356418	0.0199848351537243
-0.0089317928744002	0.00038930110628508	0.160043120630112	-0.00389102404183411	0.045806284733455
0.00718088768640252	-0.00476374737270884	0.205168055979227	-0.00372397948964217	-0.0135022634366671
0.0879315254609042	-0.00553031923609893	0.227343917149701	-0.00359572416922055	0.0903842823990349
0.0518439045675368	-0.00758905348973636	0.147999357917223	-0.00312594564304318	-0.011390050509797
0.0291576275872127	-0.00717912813110723	-0.135728362133058	-0.00413321096822386	-0.046761046899064
-0.0154201020847292	-0.00778584068020048	-0.0931359478063999	-0.00277367097367098	-0.044226564144288
-0.00722582982852328	0.00836837151881383	-0.0424477254553342	-0.00323725750591246	-0.0473442997857459
0.00862885288829826	-0.00740923151602958	-0.162047473014851	-0.00455848094411473	-0.00450358926119481
-0.00056244046612277	0.0118343353988443	0.0416779827775077	-0.00346796951020551	-0.0345118289383443
0.00439587742028664	-0.00870165449564153	-0.0510083971280124	0.00524883854760067	-0.00239248772115852
-0.00848448923588284	0.00793464372552178	-0.0906641543581493	-0.00357150087550951	-0.013640911494475
-0.0147598620079224	-0.00652543548217421	-0.0930341134064815	-0.00217112189954883	-0.0157934570760067
-0.02345751145744	-0.00687645594900093	-0.0908824629723964	-0.00348943265959834	-0.0286184557804254
0.0123526363190463	-0.0078275823858115	-0.0610717344100297	-0.00337405376017937	0.00595549100595041
-0.0252771828609302	0.0180485622768482	-0.0609688593211108	-0.00305891283910763	0.00816570926366917
-0.0235300193889999	0.0162155786583784	-0.00764668227373392	-0.00171817515231884	-0.0319748881895772
0.0481965054690838	-0.00548618234497991	0.0605322897339185	-0.00325999368279723	-0.0244986346348983
-0.0263708542857385	-0.00735768547120124	0.0477531614912365	-0.00639386956756527	-0.0378449431787008
0.0230348483022457	9.28319695816293e-05	0.0206960971391883	0.00447367581376547	-0.0231132761895486
-0.00608754326588099	-0.00797573561413906	0.0191866394601943	-0.00386185249096687	-0.00590268539393111
-0.00484415527519806	-0.00205556398344813	0.00647088465615784	0.0100730985236817	-0.0166800274176748
0.0113393499287647	0.0129629445623753	-0.0123395736563332	-0.00374420115793175	0.0624718537686643
0.0145393134808548	0.00268495934943375	-0.00557454583958488	-0.00251789237618203	-0.0338042756251941
-0.0172158402258579	0.00174877656969632	0.000966584671090252	-0.00280213174055456	-0.036717168886969
-0.0267469966344051	0.0224205199750487	0.123898485039509	-0.00321298669350329	-0.0522454831871672
-0.00469268404438159	-0.00817155301138397	-0.0287895613901219	-0.00445440810221369	-0.0201540611547824
-0.0186293526467818	-0.00023326758158019	0.0731929626799335	-0.00328967549058278	-0.00785643468050062
-0.0120346233594934	-0.00677253515019892	0.0138437601016813	-0.00363878585548618	-0.0127337685913066
0.00400320021185739	0.0084631991284789	0.0755768237701502	-0.00327334463092956	-0.0166191496875113
0.00382584290236806	-0.00679613695460788	0.0164910991595945	-0.00254826569072794	0.0325931217017691
-0.00743562841897814	-0.00811281998064346	-0.00307254162720968	-0.00299484739850864	-0.00802312671844913
-0.0125663612455174	0.00842335209741533	0.00551307248469901	-0.00393267297627808	0.0119359101399053
0.00678658263536957	-0.000854604924067546	-0.0207757215511511	-0.00491965549148092	-0.00301572522697198
-0.0140466411366692	0.0124184646631285	0.00865128958084961	-0.00310472303113846	-0.0274885945483931
0.0173312417510507	-0.0018067110755503	-0.00169900732521625	-0.0029609197250554	0.0191753490302393
-0.0230485400634648	-0.00833071356566503	0.145255861952582	-0.00355232505321885	0.0118357201968202
0.128893308635226	-0.00784487348445317	0.00619114359024534	-0.00428010306017437	0.0361147142445879
-0.0128142584655216	0.0149563273040213	0.0560316400417547	-0.00334549789775908	0.00564699348911051
0.00180285390859776	0.00604215416154691	-0.0528405429824604	-0.00393326822721714	-0.0414656232256946
-0.0266407069450119	-0.00594601447264604	0.206907490232695	-0.00366855021730026	0.0267173203466412
-0.0119972364609306	0.00783505615986222	0.0665125185668046	-0.00434759959489758	-0.0330597518550396
0.00262321109605778	-0.00818386916699796	0.087263294821378	-0.00563565742506432	0.0616106058360317
0.021906264954624	0.00681926148660946	0.188793624193885	0.0714785215111741	0.00298546895845535
-0.0256178432623476	-0.00685126419548571	0.0243017865353484	-0.0036624554018409	0.00699806678642383
-0.0136814161949941	-0.00722588808187313	0.0933970833729207	0.00783795695780262	-0.0216798316509915
-0.0184262130502832	-0.0076287135153549	0.109015043561966	-0.00624012262921788	-0.000214159362987228
0.0025151942076316	-0.00827899735466079	0.026290175764251	-0.00493478507091874	-0.0233157689347136
0.0112247018192528	-0.00560535270648944	0.0531046756496937	-0.00320548328836059	0.00109484870961221
0.0168411461830957	-0.00848569306472646	0.131388553712441	-0.00370197002538454	-0.0109809068916937
-0.00475628291092684	-0.00732205085153113	0.0541825477958648	-0.00257093855024014	-0.0198266548299519
0.0064130309655398	0.00510529221775719	0.130630095754843	0.00721521425698305	0.0363686648568818
0.00193812832779725	0.0178684373480023	0.0213289001055368	-0.00322240350554986	0.0187249458566324
-0.0268941247594987	-0.0077871490600589	-0.125580667156625	-0.00633864629857053	-0.0217275504248945
-0.025041473304586	-0.00792002338739176	0.0370931149755418	-0.00316970814999436	-0.0547632606961626
0.0178812949888893	-0.00603703052053082	0.147837449950815	-0.00394196427468958	0.000598453269063435
-0.027269508626153	-0.00688045719887476	0.0505453017139678	0.026493907053607	0.0686366936335886
-0.0255710295121884	-0.00795284114914226	0.0340158406289167	-0.00325771970065467	0.0810297160489261
0.0743757886576425	-0.00768693280642398	0.2314559975858	-0.00391764159859186	0.0469155221239319
-0.0274531086501771	-0.00390588938935796	0.11175961868473	-0.00328549132169254	-0.0149992497405075
0.0145643957555866	0.00259624369218955	0.144380281347606	-0.00200658158163547	-0.0174558518159949
0.0309216481324132	-0.00653663151302045	0.151195738367543	-0.00197456993241957	0.0541385535723553
0.0104840321824554	0.0262186801074119	0.194410134624129	-0.00334344620862079	0.0206148414668713
0.0144697895756337	0.00595132712221228	0.158922322713802	-0.00279840821172201	0.0221745294554378
0.0395598269375529	0.00798683046011867	0.0526178839668731	-0.00325280868232524	-0.0327572127146037
0.00661239160528128	-0.00717009442438148	0.367839059721783	0.0918964551268418	-0.0226811075836839
-0.0262187168037729	-0.00830473233164631	0.13407872438028	-0.00441488165323343	0.000872367498664386
0.0173158961846706	-0.00590669443531394	0.0830547297265434	-0.00399317145270518	-0.031465646783386
0.021417070547367	-0.00660576819595386	0.245513040359871	0.04378625276211	-0.0360541939111832
-0.0137519414377495	0.0152451113476902	0.0842349461064186	-0.00379119995542414	0.00500168444184444
0.0217068104836087	0.00900076115098034	0.200468569073096	-0.00296405855894318	-0.0368485841126206
0.0136768406981499	-0.00734527953726803	0.122400433675762	0.00696821187190182	0.00878540107599465
-0.000609995727201837	-0.00705436379733571	0.278538333947827	-0.00319213237630675	-0.026309381234815
0.0114737595495665	0.031324442545508	0.132807396291802	-0.00288874711793556	0.00504110505007459
0.0274398530487938	0.0133012873683996	0.109126409279741	-0.00356063884488657	-0.0117716415198959
0.0513428951823338	0.013288411608747	0.150613157628175	-0.00280286635956991	-0.00716057476261353
0.0407908714773821	-0.00711552548769932	0.117031031383978	-0.00240228336860809	-0.0573343457231455
0.0443983202890564	-0.00575649986708784	0.190191496768795	-0.00313187268697597	-0.0282335278837805
0.0653209875250562	-0.00749781022651235	0.169632391781416	-0.00364199591927487	-0.00469951771633489
-0.00321979460724271	-0.0078457915350532	0.162400244880771	-0.00306914284577812	0.0172255782785357
0.0184580015970508	0.00361743186606973	0.0561519680533899	-0.003121460286201	-0.0199699927825339
0.00468448584901573	-0.00657115670013414	0.113780980176779	-0.00222298378996511	0.00533331769634002
0.013600968635155	0.0103626835927608	0.118626400683294	-0.00380012069971243	-0.0291167252054359
0.0120636141032153	-0.00733977891051303	0.198544477728218	-0.00362094566428573	-0.02679716039831
-0.000152017521118005	-0.00783392052220606	0.184381856650204	-0.00388234429602224	-0.0440992108868542
-0.0120905005026047	-0.0086204458468428	0.0985526150665255	-0.00411981034370381	-0.024732773050669
0.00974080521989096	-0.00634416147692273	0.109611809825661	-0.00361105259435587	0.00330298553741096
0.0183387814693295	-0.00924114216931243	-0.0266123731502739	-0.00587660424670692	-0.023187778187251
0.0433669433328398	-0.00460571149078282	0.204313688804115	-0.0038014874026433	-0.0410511660680893
0.0503469926448258	0.01466089531364	0.123103333728795	-0.00347972595599103	0.00890688801935528
-0.00485922661787791	0.0130718018248001	0.162295717250818	-0.00260534821334884	-0.00560858564143872
0.0588595634881721	0.0104911218185352	0.0715216581038079	0.00446278653084486	-0.0246362398335838
0.00351345019615568	-0.00720942065145814	0.0181710971701761	0.00811196051598703	0.0471204653103757
0.060654635132106	0.00762237002729744	0.0325127602501566	-0.0044756401052772	0.00216597070299808
-0.00593898032109628	0.00169755305975414	0.106823978479316	0.0148734169018653	0.0400291050271002
0.0338370736348039	-0.00766268927763619	0.176535403796774	0.00433503917096209	0.000273815455389198
-0.00211062833055943	-0.00761445708318856	0.0351133075769103	0.0175617245811808	-0.00494590509074625
0.00543610231827879	0.00330278835297663	0.0338089007932924	-0.0034327654344414	0.00631160619752943
-0.0229722670700859	-0.00809915854792477	0.149879352147773	-0.00431355968012762	0.022154954466414
-0.0228319342683676	-0.0069173303118438	-0.0314616380128856	-0.00253590738048752	-0.017697339626673
0.102340837269749	-0.00640673922313526	0.135546384427951	-0.00263762571526948	0.113862317576381
0.0468576455409638	-0.00715985540943479	0.0379245668464689	0.0147340880372466	-0.0165584546564383
-0.0043188281230823	0.0178933824230168	0.143044132877449	-0.00458775353769538	0.0232920289453064
-0.0116161613111961	0.0476082163110607	0.0748552459869438	-0.00253703176452201	-0.0132384559937322
0.0400968281505363	-0.007079678106423	0.00805945310311445	-0.0031001592557221	0.0306841098158483
0.021257456031166	-0.00805124769232669	0.0460342942512057	-0.0036250319726581	-0.0105350081636381
0.0214596667188883	-0.00588546169851374	0.186259969931673	-0.00399439295593641	0.0435901335215825
0.00494366366825754	0.0234907434294027	-0.008938044577747	-0.00264569888684706	0.00603430375312719
0.0714305303637286	-0.00653875892178475	0.0459612263003096	-0.00304606919905563	0.021367193216199
0.00341288316483833	-0.00643051023509387	0.0412805410904334	-0.00351455855872566	0.0346333834904977
0.0638764138030864	-0.00771081050990277	-0.00385290984409542	-0.00230669471562878	-0.057263776044276
-0.0281532267547273	-0.00501710066212237	0.131320502010209	-0.00374747292606825	-0.0483124036459545
0.0451934646431971	0.0606318221310833	-0.0408470986761844	-0.00372698595547034	0.136619492322292
-0.0229969612861492	-0.00665720459053203	-0.133343522515379	-0.00321057348543322	-0.0448322306596285
-0.0025450716391804	-0.00528261434607535	0.013695674130555	-0.00347708138771717	0.0431950973354716
0.0142983188333322	0.00152768283887957	0.00405372979459779	0.00174251749824302	0.00314239805524388
0.0040005899297797	0.00127900777503876	0.0168490300779995	0.00564702677987011	0.00143375738572552
0.017978308761155	-0.00695999491683394	0.04642175579586	-0.00373034507665397	-0.0293746508346853
0.000254642399348441	-0.00470821257788252	0.0233531756958777	0.00814404896622662	-0.0275188111336241
-0.00802690391987557	0.00263335457259851	0.0414388077099547	0.0176477195457789	0.00303422796147503
0.0190852979494889	0.00124894522385695	-0.0053825785634837	-0.00475168685602829	0.0407811666726925
0.00687841080424238	-0.00407256577772504	-0.166820873041721	-0.00362484212291916	0.0846170111991459
0.0327811553938519	-0.00062729694358285	0.0173920729080435	0.00315032513392459	0.000992571853724136
-0.00942941249582332	-0.00728908700895313	-0.00930767803964293	-0.00252087131509236	0.0426103106470322
0.0166916622215223	-0.00139970020354058	0.0647723605675046	-0.00292018589324719	-0.0152920647565136
-0.00292493996098627	0.00312321211454511	0.00109351550947042	-0.00326751089224064	-0.0201646041929612
0.0199368991702505	0.00565855033136257	-0.0355774580595897	-0.0026671450970267	0.000936037198565244
0.0317169763458199	-0.00798266565398696	-0.094490920846064	-0.00376740753586894	-0.0531789023578962
0.00418477938670769	0.00676432089429749	0.0560557676394769	-0.00382190391894225	0.0145593134019577
-0.0087444458051506	0.0107955584497472	-0.0252712410954373	0.00471518044039869	0.00385188653083614
0.00150162795957552	-0.00202705896660479	-0.0868965551890238	-0.00391875747804114	0.0680542423243185
0.082103914314001	0.00712996665967657	0.047222069578371	-0.00412040984775258	-0.015832477284042
0.0041728944029415	-0.00203997806302756	0.00440561044727039	-0.00222908386047452	0.00736371052650085
0.0286693439720549	0.0096355268060246	-0.00234324997858329	-0.00386661651785736	-0.00151157148779411
0.0237913731284401	0.0052720573276683	-0.0259167451891794	-0.00387941112175337	0.0421506963479326
0.0169096495978161	-0.00849893720173214	0.138903428802243	0.00526735935232981	0.0400629283840725
0.013716739813583	-0.00658867186835734	-0.0341090002363944	-0.00293128746463055	-0.0472793447648691
0.00993295017997007	0.0193957368169717	0.0199731668949114	-0.00281736104892776	-0.00306866611524024
-0.0242131742222142	0.0263946225170162	0.0202259620226649	-0.00368934506885491	0.039858060012741
-0.00510145711587398	0.0112047120524766	-0.148897786133811	-0.00286425591325106	-0.0568748286109487
0.0152219974885891	0.019263749278313	0.0146134868232472	-0.00365848795267824	0.0264053977516482
0.023487807542292	-0.00809602370017383	-0.0658274565861958	-0.00258760787236628	0.00444143140379967
-0.0148819041476364	0.00334752741581465	0.046151262070752	0.0183240827971086	-0.0160200233314413
0.00579588884863118	-0.00768585230595246	0.172571087719645	-0.00340378419299568	-0.0479200126557852
-0.0118193969134175	-0.00734798381221412	0.0516236117135338	-0.00394939638854175	0.00140639862737542
-0.00518981537047157	-0.00705003069218091	0.00757237380207725	-0.00290675219114193	0.0152734444188523
0.00886369631497227	-0.00751059934351147	0.133555476259626	-0.00323889375777476	-0.0325900143278188
0.0363674468160484	-0.00458041045886937	0.127146858488625	-0.000703102201391338	0.0206560922596167
0.00725071656235369	0.00361609747059015	-0.0575319960149647	-0.00358781093102014	-0.00548785805634316
0.00508571510750795	0.0547655293045651	0.0901960912118099	0.0131313053829272	0.0851665776274279
0.0206414526812932	0.00340852184133164	0.0790426124757643	-0.00263577130200174	-0.022833807107803
0.00333020383461789	-0.00168396108770835	0.0683428866608795	-0.00212345161856184	-0.0139013353141134
0.0129585661556824	0.00275228088740791	0.168910718914338	0.022644527783484	0.00986513926841747
-0.00951845670964146	-0.00863625851739627	0.100126603157498	-0.00415875190296674	0.0138256056022679
0.0100960847350783	-0.00723192488356791	0.0182011924205455	-0.00315527371047268	0.00308764030991048
-0.0082301450424651	-0.00738349064738924	-0.0117176030044532	-0.00396742679490096	-0.017184675804109
0.00675374708496261	-0.00791650392281253	0.105789532940944	-0.00415912095275505	0.0799517561057518
0.027037077994812	0.00596349675917615	0.0295589927160436	-0.00382349472856749	0.0281972606861344
0.0290765781318064	0.021436752511956	-0.0550392374003916	0.0248325691883768	-0.0247653542950516
-0.0230566720208897	-0.00776021191738526	0.0483661867333953	-0.00310462084610652	-0.0120758812115101
0.0419494470671708	-0.00449002242705097	0.0949260586365445	-0.00242074599757576	-0.00207971336779795
-0.00610611582295101	-0.00663842376192266	0.0670753528535253	-0.00242142515118861	0.0111949680387148
0.0345038827588831	0.0495855088165645	0.345651644415466	-0.00338686714314355	0.00941690955655536
0.0218497884743425	0.00278082032983112	0.0829420083122279	0.0289586323102686	0.0371707856687786
-0.00762828447541747	-0.00810948056537085	0.0138834897360316	-0.00358417550277585	-0.0533340857198566
0.00137610479739065	0.00176365916983607	0.101248282837242	-0.00237624023866451	0.0353432572545814
0.0238975047639585	-0.00788838719872273	0.0471121927673897	-0.00305123486694143	0.0245501318776888
0.0118794900756755	0.0053756516049776	0.0161642595992997	0.0222804512115492	0.0358430632820564
0.00904892673219614	-0.00717186269700948	-0.0237489492784003	-0.00248268514800503	0.0420508081585845
0.015515785375649	-0.00658508356240565	-0.0459972799535938	-0.00162243954549012	0.0515763848908694
0.0799649360733874	0.0112283054880343	0.116498584562402	-0.00433780606647472	0.0753914083247191
0.0623819521459567	0.0212612318773588	-0.0697014806948103	-0.00325083058087708	0.0889529258403385
-0.00919858100443264	-0.00694203174005363	0.0550412099305454	-0.00275753506443801	0.00659577386406822
0.0155180880551797	-0.00858842717587671	0.0468393335255024	-0.00456061263420077	0.0165059109915911
0.0261057930670911	0.018972359703059	0.148642591826197	-0.00422962240629354	-0.0254749872662102
0.0250807202140548	0.00246820527306448	0.0257922585025903	-0.00372418851474474	0.00150499263767563
0.00635446120536899	-0.0050081893384427	0.0195541828609494	-0.0035350273394709	0.0156841245271289
0.0361673049642642	0.00407262815681069	0.0516606182179304	-0.00311001534664233	0.0272008244384227
-0.00587128671064506	0.0100533528628224	0.0874472989716842	-0.00350037205220397	0.0249715990386184
-0.0204111218380556	-0.00162460005662236	0.092560406014444	-0.00406791809367433	-0.0183742331418689
0.00734442192571883	0.00656570142747003	0.0859880060418583	-0.00332940844559526	0.00775354086544613
0.0202491402016242	0.0143635910378646	0.113096302803873	-0.0016752463932516	-0.0284371464450863
0.0138412427453781	-0.00735647715094055	0.194604425749535	-0.00185276918600938	0.154229321667184
0.0288558550521788	-0.007511198654802	0.0848533468746223	-0.00261705203215257	-0.0398741024024679
0.000210527903175758	0.00548618442381157	0.0470963422992317	-0.00382962164750996	-0.00210675409891855
0.00257217194830169	0.00148777333085097	0.0848878068197883	-0.00571193626042662	-0.0178348974243761
0.0372722531364549	-0.00716088042350065	-0.0296637804699257	-0.00271816837047007	0.124340888103369
0.0193780813643875	-0.00697937326022727	-0.000774410152524002	-0.00220870151093448	0.034152021855027
0.0331186287445312	0.00361633434900357	0.138667652404003	-0.00436226657176085	-0.0253587795998021
0.0134841416365078	-0.00725899058995769	0.115604391270089	-0.0031618160671663	-0.00483471710589633
0.0536468387744258	-0.00702868660174565	0.0514105749302079	-0.00334408241266506	-0.0453826746565621
0.0323246324914758	0.00695083327741819	0.0927759585526932	0.0162099632542636	-0.00769980982071501
0.042220522819129	-0.00777084985858432	0.080097478861446	-0.00406790450996339	0.014502277146607
-0.00940317523592034	0.0181738677021277	0.0620501577321163	-0.00363493597803358	0.0236637115696433
-0.0250997878094597	0.0193323824161019	-0.0345143727203071	-0.00648359498288128	-0.0393197546478684
0.0687342515036555	0.0117063841883108	0.2263096225159	-0.00318414965953624	-0.00773502092307982
-0.00704081002624926	0.010114309746886	-0.00446738358495838	-0.00291205400335199	-0.025434554367727
0.0479670546795329	0.0631342419225034	0.0601572358220136	-0.00286481613960203	0.0855357047762616
0.0366480393678496	-0.0040739573879331	0.0288402353486351	-0.00336228501423165	-0.0478910161833548
0.0462755458730728	-0.00481647238461687	0.0732762714192064	-0.00373784223553104	0.0271249972213192
-0.0243678716436096	-0.00171442838663428	-0.0524401375161692	-0.00401993218457379	-0.0445319349086679
0.0457437961915396	-0.00665963181764627	0.0676860378766466	-0.00319819622147532	-0.0114225711386456
-0.0109972474567115	-0.0081062631349679	-0.124780872329309	-0.0033489801096225	0.00422463569243482
-0.0100696881154221	-0.00785194189521749	0.137965208804458	-0.00384367048471013	0.00924245389802082
0.0217701299128612	-0.00618896354755403	0.230721242360781	-0.00408711532794067	0.00403318834689479
-0.0231587561593477	0.0113828570227438	0.0604649679599169	-0.00332932156836831	-0.046100785713545
-0.0249932089229811	-0.00906831323100985	0.0074336996684366	-0.0042594771394764	-0.0258668400132653
-0.0222489961517274	-0.00852910435156175	0.0359798167562193	-0.00379182411106686	-0.0479645912407617
0.0223726535886484	0.0293338853900076	-0.0438513559286765	-0.00373687208010763	0.0202226901604468
-0.00260139989126026	-0.0082162152906325	-0.119853087621549	-0.003939061948634	-0.0398635820623229
-0.00515310566975791	0.0167931069084179	0.150949271354958	-0.00414285121174292	-0.0164067510670523
0.0139531532138397	-0.0078663600325383	0.119651495967495	-0.00371466348095725	-0.0421707069869012
-0.0260793842558732	-0.00734347848031148	-0.106602982969136	-0.00333050676012756	-0.0355898783168011
0.0429999334473259	0.0272400756736143	-0.0764734598200418	-0.00343586668672371	-0.0522432852936052
-0.0130967083446459	-0.00798716506212494	0.0126511621649561	-0.00324704791657468	-0.000163508292001756
-0.020967267970572	0.000123853996719657	-0.0567378288178301	-0.00380501483991846	-0.000531692177125582
0.0664639050668585	-0.00790821571663183	0.0144678361415539	-0.00432343279118266	0.0452737093734899
-0.0234570464022557	0.00740603817130925	-0.110166747463146	0.0268241460328298	-0.0468672646142707
0.000626631806157971	0.00117805970091208	-0.0391467664448881	-0.00333095791402162	-0.00928915914609403
-0.010661709113821	-0.00866199814670654	-0.0150039900449959	-0.00395426498778821	0.00313363924694455
-0.0256082545119143	-0.00716775941545437	-0.0873664155898745	-0.00260065041287207	-0.0316292129792274
0.000534423200353266	-0.00768601113405641	-0.0824622579605579	-0.00317523714433753	-0.0435970356627229
0.0116436141628437	-0.00628869500887635	0.00567927351236096	-0.00426946516986417	-0.0205984063534619
-0.0262830435993444	-0.00685571795531502	-0.145902725372319	0.0111909521644419	0.0372657934602286
-0.0245054657512761	-0.00708505647418434	-0.0032223617395463	-0.00203726469132933	0.0050151193784747
-0.0243977456483461	-0.00754168717847958	-0.269684245968609	-0.00287500744518723	-0.0548671228749695
-0.00318973619878383	-0.00753827052581787	0.00746327618158478	-0.00386014273120049	-0.0449555854641806
-0.00998409396297066	-0.00701845565678389	0.0110108862252129	-0.00364830269763318	0.0291195430607579
0.0331179620234794	-0.00878341517995452	-0.0586142024216511	-0.00299386860893756	-0.0371689484027565
0.0148499127252321	-0.00722083574521245	-0.0055804395624577	-0.00274512664876008	-0.04808556025128
0.00616891344243444	-0.00668119564275036	-0.0292276577090903	-0.0031425101799479	0.0109976606031838
0.0105189789905707	0.00329579481431232	-0.0353623132185707	-0.00348144781137108	-0.0139670567076097
-0.024793076860743	-0.00733711803055584	0.0017319823305641	-0.00395772366491591	-0.044966625126037
-0.0244598744767969	-0.00747867292310602	-0.0407541053150406	-0.00309583238773398	0.0090633353431363
-0.00306508621973168	-0.000225647051438476	-0.156645885375312	0.0111642882136526	-0.0189965189934108
-0.0283800293211802	-0.00416157120629038	-0.0989813608596364	-0.00381621931194996	-0.0253451762131053
-0.0217623958896982	-0.00820115584111342	0.0161547446034694	-0.00316785136000665	-0.00124477097442966
0.0538494233399191	-0.00724872421900115	0.0419326046122277	-0.00272285106699387	-0.0345938028228764
-0.0226464750571654	-0.00795516538592988	-0.0938409225449707	-0.00298255935080338	-0.0487606435764812
-0.0025693119000816	0.010859284849387	0.069315265527182	-0.0034462567103053	-0.0502079682595492
-0.0231426539912198	0.00469409353309719	-0.0504552055386751	0.00944291944099085	-0.0095030909253171
-0.0187355681378073	-0.00797131562824021	-0.0442132532041328	-0.0033934127730782	-0.0239797955022653
0.0184989713463758	-0.006727710311078	0.00756668024043525	-0.00249531311838237	-0.0217672852443494
-0.00532711750270375	0.0147079122140624	-0.10166288845636	-0.00339624680818495	0.00862079509836531
-0.0267291435125591	-0.00698900908306023	-0.118527369400252	-0.00465578745651771	-0.04030469578346
0.040656166801655	0.0573803201813216	-0.137058787985864	-0.00365291063353001	-0.0131164782732296
-0.00947844196847595	-0.00571092577972384	-0.064183984645342	-0.00303921138023827	0.00788599252504206
-0.00513769035844374	-0.00512642144677888	0.0303826860563731	-0.00302749359019556	-0.00382740118992838
-0.0267177598397754	-0.0072816222429148	-0.0825923007411457	-0.00343655999141013	-0.0121502072841093
-0.0258529782242491	-0.0056888047285573	-0.0507458341736681	-0.00513411977386412	-0.00739088892393939
-0.0232082628130986	-0.00787776443956332	-0.344727324534112	-0.00269227791868953	-0.0485116343697503
-0.0237746315433898	0.049069929305223	-0.236782777162938	-0.00272806667763502	-0.00121619818568393
0.0032192933287909	0.00764885409596013	-0.125900433522542	-0.00370212050358603	-0.0557923732639004
0.000108802937036049	-0.00231183509051105	-0.0266166309971487	-0.00311426623373357	0.0156213955297676
-0.0070852228028688	-0.00590945379257983	0.0214525334219616	-0.00349362538008978	-0.011800249079032
-0.00150505978676742	-0.00682567559348991	-0.112992679488344	-0.00265323871228945	-0.0420869517811566
-0.0181219559472629	0.000955934797505665	-0.0422631468706002	-0.00346777873184878	0.00847599730630484
0.013225410343626	-0.00556411888701609	-0.00256779692029164	-0.00335867456513108	0.00478509692674563
0.0173419161585742	-0.00697772271771435	-0.0976690075009274	-0.00370197582986073	-0.00428969691365759
-0.0226541732504508	-0.000694600296287444	-0.117100313315322	-0.0040737390283428	0.0555711411528969
-0.0252682931137401	0.0411754542790316	0.0682645334057014	-0.00352049526077674	-0.0418330951019816
-0.014426628372711	-0.00672943059556572	-0.0247968332210862	-0.00224513936976796	-0.02462233164515
0.00192709013926147	0.00666761983984243	0.0135470143291799	-0.0032649748861776	-0.00476832526439106
-0.0223864938216731	-0.00638949347258037	-0.0246325106951818	-0.00194561237377872	0.0056003093437517
-0.0243807508181739	-0.00539537776286287	-0.199962017753408	-0.00316930786001605	-0.0428398512489888
-0.00683373001743887	0.00771632186163999	-0.0154955967932406	-0.00181974133195966	0.0529042199836634
-0.000783078790979252	-0.00587849642334654	-0.0254582179839439	-0.00340353024542441	-0.0275499429322331
0.00408366558380392	0.000114461153360472	-0.0739809273223922	-0.00410587621227268	0.0289333200180021
-0.0269656105524715	-0.00564418189860923	-0.0363364493179851	-0.00400248879477412	-0.00224260462889342
-0.0133774578088365	-0.00191293538451111	-0.18357553525942	-0.00239961754688835	-0.0129499470090431
-0.0233767544441761	-0.00749231801914436	0.055410049593857	-0.00271610060935033	-0.0127326868947505
0.0344098939369653	-0.00696400085483018	-0.0362817260725548	-0.00290448425299762	-0.0338130499481603
0.0131604381450566	-0.00811236925086175	-0.124182848360789	0.0241840148113511	0.0178112942108837
-0.0101179422474105	-0.00511205692593435	-0.192130280852881	-0.00298086848247236	0.00625512516452378
-0.00871482160867469	-0.0074184223676246	0.00251460434381718	-0.00316644312980656	-0.0248028092360236
-0.0101199171059358	-0.00794278139543161	0.0439301596982089	-0.00321989552494387	-0.00154873525179997
-0.0262689136587844	-0.00727278567524444	0.208462956496386	-0.00399235922558225	-0.0523929204511721
0.0105760824643262	-0.00681726141978539	-0.0708026545892119	0.0151744776020352	-0.0337631465200927
-0.0102041298370119	-0.00543749509033478	-0.0524855484253597	-0.00355643140695175	-0.000563469116684228
-0.0275529420780455	-0.00613849708152481	-0.063152419935235	-0.00429406977773368	0.174267400000814
0.0160174286449669	0.0177747235606188	-0.063835606178671	0.00783256909536669	-0.0233114542732052
0.0401392047115061	-0.00639839305159225	-0.0335837487034706	-0.00310213012338871	-0.0176294333933785
0.0499446624386252	0.0120709003172498	-0.106740862127167	0.035007673744271	0.00691678756668685
-0.0107336692490417	0.00301596863893201	0.050146237569353	0.0309645813568318	-0.000573133576196677
-0.00735142842438631	-0.00553388239125683	-0.0463377046306581	0.00588652040468201	0.048419946098399
-0.024830478527327	-0.00766898069799309	0.0262859907144498	-0.00334185793584247	0.0720902587069348
0.043451891487859	-0.00737894911577795	-0.0408826737790775	-0.00375463260993135	0.0140072638393372
-0.00672640207121934	0.00924096222014866	-0.0287321177738269	-0.00369187600397553	-0.037006851982317
0.000283162909230008	-0.00471517381468601	0.0718611104030368	-0.00394036003573266	0.0111179334420767
-0.0242942407685433	-0.00576029336084602	-0.0310875676531745	-0.00364995010953957	-0.00439345095418331
-0.00960336385681684	0.0100404639078276	0.0147117461345767	-0.00355453931384958	0.0322713269011243
0.0546310996469823	-0.00696268177000246	0.151009075457732	-0.00255026177431935	-0.0528925021292197
-0.0255492347520437	-0.0043269609065813	-0.233710052393731	-0.0038886933122076	0.0202359113512461
-0.0245416672353645	-0.00753043721025695	-0.0734580540895219	0.00950387731520684	0.00700656748266758
0.0288299509196481	-0.0052588102386783	-0.0156519779829252	-0.00359323104738038	0.0618159966318173
-0.0258830225889125	-0.0082313682899342	-0.157473894497002	-0.00374744143246679	-0.0205641257360701
0.0123057230079554	0.00203826835813868	-0.0143824962819167	-0.00376443374085355	0.0400608790022668
-0.0143472589745787	-0.00761245628984781	-0.0595682287719814	-0.00318580025969688	-0.0107838347846919
-0.0219174920943107	-0.00743546892754165	-0.0894420462810703	-0.00213650733684974	-0.0225926457559793
-0.0119275173551062	-0.00824104976064806	-0.0431134275619018	-0.00386911919125236	-0.0214659594406538
-0.00866868211429159	-0.00706155482739801	-0.139296549747446	-0.00282351984972977	-0.038025526941994
-0.0148486396609276	-0.0084255887350737	-0.0845727053598216	-0.00365135100934245	-0.0357908686860531
-0.0135800531614825	0.00796470383542657	-0.124046717085038	-0.00336005253585955	-0.0240750071057093
0.0192773523256524	-0.00725743902283387	0.047664852245552	0.0418557075956382	0.033321404530584
-0.025877757373109	-0.00631166279861973	-0.0606425618172217	0.14961337289237	0.0398926751012949
0.0122913606754965	-0.00788208917764742	-0.0256858267214163	-0.00324738854535843	-0.00159658715350616
-0.0226467983028725	-0.00823390377146904	0.178748317856649	-0.0035453834442517	-0.0520963827781967
0.00497141145877361	0.00676412679758317	-0.0497949945387097	-0.00220061135184969	0.0428107154213185
0.0573517264934701	-0.00548349510853903	-0.0132696479180202	-0.00346181142461904	0.0132613197756408
0.0767643714349026	-0.00526443538421404	0.0745465741985833	-0.00472380283915843	0.00969788465684426
-0.025563832645476	0.028347215545131	-0.12803060058304	-0.00337108063432692	-0.00376010003113716
-0.0254194018224784	-0.00712051262112932	0.0591409134872683	0.0113362479398155	-0.0501750797649158
-0.00938411846872958	-0.00811810209589068	-0.0452159948354995	-0.00372474933575108	-0.0154597413857293
-0.0234200453770448	0.0173593713081503	-0.157448022579328	-0.00322341704130858	-0.0226612107333856
-0.0246493733302267	-0.00600011866973387	0.00357153526148518	-0.00409048910440795	-0.00204312792017498
-0.0234720739210069	-0.00797334512430261	-0.0750667324876062	-0.00424938466170316	-0.0433728514958083
-0.0136631419989123	0.0144713217538437	0.0205247199556263	-0.0044308667617019	0.0482091716660786
0.0268745151936446	-0.00587826789163334	0.120975851770726	-0.00381784080394029	-0.0164079782737463
0.0264613646424854	0.00304615770051357	-0.123295171806832	-0.00499296478414494	0.00156833086189438
-0.0191766068523187	0.0130987088845763	-0.0711679623473086	-0.00332393612063461	-0.0242007720727859
0.0224139231798569	0.0440726017817826	0.011322896502067	-0.00284980531982259	-0.0499613219734995
-0.00199769427598514	-0.00340103053612888	0.0904004623237063	-0.00343917219128992	-0.0197506410147687
-0.00368814921758586	0.00156988450609406	0.0384319908837988	-0.00337250303559597	-0.0271927837158663
-0.0260066813617056	-0.0063062552916863	0.138887181053252	-0.00357549739146433	-0.00825024890771327
0.00932023659026008	-0.00753981467716067	0.0756291406418514	-0.00291198663464039	0.0631150449315105
-0.0219220603624853	0.00104844736953655	-0.0125285039707216	0.0142354172343574	-0.00590775418542999
0.0777882908999215	-0.00845808159099514	0.0151011751472216	-0.0032418370402998	-0.007374281618579
-0.00904531357400178	0.0194976006749965	0.0299333258405813	-0.00305244515985891	-0.000977787996317234
-0.0251886507763615	-0.00594833676898364	0.041193031262671	-0.00401614585196915	-0.0309279194761815
-0.0253968077422703	-0.00620785558074017	0.161855426037322	-0.00400890204301955	0.0129789180937237
-0.025697052688674	-0.00702991516969666	0.0745437505297977	-0.00302435482729258	-0.0555895375262628
0.0349002008666391	0.0222495279073238	-0.0854726328623335	-0.00362079942715099	-0.000290993328247033
0.00591307554295769	0.0240960257852188	-0.0142074402042536	-0.00444006164204439	-0.0175031463724053
-0.0243194497816804	-0.00842177823745584	0.0424101438532962	-0.0041773380545986	0.0605035848634178
-0.00791909431994813	-0.00899440597303939	0.0243478625934162	0.00999455588882936	-0.018654943797992
-0.0247105205680854	-0.00653058504684662	0.0230204436339853	-0.00203413364157033	-0.0248647616620872
0.00986805787834718	-0.00111965020704945	-0.00587651172445456	-0.00310581335978073	-0.00624664683119508
-0.0213179041400629	0.0101739366423166	-0.0149725640886368	-0.00380136410089336	-0.0251938219879552
-0.0134711633685106	0.00832975033749879	-0.0649474211258396	-0.0031375992400546	0.0278285311333575
-0.0237420049240063	0.00951747198236078	0.020308022736741	-0.00248122332451889	0.0336210100888574
-0.00886380644746859	-0.00524250563235017	0.0300497615006848	-0.00405917635199075	0.00738714771598216
-0.00868347517654105	0.000957816916103209	0.0110242428118842	-0.00238362285127853	-0.0215870013736585
0.0122592773523728	0.0137054774510286	0.0411859726900892	-0.00342479666005923	-0.0248625028049179
0.00991409285681874	-0.00685938399750088	-0.00617255449319597	-0.00370537470186951	-0.0168231301932109
-0.0263960276310499	-0.00702284959922169	-0.166022636222146	-0.00353276630327901	-0.0397494312286939
0.018692946056663	-0.00712788480551342	-0.0214298225465526	-0.00302324671238402	-0.00236223398186097
0.00550754203907482	-0.0061122183502762	0.143466300269438	-0.00105833374762009	0.00299932139552554
-0.0231919688415166	-0.00789662511343372	-0.0312802359525549	-0.00301995863735492	-0.0244560780476582
-0.0223546012125918	-0.00813580234418341	-0.122204278824287	-0.00246490774546697	-0.0118004542625773
-0.00505991351141714	-0.00757306879886186	0.00296249554344536	-0.00373981038092545	0.00925171783463818
0.024590995041668	0.022763780818573	0.0626991511795496	-0.00430014119215949	-0.00357162457698657
-0.00650095516834577	0.0461174700902644	-0.0444987662849713	0.0175508313801378	-0.0395395395584055
-0.00216775768855865	-0.00602828524051178	-0.0598187224898004	-0.00317496145345203	0.0344796926328543
0.0181161037145358	-0.0086894621353136	-0.168436114561242	-0.00336347870806417	0.0361162225661311
0.00138632722739277	0.00915553280563225	-0.0727132603614621	-0.00375585970805419	-0.0508888079407822
-4.0379769855353e-05	-0.00807685748368986	-0.0138834933269223	-0.00466206234919046	0.0283012705119859
-0.013214513769091	0.00275068370696726	-0.0178096472815635	-0.00321821275679063	-0.0354004145312082
-0.0229458288415413	0.0373533027879115	0.0274645019904854	-0.00329881821093138	-0.0469538407868486
-0.0262271597451866	-0.00649569443635776	0.0274597814900837	-0.00331962288912946	-0.0497484450369868
-0.0234534447180985	-0.00729800178000364	-0.0762356434159912	-0.00353024070803854	-0.0471550270419443
0.00155908645547372	-0.00577858838193852	-0.0992776589048917	-0.00407249275181415	0.0575944043166025
-0.00973623243590121	-0.00731721316733339	-0.0670049904915619	-0.00370893307706105	0.0151696467259682
0.000966965791011576	-0.00549130690570911	-0.0960658595342299	-0.00259952567701205	0.0100668675295118
-0.0211421581174594	0.0490963537617238	0.0130818919084787	-0.00250217134878104	-0.0502846417603441
-0.0145524272546906	-0.00690609014626167	-0.154049153443218	-0.00259704189997439	0.0142524808785372
-0.00944611143982686	0.000263864950563379	-0.0588150321087685	-0.00273992950797332	-0.0112852631386191
-0.0263778197543917	0.0177790903301196	-0.0844973081923726	0.0279529564992296	-0.027890602824582
0.0369864578238095	-0.0080648720121443	-0.0427338297824788	-0.0052123015222763	0.104545020594928
-0.0264354628262372	0.00811226932838887	-0.0370373484182003	0.0110994919953729	-0.00784556566249131
-0.0235456577435477	-0.00595699500599453	-0.0735418845328579	-0.00356179683889212	-0.0453495486565074
0.0707826700802806	-0.00668561923821758	-0.0141983128559313	-0.00433485414265429	0.0293245229114944
0.0259841759423802	-0.00779352038001412	-0.120690600488143	-0.00355575887599261	-0.0197418162282983
-0.022968405149722	-0.00670446845236253	-0.297972217962376	-0.00288665208824756	-0.0461351091133348
-0.0123050230503015	-0.00728678320952074	-0.0859880397918798	-0.00288214579070894	-0.00985304580659428
-0.0227356635458985	0.0188440878701613	-0.004771740422095	-0.00268456636099952	0.004904244902422
0.00300697033175899	0.0107540366783519	-0.019782785325064	0.00403709944473875	-0.00272854152347634
0.00949851495280739	0.0117251341551965	0.075092303510283	-0.00308209514634289	-0.0143984927356522
-0.0111259179580225	0.0018937823718998	-0.0128693438945566	-0.00399784421690724	-0.0222926925444508
-0.0253747399408705	-0.00731527415563191	0.160728023975816	-0.00346167008355507	-0.0516824470350045
0.0120999884606827	-0.00768611405976229	-0.0312674563724858	-0.00344566994011008	-0.0502040680041981
0.0112445014205842	-0.00581061965762505	-0.115957352913999	-0.00359866416213137	0.0229737848701939
0.00636076509233162	-0.00509928932214157	-0.103184565228928	-0.0034726859536641	0.015779161128022
-0.0241455615540305	-0.00687401304722798	-0.0741612409905484	-0.00458670379956533	0.00227534035316403
0.011004845885994	-0.00535755365810322	0.014815188885154	-0.00321630902138392	0.042157146418449
-0.0260966726470433	-0.00777303501150811	0.165353297618959	-0.0034385698603186	0.00948196167321387
-0.0247385398312188	-0.00794157939964977	0.0743462710916659	-0.00374237505672828	-0.0543217937851176
-0.00417700195933611	0.00262410281374897	-0.0942121957553281	-0.00393518769960592	0.00938680628833862
-0.0253865439097908	-0.00651554153679762	0.0978495207131577	-0.00295582728573284	0.121041047521073
-0.0180189142691595	0.00109728730053387	-0.0879800559966695	-0.00357399359932368	-0.00216557538252591
-0.0115396395812149	-0.00760337775334561	-0.0498770124198708	0.00986321585448017	0.0047432657839796
-0.0122092903932269	0.000587111119058926	-0.0134007165194826	-0.00273539062228057	0.00114544382795411
0.0132579334990812	-0.000139927649873095	-0.000562984686356876	-0.00472837883264557	0.00077043636279107
0.0183981961744016	0.00634525950766683	-0.00890892251700566	-0.00300336011138872	-0.0425284231752011
-0.01646409437854	-0.00786484533699707	-0.0892154497584773	-0.00287989899971894	-0.00611283187900956
-0.00969205147114867	0.00928810046290047	-0.210350811269593	-0.00280491970677135	0.0374425686120051
-0.0223488544572283	-0.0083281553169514	0.0287752727759476	-0.00396250896667157	0.038845471933153
-0.0291838735052739	-0.00716356247319476	-0.0249665182753266	-0.00482562924551821	-0.014615587837599
-0.0146833113500931	-0.00691895275670355	-0.0311659712115227	0.008753613823686	0.0152275961479531
0.0263669008373554	-0.00729020691080778	0.0567416948434162	-0.00313256078797854	-0.0487786478225117
0.00200684687021802	0.0168422210225564	0.137379318557371	-0.0035650509421192	0.0609742186130462
-0.0104741713341888	0.0156877093987855	-0.162594506014224	-0.00396400458093661	0.00538507505276882
0.0039476418644559	0.00506938413070138	-0.0990423148553548	-0.00345118609692244	0.000805993531141967
-0.00957678348592978	-0.00790699260386513	-0.00276481884344853	-0.00254678449290006	0.0244477291379697
-0.0249412762490546	-0.0078332877163255	-0.130154167745473	-0.00339162960473712	0.0854563679284782
0.0017739730313289	-0.00824473870447843	0.0570015359552304	-0.00311324419919711	0.0196489128294511
-0.012879381165091	-0.00892091750314742	0.048354223135463	-0.00484559856842229	0.0287696170493258
-0.024059553730659	-0.00688216929220001	-0.11562245516705	-0.00174663197387205	-0.0148243957506887
0.00686088790824913	-0.00773399693187108	-0.0529284710935299	-0.00252392690833014	-0.00493352566279757
-0.01289887614824	0.00442417740321403	0.0332515892461871	0.00867301858212522	-0.00364564173103198
0.00261282032948491	-0.00754438634512971	-0.0393776697620653	-0.0035230186080892	0.0498895219583377
-0.0254146078816784	0.012291294039588	-0.223094797125129	-0.00625805731774259	0.0212173921987475
-0.0240524175619758	-0.00835592751004461	-0.0789280782875159	-0.00418440287740918	0.0528852979397233
-0.000199989325514947	-0.00376616439018609	-0.081049981849732	-0.00349415833642918	0.0274406807224942
0.00297480843553392	-0.00800411816914265	0.0332508888301067	-0.00449008788441983	-0.0231286752015225
-0.0116106491031816	-0.00831071983225684	-0.109728147034357	-0.00477251242652425	-0.0119381697257748
-0.0251065659335997	-0.00792605672987012	0.0342186004090277	-0.00364560725328719	-0.053625536716024
-0.00221871511535965	-0.00691535724953439	0.0252223039544558	0.00766298919597981	-0.0349830656197297
-0.0253749669803375	0.00617207394604319	-0.207374833110562	-0.00333431778669443	-0.0505543990918019
0.0719723385441875	-0.00758723094631788	0.0122455968488787	-0.00392775276193531	0.21008562464759
-0.0241154886825012	-0.00675171540073133	0.0804881605373626	0.0377324295239402	0.192252583137224
-0.0271642991224679	-0.00473900738202766	0.0594343600475173	-0.00340225135306822	0.0228895519764187
0.0472834685445589	-0.00721687648326498	0.0572632850897308	-0.0020631038946216	-0.0188835527707476
-0.0247829120375496	-0.00794016208304047	0.0228184541687607	-0.00306936244905307	0.23056225452955
0.0336678222432546	-0.00580681521178477	0.000795176661339584	-0.00404537549940022	0.0129310144048861
-0.0225669455239834	-0.00674985064469597	0.0221648402386186	0.0383216052199554	0.107209333785033
-0.0241048207363966	-0.00681099634748565	0.143903491400478	-0.00170421789543484	-0.053729861476864
-0.0115142623576096	-0.0073725149503277	-0.0285402271453658	-0.00275852827381068	-0.00495912110761097
-0.00485961750326461	0.0257193624500818	0.0139075193492384	-0.00307372279066368	0.0166011059701147
-0.0088694757306732	0.00543315066280442	-0.129576002282137	-0.00401622618965161	-0.00819568215308239
-0.00556134511006063	-0.00168799448397384	-0.0699190767126871	-0.00364013113670405	0.0344305973657444
-0.0273861538441755	-0.0081009842116081	-0.066550770677387	-0.00356612666517181	-0.0493354317346268
0.00309423745996508	0.0219414533019327	-0.150630372359165	-0.00294183932358384	0.0166835988919309
0.0252363111747098	-0.00676113156272726	-0.193217746375082	-0.00284483322516597	0.0108168346839797
-0.0237610898917393	-0.00671446338335434	-0.160039875623736	-0.00141549798742711	0.0316206533795021
-0.00298584845030033	0.0114674890528348	-0.0845712460033245	-0.00395039979388883	0.0620523797695311
-0.0248827621026048	-0.0073281707912151	0.0158430292697127	-0.00331124299563573	-0.055870002168336
-0.0232946844455777	-0.00785780570551273	-0.20921148046591	-0.00289718089892125	0.0529273089097396
-0.0248707510167611	0.00694070623614719	-0.0520387952448312	-0.00371101682922632	0.0122354739572596
-0.0231629209708049	-0.00846262910924851	-0.0740233923834659	-0.00412477328646386	0.091099170701338
-0.0236028801875263	0.0247574675881922	-0.0486957205895262	0.0282300925331577	-0.045558104479742
-0.0190972743042105	0.0031263525963829	0.0246854917776941	-0.00327877124841252	-0.000877905149117645
-0.0174904051368746	0.00196054686434528	0.0411406307672471	-0.003063421896007	-0.00503497575442561
0.0281730051136141	-0.00759862388175338	-0.15948278950641	0.0380745402772238	-0.00738699401752657
0.0409028816441714	0.0148423523104354	-0.0156717495617089	0.018823167899623	-0.052631868160352
-0.0162419033731112	-0.00631137081315581	0.0704092996584858	0.0235865139483176	-0.0351465336164975
-0.011943040040413	0.00834203781918012	0.0279575688518306	-0.00486864008387963	-0.013339755380981
0.0068385358266232	0.0232150178456671	-0.100663153531686	-0.00367029546346741	-0.0140761997407679
-0.0257344296906106	-0.00741522866696095	-0.135632522670304	-0.00433009985019173	0.0386745728798905
-0.0246997564177801	-0.0067631327038409	-0.154796028885165	0.0366762431701613	-0.00358458807744033
-0.0228309202056181	-0.00819904695826429	0.0128093355734442	0.109087208912133	0.0665589922651635
0.00125762287217569	-0.00816872871026695	0.00456383268030405	-0.00371844787244978	0.00719144736206476
0.0382155480858024	-0.00593925183902613	0.189632990861102	0.0446069188991592	0.0258547924680464
-0.0224412778951587	-0.0083602827086786	0.344649430376254	-0.00373222776437803	-0.0475950210561529
0.00742441320832871	-0.000127122742688224	-0.0537917580914719	-0.00372594402193068	-0.0158978852419402
-0.0230656459978531	-0.00748531492751807	0.0846549940233736	-0.00293244736277869	-0.0478297239937009
-0.0116055679263334	0.00331446085433918	-0.0423184718640835	0.0162557172097976	0.0117684150113881
0.0206918523895331	-0.00826192244630936	-0.0935150412306834	-0.00362372076521621	-0.00451454385767855
0.00896780040181624	-0.00603390462891898	-0.0986202187994097	-0.00395348331813698	0.0488398345222028
-0.0211629990115954	0.0099123782008185	0.0226538820409794	-0.00229205819348946	0.0012629567681267
0.00752700105179325	-0.00474342956673631	-0.0454152036392033	-0.0032160377770164	0.0252699943092341
-0.0234914893626087	-0.00747205007651524	-0.0715349765892416	-0.00359920182509485	-0.0245741160056018
0.0548137389242962	-0.00558815177305632	-0.0616262875881037	-0.00333923530803687	0.0376277383688252
0.0263030210815028	-0.0070464875132309	-0.141126841256343	-0.00456907518422954	-0.0461712453429433
-0.00507595195689227	0.00563991512762548	-0.103120942162649	-0.00265858842206585	-0.0191256490437294
-0.0229607501816636	-0.00841504088126858	-0.123205452632715	-0.0038939760902892	0.0278835013466973
0.0613076910954672	-0.00724801442613522	-0.0318320237335437	-0.00357451517636744	-0.0434791921944005
-0.0219783885769434	0.0970688704305375	0.0993830708719589	-0.0033455542908959	0.0552144565222191
0.00844476955415529	-0.00196683486142412	0.181111614208555	-0.00167326343864195	0.00249079910680687
-0.016507235479804	-0.00580939586878294	-0.0191560740509557	-0.00379521490442702	-0.0297972510680574
-0.023605390601627	-0.00642059584890299	-0.00217564598721483	-0.00157669108141954	-0.0113353364924878
-0.00898325480667561	0.00699990484211562	-0.00487203503226798	-0.00280247004516209	0.0232249060228402
-0.0236456434941979	-0.00745954798059013	0.130806735608501	-0.00328607092153372	-0.0176571073244475
0.0158831597359244	0.0137378282259436	4.13090181866108e-05	-0.00316523468627649	-0.0111204522876543
0.00321285753739725	-0.00741578953679072	-0.0859150338866934	0.00434911669703329	-0.0147596926820606
-0.0245326321320036	-0.00718001517776687	0.00434538979995301	-0.00218036952763219	0.134126485228744
-0.0230672629812226	-0.00824555055632373	0.227382395261292	-0.00399919163321992	-0.033993328820041
-0.0271096652255012	-0.00690270688545737	-0.0639380902471123	-0.00460918854870881	0.00437920790568742
-0.0229882253442805	0.0164893289082053	0.030824479979652	-0.00409655662324032	-0.0203593079903828
0.0030526951839511	-0.00557948662101035	0.221395099004153	-0.00321202157659026	-0.0155703668501608
0.00492216992820875	0.0229439195857628	-0.118128214266258	-0.00389164995837342	0.0170227989051725
0.049884458557684	-0.00503788646952698	-0.213779451956323	-0.00271059082677742	-0.0430678544583316
-0.0133747389033478	0.0047429223574453	-0.0188142680449329	-0.00428524193288736	-0.00465431943795974
0.00414795297712999	-0.0070713448387597	-1.09321973249022e-05	-0.00229076416699549	0.0419408196264157
-0.00748966904735821	-0.00474768242562105	-0.0689642869046251	-0.0022717402023616	0.0363485646700226
-0.0181534208558773	-0.00791444101152847	-0.17540902753535	0.00462615438027713	-0.0202067335183424
0.0176388803204634	-0.00442700170566773	0.0243284304698732	-0.00360494288971576	0.0256036113754416
0.00032983990410288	-0.00599527200585197	0.0125600273439327	-0.00449992661927567	-0.0320736381051978
-0.01542038603346	0.00287034266399218	-0.0958465348086409	-0.00377793543991351	-0.0114426677936908
-0.0249355579891963	-0.00523676998222524	0.157221393318805	-0.00346315798759054	-0.0446089319340177
-0.0240669181329344	-0.00637232887954718	-0.0386512492059289	-0.00331347129643748	0.00189734225347531
-0.0234387883117846	0.0050083672596959	0.00288821337159262	-0.00259202441731636	-0.0234428343068971
-0.00688562447476733	-0.00708131003390067	-0.0506038758759107	-0.00225529022304986	-0.0205956431222458
-0.00916125481356795	0.0197203247761342	-0.0760951341141225	-0.0049383324971228	-0.045502072169623
-0.00353705506363564	0.0150307607520524	0.0381651901702208	-0.00412098729671984	-0.00721118946252214
-0.0230964317819847	-0.00752876293192444	0.164148787184707	0.150878595952313	-0.0476029681429207
0.00823071167337035	0.00232424471173546	-0.0908532116739991	-0.00404542093364551	0.000100802409930289
-0.0255660513501546	0.00440991605864162	0.0207448651817003	-0.00339324986947997	-0.0200656970666462
-0.00128634654379978	-0.00643035537524626	0.0967260829409319	-0.00276610998387119	-0.0212651734997201
-0.0234199576055879	0.010037751102372	-0.0169486824901578	0.0146865019909927	0.0212654480972528
-0.024029443659135	-0.00705999958681907	0.250008114857105	-0.00303351313757318	-0.0492020606929405
-0.00873870810649693	0.0245123390717924	-0.0551704125886041	-0.00341409149760395	0.045026706690892
-0.00936764109021347	-0.0066748239868162	0.0834240047156251	0.0294901718126393	-0.0351295189789425
-0.00508460428297721	-0.00762190261403442	-0.0336366599577063	-0.00288355655959434	-0.0485914790803359
0.025983493184152	-0.00733697717778246	0.0323682089963926	-0.00472577620872887	-0.00734477168828956
-0.016699997663127	-0.00675274283365286	0.00495280986558499	-0.00467433098520218	-0.0196382516797093
-0.00982928030931033	-0.00600211535790205	-0.012714347531647	-0.0041008389719991	0.0406367491066334
-0.0234932365551478	-0.00741514999224387	0.191346353161479	-0.00377395519071792	-0.047029122555715
-0.0250681152436338	0.0112509389818092	-0.0216252542899885	-0.00432320181872299	-0.0444669889875314
0.0213627390247606	0.0231792264283166	0.0385056772340166	-0.00344335463771585	-0.0482800367955202
-0.0255770230296507	-0.00744548107026386	-0.0283020365755153	-0.00314989945486191	-0.0330062960853966
-0.0255288050007438	-0.00555127820141016	-0.0396165577159075	0.0279203582722434	-0.0115015578672836
-0.0232845473729751	-0.00635586504155068	-0.0604658814564171	-0.00371647169063381	-0.0111342657311179
-0.0145555397680463	-0.000194993314763562	-0.0201635915865289	-0.00335328237894161	-0.00727903724632499
-0.00526752979715344	-0.00579417490853191	0.13120052967737	-0.00327020864467324	0.015344959013481
-0.00670066490902811	-0.0079656552194712	0.0194919141382064	0.00498765773212208	0.0112854499549832
-0.00311613686260362	-0.00742258548764059	-0.0567573718007974	-0.00306504018538291	-0.0355136991602095
-0.0234944482895857	-0.00779153778716687	0.114927912077961	0.022537261957027	-0.0137632434565045
-0.0263882395544205	-0.00540871676221223	-0.0652338970847854	-0.00317951826180291	0.0370389503072017
-0.00712376932339473	-0.0077773832018557	-0.00480219834042525	-0.00346540303691379	0.0269420644408086
-0.0275430533702819	-0.00548910458638831	-0.0724409009729981	0.0103858711149229	-0.0230422407260474
0.0307784922690394	-0.00791657311472239	0.0310308823746925	-0.00298438769557705	-0.028662957541408
0.00727893293748714	0.0267747985279713	0.0497450497535604	-0.00337801115599711	-0.0200785499143761
-0.00448766530827148	-0.000505465002313267	0.101651671988384	-0.00373909351883297	-0.0156910305576389
0.0334561187562169	0.0164239659421389	-0.0612822803278193	-0.00487955215961437	0.00269624754986066
0.00291665302243669	-0.00653522278696941	0.000509778995226822	0.00409655842188305	-0.00999886452376856
0.00143631493560286	-0.00829070872686174	0.0861580177387546	-0.00407143728436232	-0.0430680388648978
0.0284443365007891	0.0194982160520068	-0.101700967931663	0.0628795436502194	-0.00123749612913976
0.00669892969901844	-0.00599584900286296	-0.0750944176799405	-0.003128908749825	-0.0283153695387804
0.00172760619030283	-0.00792783000059827	0.0439223013014538	-0.00365279137510518	-0.0340843752507307
0.0314958133350627	-0.00868211890409121	0.000873813215084173	-0.00378806684811077	-0.00448800704561062
-0.00529128126003695	-0.00764694273772767	-0.0116770705311729	0.0140289453461056	-0.028028590748836
-0.00958473558659742	-0.00768814535021574	-0.00617462911780319	-0.00337659051348918	0.0046107055777316
-0.0217027423874673	0.0243950064717349	0.148636984285521	-0.00274474636023421	-0.0515559560662874
0.00413709411305333	0.0200819125578047	-0.0412310243350322	-0.00264163339761237	0.00688537688997822
0.00209123806081587	-0.00813808085479377	0.0694873686236093	-0.00339097842539843	0.00214193545730963
-0.0262934859857043	0.0634817450476839	-0.111402793599254	-0.00340217044699108	-0.0488730015049878
0.0314618459347938	-0.00715156349292671	-0.05899273820853	-0.00369349190080598	0.0285145229812459
-0.0103991612335245	-0.00697303040363874	-0.0697456606397604	-0.00374594369692518	-0.00341955401327967
-0.0208483257110798	-0.00875385103773299	-0.0853394984006766	-0.00319777907704617	0.0271976846224732
-0.00493222805933717	-0.00511181473478933	-0.107843070484686	-0.00355435082772955	-0.0420075502385046
-0.0178155527246832	0.00948053223033349	-0.031389614158806	-0.00369108506785589	-0.00317807925406517
0.0061522583195551	-0.0051348398088202	-0.0585715511076687	-0.00321137496660661	0.0608141961309045
-0.0226575324916108	0.0248355386060977	0.00488207525389591	-0.00342778222575181	0.0144081604628315
-0.0245004110720076	-0.00826853237871573	-0.0638212470935222	-0.00389888720120008	0.0406282014281432
-0.0263330941445644	-0.00675126995409518	-0.0988414778912052	-0.00372974786028224	0.00568683155070233
0.00645199592540325	0.00151877606233827	0.0152532689330954	0.00483345523565721	-0.0152442486385525
-0.0282290030682014	0.0236381025149044	-0.0496202846905694	-0.00391807153549165	-0.00464018277657315
-0.00494077802983781	0.00170024354475183	-0.165104489077791	-0.00404143253139027	0.0500362117628328
-0.0227732003270897	-0.00823610057528854	-0.0317929002054893	-0.00416132644435879	-0.0152832489399031
-0.0255538572044353	0.0107440018954052	-0.0973196852050241	-0.00329212014338362	-0.0145888882489102
-0.00326754405396623	0.0158135912926714	-0.0563554076432533	-0.00365943900248391	0.0155808116017961
0.0127543373086998	-0.00756163347973456	-0.128223064178552	-0.00306564184721305	-0.0143414132583888
-0.0195297476876772	-0.00716509092040336	-0.0197083310999097	-0.00290842945461292	0.00109640963948612
-0.0257331143142636	-0.00726853709522107	-0.114068722774287	-0.00366282940954506	-0.0162590644697171
-0.0244551415907491	0.0314964348731862	0.137223668757372	-0.00301076183556819	0.0588890014808404
-0.0247617587108638	-0.00764582311650691	-0.0998823693855248	-0.00355634061210514	0.00954889298062193
-0.00625620811655021	0.000845542556618066	-0.065764932319917	-0.00349283337231971	-0.00560304238373691
-0.0211525171997872	0.0108736667020115	-0.0104307022216537	-0.00327156781544079	-0.0136463318421534
0.0269661442353225	-0.0071229769885518	-0.106710961086985	0.0311052675975759	0.0421407875532922
0.0101009851623663	-0.00659153577620126	0.0534451573339007	-0.00306472796710585	-0.0544100898104852
-0.0275662923606364	-0.00495690341944121	-0.162420234489302	-0.00349563827429452	-0.00893756050554094
0.00154622624467079	-0.00761621792432349	-0.0830268507602315	-0.00294131972898705	-0.00732284473763403
0.0218302126144521	-0.0072431463585479	0.153231124241676	-0.00250514437623038	0.0362162809204154
0.032600976222079	-0.00735336255892129	0.104587265655024	-0.00456920650060062	0.0157567618403828
0.0081302300516175	0.0373967386232558	-0.0470875490302723	-0.00400470049193092	0.044967461418887
0.0148839692573769	-0.00232351953710403	-0.0144738676444813	-0.0030258261409034	-0.0126297754933567
-0.0192464334858157	-0.00101452475260677	-0.0587708124859177	-0.00347828927500338	0.0219839049470724
0.0675077533095606	-0.00720405106976916	0.00889038931072665	-0.00370733324578624	0.0249283158741897
0.00895705031840492	0.00116823094085364	0.0552749689812168	-0.00243716497726874	0.0221372033073564
-0.016471547839687	-0.00698094968297695	-0.0248818839135257	-0.00282143891772963	-0.00570384201988549
-0.0142611170184954	-0.00557336417708576	0.0398527200317569	-0.00416886652158145	0.00139559756600026
-0.0112804558109932	-0.00757341054040337	-0.142582550489604	-0.00376265294385289	0.02588843902648
0.0125703502948019	-0.00762754733585853	-0.0150588079913386	-0.00333737990913752	0.0283930809146835
0.0160841560049289	-0.00673194904387276	0.04690808228439	0.00840467015241605	-0.0143383915942977
-0.0246394840290165	-0.00579659542610478	0.151870032437638	-0.00341855444889534	-0.0434739129504665
0.0686604566205956	0.0137878229501948	0.0340635567465263	-0.00356064649210045	-0.00410478771386451
-0.0233766211221974	-0.00732385999841272	-0.0380339083777338	0.00586556688137761	-0.00629621466994524
-0.00232965438191789	-0.00616429298839776	-0.0304568135268347	-0.00264690243106025	0.0749660729171509
0.0567332331962851	-0.00766482203134616	0.0155716681659356	-0.00258002304837959	0.00745948188231124
-0.00394280437895388	-0.00550114202378094	-0.0392839649410079	0.0803258701158701	0.0221541739559894
-0.00944602176377708	-0.00670544368895498	0.00488922470843909	-0.00391068715697558	-0.00104499539984322
-0.0252061691348346	0.00740562970644533	-0.00797810892951299	-0.00328492201616682	-0.023749505332633
0.00821392285427376	-0.00703860383930539	0.0918795476874164	0.0301919603546063	-0.0537141490304482
-0.0142046187827944	0.00730307321514363	0.0579031567064691	-0.00270646413969639	-0.0276764802155712
0.033817499983895	-0.00751089367993097	-0.172609804174144	-0.00263894871273595	0.0598912420095512
-0.0182005792547953	-0.0075435308826131	-0.0798451798284569	-0.00371096828884527	0.00130824213970998
0.0479917259702189	-0.00803482914188222	-0.0576087456142739	-0.00376105728028319	0.0227626378305887
-0.00402657252517418	-0.0054355811888902	-0.0361340911253477	-0.0041220915145776	-0.0234246222206805
-0.0227301244583294	-0.00743791066459078	0.022718953408169	-0.00264935863291261	-0.0195902697153062
-0.0225868220103506	-0.00775821653904297	0.100247494071563	-0.00312189402764156	-0.00891429059702095
-0.0185465098117588	-0.00562284659564319	-0.0362972414677968	0.00477485269059128	0.0320745877763714
-0.0232143216322342	-0.00743330929605217	0.00353772619680504	-0.00384289900075537	0.0349178988822949
-0.0243511327645038	0.00629410624267793	-0.100051398129188	-0.00357417311087271	-0.0184074719717203
-0.00590813803364639	-0.0054081304157114	0.00322038064372044	-0.00417652244094444	-0.0474585223846266
-0.0266833802788799	0.0121852917394332	0.00695630411238456	-0.00532043538002836	-0.0409728116506467
0.0780585499454993	-0.00828725789879708	-0.152222311408591	-0.00470659517496869	0.0595868730445703
-0.0116554698178999	0.00395228119320129	-0.0104600996751448	-0.00364879985053697	-0.0218484801071934
-0.0252512467701256	-0.00591243326363661	-0.0656003938008634	-0.00409747044709638	-0.0193034837871993
-0.00842070613014852	-0.00735272591860243	-0.151266271405467	-0.00242992576430467	0.00793252746190591
0.04501105298228	-0.0056087604868692	0.114701558442523	-0.00206553780838334	-0.051658769946224
-0.0263359372396963	0.0167799921879698	-0.081829705978237	0.0083819646028933	-0.0140050226220833
0.00235257275677987	-0.00824672055626456	0.00161317373684107	-0.00437962614887264	-0.0427717333449812
-0.0021636849053945	-0.00785719280179824	0.026970762399213	-0.00364556767228747	-0.0117056515621379
-0.00298162308295339	-0.00787968899680384	0.0215124749230352	-0.00374913425010605	0.0050967282445034
-0.00471223573301899	-0.006312112232785	0.00580883400011177	-0.00454128264493406	-0.0119817756952868
9.14499403751059e-05	0.00456433231135828	-0.0092631744174628	0.00983850452399853	0.0297179819583658
0.0209596013629291	-0.00748676416537919	0.119099924548284	-0.00249854255648492	-0.023581300626554
0.000843905440531488	-0.00719921567772448	-0.0553284283845626	-0.0042051513551112	0.00166584798303725
-0.0256790594681813	0.0232476310247781	0.129576129736202	-0.00407374998298616	0.0091662314368995
-0.0217754991512279	-0.00786182206061865	-0.0974854784124153	-0.00265052856810299	-0.0177153079812025
-0.00486843886073148	-0.00730922742766831	-0.0170141749523286	-0.00352076430651444	-0.0290778449411512
0.00795835121317994	-0.00797872679954302	-0.121484357376275	-0.00322020913975629	-0.0391903496906874
-0.000508929424403657	-0.00797425693333259	0.0160257661143886	0.0206746083181663	0.0364921367193398
0.00728859347565753	0.0368381153052593	-0.0275604869121598	-0.00364004678547204	-0.0181396625656298
-0.00150846210401559	-0.00747171897499213	-0.157440021809966	-0.00305690155762217	-0.0023290863368943
0.00617306849601807	0.0234335217112309	0.0627205821943108	-0.0038611693157681	0.0156138545589552
-0.00844695635809436	0.0239025953083468	-0.16528858139061	0.0134183709657622	-0.0240858450225487
-0.00333466427708093	-0.00794400306931965	0.0740808155430669	-0.003820336174838	0.040284663603558
-0.0287152774423937	-0.00797665947918637	-0.109693053693294	-0.0043128042945062	-0.0312319493485195
-0.026150222902487	-0.00742011648536096	-0.117297993244601	-0.00403871564980325	-0.0551651127965151
-0.00991929462162012	-0.00706221754087532	-0.0400370219020296	-0.00223887926941565	0.0133851632671649
-0.0110619145906143	-0.00749152309706528	-0.0863279717024103	-0.00319433452886275	-0.016090922929724
0.00759626030318805	-0.00864773552868548	-0.0126518419976795	-0.00351140983876735	-0.0207022926344982
0.0186412822674894	-0.00805669128394382	0.0739346968723304	-0.00352706368566235	0.00572597713194571
-0.00201089533720218	-0.0071198520580113	-0.064353098903188	-0.00247084305786808	-0.00899295106898527
-0.0257623959375939	-0.00534880352235778	-0.141583939461836	-0.00406956693856128	0.122625041107546
-0.00873660080497614	0.00829280694428709	-0.130408564312881	0.0288650672571041	-0.0571339804908838
0.0313470395142232	-0.00698000890369057	0.0879575903962695	-0.00228115422719234	-0.0471910224984129
-0.0248533033648208	-0.00783333650109942	-0.0508192415874295	-0.00328485016735188	-0.00814938203398338
-0.0222982186888479	-0.00844067605265916	0.0464683986331055	-0.00363931209932232	0.00329555750316773
-0.0233457567568349	-0.00771662503705154	0.201996315443711	-0.00350076904890973	-0.00913233590526407
0.00739304984902979	-0.00863623180901918	-0.0177290778880583	-0.00336784810477593	-0.0108809033388262
-0.0139118693744502	-0.00654299644856417	-0.08019942014927	-0.00213623534744432	-0.0195847864824385
-0.00694361114360115	0.00842591029517684	-0.0548951478527996	-0.00178862691751897	-0.0279219038532012
-0.0134251405175735	-0.00871887883041958	-0.114000882600163	-0.00420551658462895	-0.018748540713904
-0.026092716320863	-0.00800584046461826	-0.14838321311459	-0.00358663269500682	-0.0351787010262908
0.0220492082902927	0.00440641159465129	0.0103234052082653	-0.00410448542337976	-0.0165071886227809
0.00782584121625379	-0.00810656421158709	-0.155498987723384	-0.00416420124012671	0.00700680171256675
-0.0257417543900629	-0.00763650034612394	-0.0255589197705718	-0.00366515066369322	0.00370551492290723
-0.0229661356801121	-0.00760154305423504	-0.0985203557129655	-0.00280282079835772	-0.0268592430321149
-0.00744545448690043	0.0290661937458789	-0.0497553989594561	-0.00489289249956642	-0.0532245993999154
-0.0225564090461625	-0.006789538720749	0.0200551408306196	-0.00230062123903117	0.151395332751041
0.0407393449819869	-0.0074278982285586	0.125775184043098	-0.00359911788899761	-0.0468760597271237
-0.0116802544663293	0.0116345203754598	-0.0233728249422701	-0.0035072188112198	-0.00288532552867811
-0.0255586982677457	-0.00602215613195813	0.283584828215877	-0.00348670931552275	-0.0525009653043937
-0.0237428476815705	0.00102664676957521	-0.0500977975942992	-0.0028953405831676	-0.00598321370658939
-0.0246113427866693	-0.00782694412015579	0.00544783769987231	-0.00384588283079843	0.00965485310196253
-0.00844214251937607	0.0216029952709898	-0.0985046192315748	-0.00260998899281668	0.0364203243745014
0.0131810183901338	-0.00579191447513575	0.032951391344376	0.0156294527841129	-0.0214555293638249
0.0117500454862366	-0.00770964139849394	-0.140017204094919	-0.00397081929880803	0.0168307199485936
-0.0270945757652038	-0.00612320704970261	0.0573341590051206	-0.00372630415854388	-0.0162675224408042
-0.0254217386449925	-0.0070060700063866	-0.0123832732788338	-0.00297997737533862	-0.00913416036458207
0.0105169109391673	0.0115611116474479	0.00701170307785805	-0.00384555413825083	0.00416134063956351
0.0179864491987909	0.035176135531442	-0.0631426492436049	-0.00356529332819723	-0.00710520884514348
-0.027158236201203	-0.00691482391558346	0.0329061499993669	-0.00450253472559689	-0.051939116433783
-0.0258131942547883	-0.00800835613630487	-0.115195731692825	-0.0045508201924227	-0.0276977223527663
0.00814054158621611	-0.00795112407810098	-0.0360216237050491	-0.0037353774708078	-0.0162513614048998
-0.00824333084070173	3.87206237688171e-05	-0.0567242896918143	-0.00318015747207633	-0.0140609530753699
-0.00338604303940779	-0.00813143147502372	-0.0422317965381613	-0.00342478553457062	0.00023774772067944
0.00182621337267875	0.00340243267006552	-0.159319269092212	-0.00387510976507311	-0.0155422352292044
0.0297932334669961	0.0435739110301433	-0.11765385458002	0.0139208869767756	-0.0315752963807678
-0.00273537271605023	-0.00312746220343912	-0.0901450621279286	0.00693173992484679	-0.00112636072717342
-0.0246551774402591	-0.00664695051604194	-0.082085337879027	-0.00389773570133946	-0.0455837979936513
-0.0246125620235103	-0.00711543640820391	-0.0622068804433716	-0.00268738727271378	-0.0311855369402831
-0.0119546836022787	-0.00739753844547394	-0.125836991681886	-0.00330095961650424	-0.0264878917962862
0.0149502760375613	0.00742528290316824	-0.0891459000463829	-0.00162077735292568	-0.00152891216584795
0.0108457986621034	-0.0079090738233829	-0.150194621208057	-0.00496161288865518	0.00145609710006362
-0.0235063793841398	-0.00770322785667549	0.130748132886738	-0.00333338130787611	-0.016764928514065
-0.0239549930492587	-0.0063877068990975	-0.150526975764903	-0.00373456358406353	0.070890276389101
-0.000426458620604824	-0.00552553602712481	0.0389128388490826	-0.00413129564233172	-0.0217496259602237
0.00218409556918528	-0.00316995833060842	-0.0146659867730862	0.022863468961471	-0.0288543429742413
-0.0138165183343337	0.000125686649357998	-0.152771211222178	0.00146170082825901	0.0318173504863467
0.0312673576500532	-0.00844477090522869	-0.0573008350974819	-0.00393180626132106	0.0195539984803832
-0.0209668253624724	0.0146843593200744	-0.0370633941423196	-0.00337930693011227	0.0257943761941764
-0.0125167169114769	0.000564433949543891	0.0387373031562688	0.0146504223466268	-0.0324810940223637
-0.0237966134794806	-0.00650521925369988	-0.138371458812438	-0.00214899378936461	-0.000979868717343002
-0.0235758147156889	-0.00703784644665602	0.0343499254179494	-0.00273119828485278	-0.0491049917279729
0.0152774215017603	0.0146267388249597	-0.0295806300596167	-0.00299136134049418	0.00997596465140016
-0.013209781456863	-0.00725889887022277	-0.0885125644113959	-0.00375793286572485	-0.00189326997518782
0.00506675685299587	-0.0059431320932927	-0.0889387767793616	0.00646925955977636	-0.00318729574686786
0.0304344898417205	-0.0066872863237576	-0.119312413963434	-0.00267267057043602	0.038117215030765
-0.00819529898411942	-0.00836536716015316	-0.0380494235378584	-0.00447130884312216	-0.0142355184512373
-0.00469339095882555	-0.0076509078642035	-0.142494098432891	-0.00325713751609471	0.0429089921373458
0.00821508798666582	-0.00612924785588209	-0.0637875480671087	-0.0033286886631336	-0.0103837954513471
-0.00154590485721464	-0.00801050789564293	-0.175114225161651	-0.0040440254585764	-0.00109068339255418
0.0081057326324851	-0.00740973941136564	-0.109322504528068	0.00801825997534559	0.00379380993295379
0.0285261258919631	-0.00778689674717261	-0.0075751333526157	-0.00370884875261822	0.0061293621701604
0.00416141802324403	-0.00763913032135334	-0.00981981948043177	0.0552867440107836	-0.0379524478322919
-0.024233673260721	-0.00818452166242033	-0.117153801033662	-0.00409219484155282	0.00925787213079334
0.00819238389472431	-0.00749327437040852	-0.19620721067329	-0.001856582509158	0.00834959613165125
0.0260593318498862	-0.00741532888696051	-0.158022398362999	-0.00341170926542281	0.0181040855256165
0.016177158577314	-0.00701130964559311	-0.0323532286541618	-0.00398233863051355	0.0467242589043138
-0.0168031055424826	-0.00626604122840573	-0.122254907011229	-0.00367170086571319	0.00835253178977099
0.0103345552370972	0.0097872950107756	-0.159972177759586	-0.0034900783516606	0.098073843702778
-0.0141943029452901	-0.00685914283927689	-0.131467271796225	0.00850340852176817	-0.00118243172469848
0.00574598732582271	-0.00764064346045193	-0.0190664564948717	-0.00320881164352647	-0.0198969025985372
0.0215429948479563	-0.00150436516524649	-0.00233332256771422	0.00272767834750034	0.027489412691239
-0.0048592962300197	0.00879482391788871	0.0337468151813006	0.00997267911157029	0.0273729527393125
0.0884488817942291	-0.00631794473404229	-0.0896053206329211	-0.00303110596290225	-0.0523347940370798
-0.0114358219846634	-0.00840872689179397	-0.0790194859989467	-0.00360027006413471	0.081151994659823
0.0332399614573901	0.0116427981925856	0.106696248224113	0.016484379393764	0.00355389148985232
0.0640985521669489	-0.00746693897894089	0.0289583967489615	-0.00365606786081491	0.0593250419943282
-0.0113682442512461	-0.00670701329003408	-0.00987857524942801	-0.00300643384371829	0.00249685469371844
0.0298403097418422	-0.00772422834321003	-0.0498019650157369	-0.00285840634355532	0.00189894708313859
-0.0154172162870316	-0.0075572131236114	-0.0848624953094834	-0.003963072991309	0.0698679451916416
-0.0224751399293794	-0.0073966358060858	0.0315696153573836	-0.00221435422535439	0.0442431234352897
0.037383559635201	-0.00830762913179171	-0.0816995103996763	-0.00299234669398863	0.114737952504643
0.00996180607712088	-0.00725732485782612	-0.0807532622546481	0.00283911264080756	0.0225916771371654
-0.0154712107632973	-0.00723456973211395	-0.138418196974124	-0.00396606996842816	0.00296228322877526
-0.00833917080322151	-0.00775447183777148	-0.0816218586128652	-0.00255648644927134	-0.0285210280375817
-0.0139975954082567	0.0097974430962907	-0.0282600612035502	0.00531339344827069	0.0525479186256669
-0.0247796362280145	-0.00731992403970041	-0.0441945421288055	-0.00288505959119268	-0.0229690547617095
-0.0136168102345911	-0.00667644965427816	-0.116402013348139	-0.00320822809596449	-0.0162809977301431
-0.0150808507848475	-0.00779733288316059	-0.04739312169162	-0.00382140949092217	-0.041151063415035
0.00139296102028807	-0.00627891852977483	-0.0939059087974187	-0.00155772519341494	-0.0161197540438452
-0.0150609575980373	0.00527344924073484	-0.0761329604758352	0.00656278946518888	0.0174418815158
-0.014337327367138	0.00466534300677855	-0.122358476545689	-0.00411253212755415	-0.0235223521470926
-0.0266658072638483	-0.00622472947505343	-0.136205518100308	0.00625386794564133	0.023614438034823
-0.0277533558217295	0.0197950698947995	-0.0127168171286822	-0.00387071938038244	-0.0215194447986377
0.0221874920486617	0.00781174053056646	-0.00307763456215482	-0.00390177477844301	0.0394846622799195
-0.0144922050676107	-0.00633358843182028	-0.231646534114247	0.033765477149917	0.0115046280936906
7.90138514611322e-05	-0.00684685403854589	-0.0628251871380421	-0.00315966817168812	-0.0459576422215239
0.0239612187172386	-0.00721090226372237	-0.0845820129055695	-0.00314874235831457	-0.031578258559491
-0.0222974972951873	-0.0083569092354034	-0.0511932707976434	-0.00415273204376841	0.0145132015832689
-0.0271152846072919	-0.00584340776424221	-0.156903534295053	-0.00353703363034965	0.00634346886816987
-0.00722574212413848	-0.00794906487414167	-0.0685909964427826	-0.00390219563859743	-0.0158901588156402
-0.0131962958710685	-0.00611555593587868	-0.10002012421515	-0.00381696318336538	0.0015753084066769
-0.0259978847541741	-0.00710408353978889	0.155192512079636	-0.00342665822194686	-0.0567513502153565
-0.0238538355582257	0.0731752168438298	-0.127525633480561	-0.0043353297723423	0.0361831104501052
-0.0155564413955767	-0.0087336605613732	0.0633002920304982	-0.00470470019882469	0.00449558986732449
-0.0227332645701899	0.00541956589138399	-0.00692420103639775	-0.00225018154857079	-0.0354285791419413
-0.0118495529829728	0.00540464074246999	0.0710663053408471	-0.00421142015256204	-0.0079569997558057
-0.0241696809506435	-0.00827594343728536	-0.0720459160800573	-0.00355089202072655	0.065769046924903
-0.0270027782448795	0.0163835157357937	0.0141004212136367	0.0311161599472149	-0.0297119008652121
0.00151842961622375	-0.00100488907973878	-0.0136995292412486	-0.0040730471465407	-0.0199930282555886
-0.029116104374472	0.000541111119656144	-0.0810862475942517	0.0213068675641715	-0.0323127720622594
0.0252268128178191	-0.00617592775782743	-0.0664430336436567	-0.00304574104490375	0.0266109395620657
-0.0223220875903275	-0.00724166542397623	-0.0890190883504406	-0.00220757317268224	-0.0181434942112462
-0.0240486283752693	-0.0066360417015359	-0.0592135268968442	-0.0026814469405902	-0.0495791869814239
0.00726513494039319	-0.00641063109865993	0.190034129635124	-0.00374398865341569	-0.0443964477874355
-0.00442712731292477	-0.00795909409440376	-0.0201420611837013	-0.00394544972899354	-0.0306351760984162
-0.0267989616267891	-0.00708114746219122	0.0215503960410925	-0.00352315705142751	-0.0131983077807435
-0.00731346298696657	-0.00533486136562875	0.0291332486293466	-0.00408938310382398	-0.0272973903633676
-0.0243665366212811	0.00198903237096312	-0.0508092068104001	-0.00320217793158898	-0.0259627851847875
-0.0242585123371302	0.0131693381075287	-0.0735174522607333	0.00316932235561566	0.00347434677698286
0.00549765921728551	-0.00686860098261442	-0.0456089464318614	0.00694883806134787	0.0213736537974516
-0.0258599966726804	-0.00739949928587738	-0.178565106738696	-0.00355140727255169	0.000689688515745081
