ADRBK2	APOBEC3G	APOBEC3H	APOL6	ARSA
-0.00512393989689401	-0.0134698594648024	0.0150669294231996	0.0276905671172653	-0.0300852094553767
0.00127605712030929	-0.0419935082173049	0.00612885810685141	-0.035438456230136	-0.0301765644784683
0.00138617400721577	-0.0280985631085799	-0.00321014715941179	-0.0249613423045576	-0.0075094726546821
-0.00535985920783841	-0.0264913028788858	0.00706276478926702	-0.0254014135606979	-0.00727895133647359
-0.00586866705162576	-0.0265577989779123	-0.00768644730182419	-0.0197722305241071	-0.00861679059672636
0.00368140411400299	-0.0490354163667658	-0.0131190680187248	-0.0242885686727922	-0.011521558286786
-0.0052381118496636	-0.0635705878323266	-0.0141669511695261	-0.00787554490220193	-0.00925269151122043
-0.00580878770995331	-0.00424183097753545	0.0145055394719443	0.0870345543116547	-0.0318223297213671
-0.00520404984427086	-0.0345882487385074	-0.0169952959751055	-0.0136787277764382	-0.00187433818178646
-0.00578169715811107	-0.0374436246929739	-0.00360170686330721	0.0152387999044571	0.011648127789533
0.0199234082619002	-0.0416863987981311	-0.0159631819698414	-0.0153124535359081	0.0206167500187237
-0.00574731224017826	-0.0421326559412748	-0.0174819772335038	-0.0256025404952878	-0.0150913425108577
0.0152562065810907	-0.0341663952893907	-0.0154003567132852	-0.0499909456204593	-0.031496037442191
-0.00495616172475589	-0.0412574704597706	0.0329389826076342	0.0228246657483279	-0.00636814080202247
-0.00642628926178246	-0.00828427266528118	-0.0172131481371613	-0.0164351194373961	-0.000874583910322608
0.00833369673898919	-0.0442100553117929	-0.00872514470521973	-0.00815281409337133	-0.00480441927693809
0.00787812863451601	0.0184510002086344	0.00513090119582984	-0.0191086119029898	0.0209844966087984
0.000507312673872709	-0.0224299279307953	-0.00999200923243713	-0.0215601908851448	0.00123504448456696
-0.00465420219591563	-0.0182576218193365	-0.0163158182512201	-0.0285697614610257	-0.0110483864965933
0.00202067078514983	-0.0248726346362881	0.00277274758856569	-0.0216340839006404	0.000898202656697895
-0.00474532695029956	0.0126369841828474	0.010413309411095	0.0257120914559436	-0.00547674553273644
-7.94937441474997e-05	0.0186793039496138	0.00507692852847732	-0.020296196224971	0.023787827808541
0.00426587393144852	-0.0516884219988642	-0.00857675691624145	-0.00651265720558804	-0.00350414629926972
0.00391699386938941	-0.00508933274353914	-0.014642814222375	-0.0148589989987432	-0.00506192991595773
-0.0043234173221595	0.0592160088167391	-0.0028711266671806	0.021581327196013	0.0382796982935318
-0.00761547614302721	-0.10330259352537	-0.00394248702522087	-0.0554534880299523	0.0600594054689407
-0.00176000080603374	0.00158293355643943	-0.0117001937889452	-0.00509191345417152	0.00750666116917488
-0.00617395481167969	-0.0283137239046371	-0.00574578393133537	0.0336898752156898	-0.02200831580819
-0.00409451002116506	-0.0766401817131894	-0.0128691578227325	-0.0405539058407946	0.00966292919222348
-0.00237320590805264	-0.0205297957309287	-0.0142867476591645	-0.0195275024733579	0.00776499598266401
-0.000555255300162486	-0.0385507210024452	-0.012319508070806	0.0364251345684079	0.0156120364802883
-0.00490750917282529	0.0468279051827816	0.000297341663055861	-0.00925181120264107	-0.0163186206300601
-0.00496511074954315	0.00413434428860887	0.00357980544119731	0.0492285012579267	0.0107164626170281
0.000254258466425491	0.0282459979466619	0.00590588547472901	-0.0166368690092199	0.0014575171384302
-0.00562502415873068	0.00744418833928329	-0.0148382082147937	-0.0136176782214846	0.0002475233539994
-0.00499591424680922	-0.017328040760525	-0.00359903750139052	-0.0174090628739788	-0.0296827845388824
-0.00545042023411223	-0.00609079013191892	-0.0137038190036798	-0.00931813553293502	-0.0146667596953339
-0.00543517773571103	-0.0978607216915713	-0.0162979727229452	-0.027942103833153	-0.00645962472161882
0.00661560230231138	-0.0396978634277665	-0.0128432689717675	-0.0335048098364914	0.0303138597296484
0.00309940902786231	-0.075530994397471	-0.0156266285740295	-0.0480267736653598	0.00992115588340185
-0.00322815167469165	-0.0232242300602727	0.00482275363244131	-0.0249501269054122	0.00481207341886966
-0.00549214118918092	-0.0594945056991277	-0.0162254735970892	-0.0127702409463354	-0.00525760214573307
-0.00594644583220565	-0.0405042633413273	-0.0104247997656556	-0.0230303865215581	0.00290282354295673
-0.000643776630341848	-0.0960805240598023	-0.0106287710855063	-0.0478678169192956	-0.016262977844229
0.000108494543884417	-0.0680807776745135	-0.0172608422712339	-0.0461099931293716	0.00332601710999512
-0.00502094615907595	-0.0510515680908628	-0.00737676906389026	0.0105435978773584	0.0125705694680547
0.00519041745209998	-0.0170501994963876	0.00702105871224505	-0.0263241084771993	-0.0170479005998113
-0.00410976658305103	-0.0734062342288413	-0.0178504360478774	-0.0445436685360246	0.00499325572000518
-0.00109339527570277	-0.0500468397988235	-0.00834001428699853	-0.0180595740435869	0.000643674935187661
0.000857767075720111	-0.0479188518239296	-0.0154374110513329	-0.0137959956375176	-0.0246328061302302
0.00904156615665459	-0.0527244852807914	-0.0135351698530485	-0.0345182799326661	-0.00333852570993865
-0.00473709341906915	-0.0156343676027099	0.0522060064793645	-0.0224039839770624	-0.0159819982976654
-0.00592763954711508	-0.0405209022933668	-0.0156067431369042	-0.0534064828342654	-0.0119349772953203
-0.00492061960167672	-0.114347482219231	-0.0159145435495178	0.016928073655581	-0.0311350450268944
0.00309763566054117	-0.0171215560813046	-0.0171593252129893	-0.0254143868615503	0.00878289382387672
-0.00039028039701902	-0.0800122467757059	-0.0102059654142608	0.00567421776184058	-0.00260598312436765
-0.0048943891127116	-0.0276585999795854	-0.00675487124571362	-0.0242232324834408	-0.00306595504195983
0.00943831994365298	0.00450308932322097	0.0117460815492574	0.0639815114491235	0.010621530701531
0.00724466758957507	-0.037951807292438	-0.0164569508470055	-0.0381622783063471	-0.000620069886225616
-0.00635556754189935	0.0181729185720616	-0.000134331106110944	0.0100302616343409	0.0278746909943425
-0.00570163114307988	-0.0631917385060451	0.00310669199965009	-0.0193399469478133	-0.0107804181283546
-0.00523976573572771	-0.0251695356933911	-0.003016163202033	-0.00627543998842879	0.000316122910135795
0.04304959806502	-0.0228814642967842	0.00729888278991321	-0.0158268207007436	0.0655676227957787
0.000453263381540215	0.0279641759503842	0.00121025697924043	0.0111796891325625	0.000761057425057496
0.00737491224352856	-0.0546464750864615	0.0198811290848751	0.00113305333094405	-0.0293861039013666
-0.00465687226596082	0.0699753297728559	0.016750874509194	-0.0242021604277031	0.0342310540012568
0.0107298323900132	0.0181620777447822	-0.0147571825933191	0.0503635890480197	0.000914192771262288
0.0345102294048575	-0.0351650144866962	-0.0161206597891233	-0.0104054565950676	-0.0307761044978401
0.00654088733484001	-0.0525429836484355	-0.0147537536574637	-0.00923937626272522	-0.0162949548165789
-0.00490420717289161	0.0248062355693675	-0.000550721107608479	-0.0042480383339766	-0.00396287485457533
-0.00501154766480825	-0.00774218794280726	0.0636688174568935	0.0247953423072654	0.0351888554545084
0.0201065180526453	0.0676645773070258	0.0786852996220473	0.0377122055266367	0.0395315294177915
0.00277953596469095	-0.0398839114475248	0.0257065511764234	-0.0269223519451793	0.00756854472747215
-0.00442241490034143	-0.0178166821482474	0.00278513109914465	-0.0203448023343352	-0.00114651383733309
0.0120754154872669	-0.0171171624299543	-0.00937454026208005	-0.0295394717689799	0.0137842149424934
-0.00109118632851333	-0.0481538277251165	-0.00646907860237994	-0.0177583077690043	0.00247763006483227
0.0138183635848318	-0.0425111805415395	-0.00928630335698801	-0.0156173065207265	-0.000776048177851263
0.00387461886621934	-0.0177272574049437	-0.0132990238561641	0.00257623354656936	0.00458674216699046
-0.0051566714786073	-0.0124450821323049	-0.0138394354988154	0.0102820810915676	0.0247626440964345
0.00550809790742244	-0.0862168540530307	0.00351022708726774	-0.0381714000828841	-0.00111336574857217
-0.00548235813654221	0.1170775027322	0.0319725129596954	0.00736117875831116	-0.0123176485561554
0.0125169217017519	-0.0508000868143364	0.024538660070859	-0.0209854234028735	0.00464156114546902
0.00385352380010272	0.0351397587723878	0.0303047024401438	0.0400074207067974	-0.0017610497303515
-0.00553841064998618	-0.0503902667141556	-0.00392376279554879	0.0156218087248637	-0.0126128577306708
-0.00493522728330689	0.0954208455803043	0.000952916519900284	0.0197783280610169	0.0187143928019193
-0.00552275935715351	0.0117724259169006	-0.00500254796419929	0.0104877695101946	0.00580961602370043
-0.00446622708729023	0.00753306642058017	0.0131971955745037	0.0240643367392204	0.0167209255589864
-0.00459114230400459	-0.0535790528636086	-0.00131481106209176	-0.0337902110394971	-0.0234470259339268
0.01564658845119	0.0109788033410124	-0.00701061789190853	0.0144238189638373	0.000917138073038543
-0.00508697809858262	0.0642439881286251	0.00779536706215917	0.0298849795074979	0.0656299073242167
0.00633850908601158	-0.000153743004187926	-0.0163630460881872	0.0419092043598811	-0.00788246769724605
-0.00467232438209109	0.0320786619117626	0.000602902328978388	0.0969124863766741	0.0234942081017842
0.0132678257128	0.00452050336653211	0.00258951003071155	-0.00901859857761712	0.00713233290845354
-0.00446993520304109	-0.0426646618206012	-0.00979724126291354	-0.0177116599952805	-0.0110539188099149
0.00237614915838938	0.00546071198183017	-0.0147609561229497	-0.0276617513694365	0.00976365960513627
-0.00368972161218402	0.0292519861152581	0.012216735941535	-0.0609132738581404	0.00654624245646925
-0.00633958513268325	0.00177607973915192	-0.00163268522591967	-0.0376487532761766	0.0284148878825068
-0.0052767802113394	-0.0171072684416345	0.00411563740901209	-0.0136792032544427	-0.00676899618063412
-0.00612374799183127	-0.00844587472858575	-0.0111591223536923	0.0246864380622359	-0.00100160621540744
-0.0053354722139304	0.00977376734553756	0.00885584410638117	-0.00771639299366884	0.000142695124577551
-0.0046808686075116	0.00215367527014173	0.00354472260301389	0.0194087334121718	0.0250705475278581
-0.00520619025107004	0.0046628391026279	-0.000912855861654502	0.0106735373085173	0.00768986082217253
-0.00449236977479838	-0.0236902369478085	-0.0151869998903543	0.0544931560982881	-0.0197593637748775
0.00576438896064114	-0.0186325101689489	0.00911660800669124	0.008826776220976	0.00893451644008288
-0.00427273343489127	0.0425522642813161	0.00855512807755741	0.00846863545787445	0.0255768428455647
-0.00480282511033614	-0.0173112027434896	0.00104102095284316	-0.0466543698847338	0.0209589222106142
0.00827912263626384	0.0190100188760356	-0.0178215291815556	-0.0153966602391853	-0.0174714804749896
-0.00491910226294699	0.0461303225603276	0.00583106711479846	0.00926599885804262	-0.00770727940116221
-0.00624400145400764	0.0244914463220538	0.0081587796419044	-0.0187612189777801	-0.0119999506911148
0.00297366281436097	0.0384589326983446	-0.00850868240649149	0.0316707147173608	-0.0226803126434566
-0.00469185521271861	0.0234889270689047	-0.00898761067069425	0.0493069761481705	0.00158595418190581
-0.00590854935865452	0.0593937731149455	-0.0154928296806826	0.0108873009713608	-0.017482287946283
0.0010948175253481	0.00203364764331835	0.0192662939291565	-0.0415950573416245	-0.000153235878112576
0.0130430199222696	0.0434893364579206	0.0144705926975457	-0.00774368208689212	0.00675944597471568
0.000966310130802935	0.0250095727959965	0.00404278905504982	0.0351891640619937	-0.0163368458665607
-0.00445965071208217	0.207514753021651	0.00631777646041099	0.0208113131375192	0.00338661626383522
-0.00486960895586264	0.051202577048524	0.0151277147261298	0.0119179947272337	-0.000368795878161719
-0.00428526608048999	-0.0567519892927078	-0.0143249473064458	-0.000203968131745285	-0.0219826020523217
0.00273505566148642	-0.0431708292317741	-0.0186019461326628	0.00519977291902868	-0.00237440121811278
0.0110657873026859	0.108237072502462	-0.00603776251856023	0.0294109711514597	0.00108537171562183
0.00165504355277396	0.0267586340122928	0.00322641022867747	0.00754199088276599	0.0140189687126739
-0.00352944993882519	0.0241915009649589	-6.70178035795524e-05	0.0251608185755383	0.00467225476474055
0.00532785479305805	-0.00813771618791411	-0.0105805123719728	-0.00499542234457936	0.00422612796396842
0.00488341952568261	0.0190059158526419	-0.01560132282433	-0.0364290314380847	-0.001710888126427
0.00133441440213412	0.0615126761019136	-0.00378590392897197	0.0200509652832748	-0.0133167706914942
-0.00538134142009729	0.0274349585205642	0.0277774376651826	-0.0376162867819938	-0.0091167326265985
-0.00477415117294754	-0.00503236519579886	0.00933600223238455	-0.00281564214322666	-0.00604338352976341
0.00877476249079943	-0.0204942850179866	-0.00574786194847189	-0.0273496039908725	-0.00357100902208105
0.000316861246455738	0.0681308257430556	-0.0138407039889109	0.00737985425638121	-0.0191306148446871
-0.00469448435752917	0.00443664045576504	0.017324408006002	0.0302708224877152	0.0098669024698828
0.00325471133020292	-0.00637429128963961	-0.00830643197590132	-0.0153315602366216	-0.000186758836381026
0.00322901310406333	0.0273776514882174	-0.0179742832962249	0.0235160016043956	0.00564823355514996
-0.00617885909987888	0.0209379762250635	-0.0174446934922061	0.0130126745977369	-0.00452277139632029
-0.000925013799014266	0.00641285386950534	-0.0149615789080215	-0.00134036858016742	-0.00929969898024136
0.00513256366567427	0.0649900968465633	-0.00769349196294682	-0.0289949333987608	0.0151520332653424
-0.00531166782264907	-0.00663727379126464	0.00231902521791327	-0.00302312120051968	-0.00152302880414828
-0.00110487868407326	-0.0144368901545247	-0.0118119068478818	0.0434245539572353	0.0162008875710117
-0.00440486473596165	-0.0442762909846055	-0.00246298412693667	-0.0563983867652695	-0.0171455935673752
-0.00507884457907857	0.0150116932280661	-0.0143479777407202	0.0448175962509156	-0.00849441652111645
-0.00448156135687954	0.00736406406432861	-0.00262306160805903	0.0107523923291996	0.0278326899652488
-0.000413249055472275	-0.0304064407901397	-0.00844605351219265	-0.0292749846459831	0.00642445977123566
-0.00635544482939334	-0.0174701478518079	-0.0183624037918429	-0.00431439447211113	-0.0198825179044371
-0.00590678956596315	-0.0569341896441661	-0.0172908865424418	0.0699021130705831	-0.0100229084215765
0.00154630282230624	0.0506731705097763	0.00353097453279766	0.0321119963399985	-0.0119604097165711
0.00724650551083743	-0.0290058198199758	-0.0109625939024716	-0.00665900519775709	0.00534351365198855
0.00428471698971187	-0.00941751987157621	-0.0160015785247252	-0.0214769774453683	0.0110343460157756
-0.00496571209037842	0.0570847635156962	0.0176624749966938	0.0785629596725368	0.0254411017859788
-0.00687267911613315	0.0319232853134581	0.0425926428142942	0.0694297413520357	0.0070207472114435
-0.0035459455365256	0.0755796459848627	0.00473682833304315	0.0688501453452565	0.0309143824412471
-0.00499429913869987	0.0439408069455202	-0.0153638760212091	-0.0221530533139753	-0.017051711227526
0.000675335507804335	0.0910262620201103	0.0242131395626009	0.0657078296276986	0.0252646635435531
-0.00598727350619822	0.085974862753843	-0.00946067594181996	0.0174254649851044	0.0104942277303595
0.00567623686753973	-0.0252703141720835	-0.0175758664927523	-0.0284817015316883	0.0251441819121323
-0.00614156555906601	0.0731804190631792	-0.00548967775995859	0.0899714588605692	-0.0133371612230571
-0.00421595227037931	0.115903688917723	0.037041694094313	0.0745330219617797	-0.00749550983423515
-0.00712443891434086	0.0923890659491554	0.0172481943594846	0.0195010722016692	0.00132095399855985
-0.006396555031704	0.0196624143588645	0.0422021623693981	-0.00723018020143307	0.0302145281726302
0.011266238097821	0.0232984872834998	-0.0167471176836203	0.0492395149912494	0.00897577179476681
0.00041186624481157	-0.00451408965857784	-0.0175153854528327	0.0366959580863688	0.0124527448537574
-0.00492475747085819	0.121730929575711	0.0146454699773044	0.00626608372893572	-0.00132193302122801
0.0225794363364611	0.0146374288740462	-0.0161707853918419	-0.0181510861592475	-0.0124822417717288
-0.00414590877312889	0.00826040112437291	-0.00503763004385779	-0.0146465454584736	-0.00464691785168696
-0.00548004098512243	0.0222413085414953	-0.000412420908873045	0.0239153386178753	0.00338539955662949
-0.0057087586176745	-0.00969617534165346	-0.00778027983273398	0.0452924280726535	0.0067766588060463
-0.00580187834732035	0.217629279039481	0.0181233764915965	0.04591709717196	0.0127960706132551
-0.00405813624098674	0.0661043805879794	0.010816619780129	0.012231730794382	0.0467487420050474
-0.00642556980240616	0.0360256634471131	0.0267689898936583	0.02357466573084	0.0183577315478849
-0.000979513648345731	-0.0305287957677635	-0.00942673213216522	-0.0176367277694207	-0.0211403579636694
-0.00529282933078425	0.0230734895398795	-0.00415684782442129	-0.00487512240310671	-0.00617657240955301
-0.00593296813133067	0.0214163215560585	0.0418994536712082	0.0133049268632755	-0.00958901917443666
-0.00422437152437049	0.0107422900270716	0.00465126802206585	-0.00804963291346742	-0.00633640680864483
-0.00383586103199979	0.0901199629099419	0.0315380086742177	0.043756565170642	0.00726727890965963
-0.00551586016505173	0.0599557373459406	-0.0153280040593244	-0.0346314086574094	0.0239597682465055
0.00227513995644706	0.00984786587286228	0.00101603871125525	-0.0446331050396504	0.014925339226054
-0.00481320967660143	0.0408259241695647	0.00547625902512121	0.0754617827806516	0.0521672416089622
0.00237858662088411	0.0828955272454616	0.0148497781138104	-0.00563106770066731	0.0338636680024645
0.0106978755342158	0.0585929398828666	0.014475296332103	0.0130913944496717	0.0194017342819011
0.00233540278862016	0.00868300328208237	0.0042090199135537	0.0117699908921716	0.00473692592875654
0.00115525592146058	0.101556677621585	0.0274173696312371	0.0234464431504844	0.0078692251674048
-0.00565013213657465	-0.0359757013793662	0.00461552384340476	0.0236470681368997	0.0321193410263147
-0.00501685551990877	0.0906213515680036	-0.0172564729683053	-0.0133230227911382	0.0077411911161964
0.00573416062405893	-0.058900947036142	-0.0035441976636357	0.0598208650258448	0.0112232526429853
-0.00404238552913339	-0.00391891493231978	0.00384115902099311	0.027532848780081	-0.00992672769622998
-0.0033241294452635	0.00944326381975291	-0.0157074176537792	0.0265084048200689	0.00128199435687371
-0.00555767485535197	-0.0234737683225539	-0.00533323756363964	-0.0298350374417393	0.0194387527708193
-0.00509758116593663	0.00716168348702099	-0.0174287180203949	-0.0328965897145844	0.0174775429921605
0.0140840753215678	-0.0269268471272209	0.00673191024101129	0.0972504896602555	0.00727389310968206
0.00234501696697142	0.0462869414386186	0.0403350195116082	-0.011272035622937	0.00770761589992375
0.000914001506676382	0.0760756588930716	-0.0150801696251127	0.027888338648664	-0.0110427595006895
0.0117619025211618	0.0450782773189844	-0.00886081449400624	0.0121444926476218	-0.0153006584854818
-0.00571326334211829	0.017287529355707	0.0131330309845697	0.000883423651064902	-0.00463483785975161
-0.0068459104660922	0.092046435667846	-0.00221251777184628	-0.0574714089456805	0.00542809870486862
0.00477392614209347	0.0544433513396657	-0.00695658558919954	0.0186929573036876	0.00180069141643763
0.00266310456719735	-0.0448127527380421	0.00849057809361828	-0.0232058691688944	-0.00836549850544273
0.00423034309756464	0.0253961007002568	-0.0157121194675414	0.076012696909006	-0.00577740085656723
0.0135776202546573	0.0209740958532165	0.0178340421281588	-0.00146135226096675	0.0380884190710796
0.022055491085713	0.00387019378716025	-0.0138975870370553	0.115051825752296	0.041312773860549
0.00251707053501536	0.00130224797245956	-0.0022043821317599	0.0414575604458966	0.0239712773567864
-0.00521941813658415	0.0589195753063915	-0.0159673427767278	0.0698073354375649	-0.0209894879543185
0.00670712657176351	0.00624897417173156	-0.0155199674384009	0.0126776085308465	0.0267890234133365
-0.00503742857191137	0.183085671412729	-0.0161873968554177	0.0173259026950373	-0.00166648913643724
0.00491469340093257	-0.00400078730730702	0.0168270010296753	0.0313936188611692	0.0088182325855415
-0.00434501183983354	0.0906978597398909	0.00918446155103176	0.00916763024146026	-0.00480740284016557
-0.00530832576979515	0.102885855112503	-0.0168374905261631	0.0634429360228341	-0.0326395161282646
0.00298842151017612	0.0542634898164434	-0.00925807536276192	-0.00867189047734587	0.0381242858405634
0.000403805865810027	0.109303120959597	0.0403894861485981	0.0562293654617797	0.0285582155168314
-0.00510057272305456	0.000448096581032915	-0.00848157461577391	-0.00241001202767258	0.0029542232289733
0.00096640732446112	0.00507836322039982	0.00682507453486671	0.0185398916510474	0.00700758801975668
-0.00358672900821479	0.0048827416663791	-0.0159939055981967	-0.0442297553988507	-0.0161201545610329
0.00970214076822995	0.0190258197851521	-0.000950280338122446	4.24884085388229e-05	0.016941349758778
-0.00518013725295275	0.0575983060721048	0.0136025743713469	0.0234757132984583	-0.00280640209926976
0.00498141046438099	0.117407405841463	0.0156027076376591	0.0279391578562932	0.0209791340430252
-0.0058600030272565	0.0124341400856873	-0.0105089163396234	-0.00790279559647	0.00211970760187734
-0.00528680195732677	-0.0114553883387889	-0.0176542207306813	-0.0154460008915065	0.0231720526728413
-0.00515997652288231	0.0091345948311042	-0.00400629058480052	0.008597667673462	0.00273113072067538
0.00215557907186873	-0.0146511905529495	-0.00480027157900265	0.0498153167234567	-0.00480674270322744
0.00211917757711213	0.00212981236007759	0.0113543127156656	-0.0210159644066386	0.00554936776275074
-0.00505644085072539	0.00550160687813105	-0.0100426414434487	-0.0167583040997634	-0.00930400492284915
0.00548329891095855	0.0932226869700765	0.0325467992949842	0.000347738907747462	0.0067534238066225
-0.00528944909110398	0.0403426825100102	0.00036372836994724	0.034847673334528	-0.0129960289277301
-0.00655959829813376	0.0607677866292329	-0.0107506313378709	-0.0114045769533502	0.00840433850881775
0.00507797187042604	0.0313699122076989	0.0110716865677273	0.0081102662851966	-0.00695358700487351
0.000356303086638475	0.021834403161767	-0.00996731532086502	-0.0381130902912438	0.00437292933922053
0.00140441818406497	-0.00551571228081163	0.0109669928298288	-0.00569665695363692	0.000490095443856381
-0.00478171957998086	0.000476901616225811	-0.00934763258962157	-0.0301177552568793	-0.0245937247394615
-0.00466670505617979	0.0161581010809729	0.0172564194947344	0.0235482451000615	-0.0135339748776069
-0.00545459460082399	0.00795303338626539	-0.00640823130679844	0.00071059869506148	-0.00972858379203803
-0.00604890976265274	-0.111451061885345	-0.0168292897807546	-0.0863750884672727	-0.0305377123916525
-0.0058945283586808	0.213263143558668	0.0655371622077983	0.112904734067119	0.0125676696417944
-0.00627233634401686	0.0530315744016233	-0.00365177640901258	0.0848871558074586	0.0251477174529855
0.00471984038414346	0.0637466350113599	0.00764010380644953	0.0101921035912966	0.0294312711446945
0.0107216924180344	0.0849906996774223	0.00995404020690466	-0.0106408573095334	-0.00673936116235467
0.0196141884546479	0.0308162648261161	0.0787195226319863	0.0168337201752703	0.0181738922734049
0.0123082111018654	0.0487763647082156	0.0186776586951076	0.0455773229891604	0.0878077142060379
-0.00580296571674116	0.00811090539951288	-0.00684956558236048	0.00133636047834891	0.0261507097513308
-0.00484523635658696	0.0952656152419043	0.0357366146082852	0.0850015336381392	0.00954063337033417
0.0016963897195288	0.0621050731132689	0.0335096589364243	-0.00212207504792844	0.00626221522066556
-0.00451029010194209	0.156146355506996	0.0438887043008971	0.0270719613213117	-0.0300642202836538
-0.00601171464275523	0.103673535523247	0.0174176354447961	0.0441046104646773	0.053960417114215
0.0160359430040457	0.0573876424110467	-0.0145434336935218	0.0262216953826699	-0.0291960008634639
-0.00542486751808206	-0.0366552897200408	-0.01698255478788	-0.0298475113859291	-0.0204906490678229
-0.00496406025238068	-0.032380261033369	-0.0135294419872534	-0.0127012678720652	0.00596840726311583
-0.0058868049535873	0.0702811861882491	-0.0094318646046322	-0.0381578831815011	0.0031185089925196
-0.00375057188973686	-0.0135995173625227	-0.00899503594940054	-0.0220760772059297	-0.0125234239599063
0.00231351353231635	0.0189663486943585	-0.00891185686633613	-0.0243654698524118	0.00740956147436482
0.000446311463407898	-0.028859619310174	0.00088486835977349	-0.0277505065596493	-0.0185496721433603
-0.0020214802668093	-0.0121713933514372	2.54966909665987e-05	-0.027078259177772	-0.00993099968979576
0.0336734750464898	-0.0518962765152534	-0.00332700235400779	-0.015882074093715	0.00872293435458754
0.0337976858973472	0.025685439826015	0.012874699640672	-0.0409876470773102	-0.00575561495645544
-0.00382766949445205	-0.00603328761969274	0.0285438805180007	0.06370968492936	0.013296426732678
-0.00687651958624812	-0.0077900687301047	-0.00423088051399689	-0.0480272217066103	-0.0351116759065744
-0.00426274684825983	-0.012716791252938	-0.0159821078799002	-0.00627996217870056	0.00148191816391522
-0.00482958266721103	0.0774359032982824	0.0481729152214352	-0.00668856898705917	0.0227701617021934
0.00533435253416493	0.0447609810190412	0.0161722007318087	-0.0391599926910942	0.000534285834227364
-0.00529753864714191	0.0106317089134947	-0.004237116038792	0.0294707914440018	-0.0191073093394238
-0.00441159072563434	0.0179049494344877	-0.00959980646631893	-0.00346503973742251	-0.00268483086186065
-0.00540126855609441	-0.0358883057781454	-0.0176584505989351	-0.0327688268033847	-0.00414328907027418
0.00102844049857122	-0.0478286677624463	-0.0112550638464708	-0.0144116934828354	0.0239256296030404
-0.00437535649979328	0.025301539475653	-0.0166524686861934	-0.0122358765232694	-0.00759980170936876
-0.00295852842022128	0.0159197309133807	-0.012076582026613	0.00101401485879357	0.00762289718095332
0.0057864495976764	0.0301728159999006	0.0246588201861646	-0.0334160124565277	-0.000343346935034393
-0.00416096305741924	-0.0119646964285193	-0.0141516681303502	0.0168418274413987	0.00454540992925866
-0.00582521436166667	0.0537253907502227	0.000176292711094097	0.0379131282544529	-0.024166008483188
0.00541497634019555	0.0355041535239271	-0.00550172536064183	-0.0493515965845133	-0.0308355869745638
-0.00455639482731645	0.0364870361117029	0.0023426741869587	0.0418821699280495	-0.0145007105512547
-0.00587541134350473	0.00211823465868103	0.000287714316587898	-0.031049543086233	0.0114084579457346
-0.0038747304264824	-0.0178845265270052	0.00513718423299357	0.0606254273872969	-0.0095596059987397
-0.00661001035835175	0.0797037296818498	0.01748918413254	0.000176466994882515	0.015101282659628
-0.00663598450064278	0.0179319940990534	-0.0162332772751523	-0.0474606865603396	-0.00312964991630878
-0.00576061247692704	0.0476845136893797	-0.0142906358001712	0.024446135585594	0.0113077263961696
0.00470191505972182	-0.0423773388894164	-0.0170261487829222	-0.0213258423766084	0.0089677644059495
0.00231605464205464	-0.00611591019730439	-0.016054936705428	0.0531805620936805	0.00400893695963686
-0.00473861768033388	0.0315534853818528	-0.0144789591056648	-0.0282580501077987	-0.0188294580801059
-0.0053745140959002	-0.00631906900905638	0.00259660466003373	0.0429887167427595	0.00407532275374172
0.023751946652877	-0.000635550874154051	0.00268890990954178	-0.00532820054766837	-0.00298505204290176
0.00626440596219677	-0.0188956181568353	0.00927068760376664	-0.0438470469840875	0.0265863701453034
0.00798005846887464	-0.0169050301051611	-0.0176467186196672	-0.00488697647284675	-0.00248553827990687
-0.00518890147688732	0.0566264948969114	0.031491785656905	0.0268379433678639	0.0151498354591662
0.00857477731715717	0.0601307785598978	-0.0142556656365883	0.046651607919365	0.0345526481829532
-0.00591328532355104	0.0223924263059576	-0.000771868914613763	0.0359127176292498	0.00485601694953253
-0.00638442844897292	0.172989420509878	0.125505896189385	-0.0571438038399766	0.0178266302647412
0.00473314574829148	0.0590802095454714	-0.00666971652580719	-0.0552456206373533	0.00730988679776362
-0.00525372498277241	0.0404637619382849	0.0137902172895249	0.0224238747414518	0.0438539414033783
-0.00505577804517495	0.0254227219773861	-0.00142673759219581	0.010115926048537	0.00542575917979366
0.0131123305696984	0.00978448328384189	-0.00641550619935959	0.0411243415080073	-0.00344320027737095
0.00161237194871751	0.0684356750394639	0.019101053275902	0.0680226127053287	-0.0236236249817966
0.000704697960915568	-0.0043498464052819	-0.000367710667742292	0.0183877049119104	0.00632548388771952
-0.00445797706568759	0.0543241231669575	0.0345607443001665	0.0198407803465681	-0.0137897487229088
0.00294350380315989	0.00593426384714672	0.0194115542510616	0.0061629615397369	-0.015689866762597
-0.00485474438137423	-0.00365565817527508	0.027033269160352	0.0192326710096112	0.0239961005724877
-0.00424747419180206	0.117197283265191	0.00800369725757703	-0.0087465234123291	0.00493265174501234
0.000693735166034813	0.030125891103503	0.0185420817575891	0.000626144153122969	-0.00966576568797187
-0.00510801760336059	0.129924682957643	-0.0153819294810888	0.0913143465309526	-0.00571515734807546
-0.00504100638474533	0.0747869301909214	0.0523259834978093	0.133807171208486	0.0203514255290635
-0.00441660203497896	0.0655978569709555	-0.00434296201581108	-0.0410391915284675	-0.0191839483235636
0.00277418247089901	0.00266085912794142	-0.00104333916936936	0.0522849919699897	-0.0025594837718161
-0.00507325738315653	0.0466920688055531	-0.00650403913371208	-0.0245184914583938	0.021601022899993
-0.00527410408359833	0.0234453931824345	-0.0101558705586208	0.0139730800983801	0.000356211339486317
-0.00455369451700435	0.032273463039028	0.0297518673140905	0.0312908784943755	-0.0030708309545979
0.00329807350264333	0.129871628685372	0.0528862987900419	0.0356353844343867	0.00482387873931927
-0.000444696993825405	0.12078879739146	0.0125999423484356	0.0533830520430952	0.014714533358907
-0.00493891384831657	0.012032105128104	0.00998984450927821	-0.0248273384602535	-0.0166807583372572
-0.00654182339254479	0.0305779608272967	0.0276729405117605	-0.00730073129208686	-0.0147868561192944
0.0110092352763369	0.0840881140488098	0.00687048467591768	0.0431015369406244	-0.00524271946573441
-0.00397526731260137	0.109107425007325	0.00592331105413678	0.00398823098013773	-0.0188241034601322
0.00991319485588996	0.11218350554972	0.0284398534059461	0.14063095491328	-0.00209195913821235
-0.00421904851227859	0.0637511042139433	-0.0141573098899721	0.086441277237624	0.017378998887638
-0.00440650623329532	0.052131443002663	-0.01110432647223	0.0420106502653164	0.0328814997280297
-0.00385718960767159	0.0134829939995155	-0.00733260696540303	-0.0119324667499749	0.0167089730671195
0.00716100535255633	-0.00503134506703758	-0.0154491304996437	-0.00911183716095221	0.0119941514324327
0.00835778646179229	0.0178444904798601	-0.0127087339584822	0.012308454322948	0.0114301607007864
0.007108144523468	0.0472900290264803	-0.00367584776971021	-0.0427723096556322	0.00326631774298142
-0.00460217071496053	0.0574340930548808	0.00693327170527816	0.0273941554407422	0.0194159481615442
0.00437004660590533	-0.0144082135660004	-0.0102159728130917	0.0126440740514729	0.00279606046865339
-0.00564060372846931	0.0416353844047499	-0.00375904672966131	0.0260006722778887	0.0344738242536787
0.00566051393224328	0.181016176190144	0.00538437466778731	0.131804421474975	-0.00774683706723623
-0.00491456564984084	0.0584924633919619	-0.0168567628150781	0.00942619188500885	0.0503574481039778
0.00464044094464789	0.0536250879870712	0.0225070505070804	0.000697156826582744	0.0137671722647984
-0.00619148139632186	0.0378274986814557	-0.00573116007388038	0.0327446903938518	0.0167455386688539
-0.00573285524486115	0.0372737223549204	0.00417950248420591	-0.0133230794578143	0.00178108689007571
-0.00512958071038815	0.0761822935551442	0.00873988797439407	-0.0265028853801566	0.00742288486603192
-0.00540282180603441	0.0146947546965928	0.00243365783420549	-0.01715788304967	0.0261500449584877
-0.00287072739845439	-0.0143657538936551	-0.00988796841080839	-0.000389687841722691	0.0107309044208726
-0.00627235073776819	0.027909636229501	-0.00445044264067954	0.0261231805241897	0.0293781707091922
0.00433677599103228	0.0926982410769758	0.00327707364947813	0.0128740056233409	0.0278548199929842
-0.00612586974168756	0.0405871985434987	0.00310435054057835	0.0690472871217629	-0.00970985681465487
0.00154938756284903	0.0671033344008355	0.00467201227734769	0.0320963525637741	0.0391839806362616
0.0086114966189446	0.158453257381329	-0.00181723119942901	0.123210217628025	-0.00399570044925176
-0.00584168977896817	0.0318275100088601	0.000181915632860618	-0.00850539387149379	-0.00585636636827482
-0.00470365039436257	0.0433652533148993	0.0019185867777785	-0.0156881630811743	0.0260201062132088
-0.00122834297401264	0.0185762261526143	0.0135882546300699	-0.00677134599914392	0.00989678960525643
-0.00695133815513974	0.0414492695370585	-0.00737532195023916	-0.0159785633406616	0.0159724435696383
0.00427681136196307	0.0362798913252796	-0.00242080722984863	0.0201899908956431	0.0317741272143436
-0.00526764568746146	-0.012440843829163	-0.0150776451403287	-0.0489544619750864	0.0309262787717174
-0.00610533816623314	0.0271977862108726	0.00942655402978542	0.00134859236495951	0.0611161998077322
0.00306850898666949	0.0175067087153532	-0.00747450210503012	-0.0150039035585481	0.0246197365622149
-0.0060799669130454	-0.0292040763798025	-0.0159301935327775	-0.0374108308053068	0.00928721377002386
0.00902814081408075	-0.0247320749778004	-0.0149889843103922	0.0463955927100554	0.0420916058035514
-0.0002894600968425	0.0369186285134205	0.011766028017862	0.034939139669383	-6.62854435851972e-05
0.000562774908887155	0.00259541044230288	-0.000700878520016242	0.0436630384929595	0.0184796177677615
-0.00459617348111081	0.0855406237433941	0.0374033519957357	0.0484343139086554	0.0390615238707986
-0.00511740058185306	0.00373975172522409	-0.00797689863719133	-0.00599849840784499	0.0216584290187277
-0.00459651084095432	0.00308458362411828	-0.00560091225666509	0.00422767879847019	-0.00732948763333752
0.00273506446827422	0.0352457954178952	-0.0101956676277476	0.0224226530131795	0.0391190698418917
0.00433199571377666	0.0213096547982141	-0.00556950611274935	0.0596621258546079	0.00731135558819246
-0.00617310061490896	0.00680747319779443	0.0361132314234844	0.00105772120270604	-0.0150291263904592
-0.00548315865992093	0.0708112955691087	0.000347087674005255	0.0426767811253199	0.048995773027731
-0.0035140516797237	0.0374909231713952	-0.0160139741909198	-0.0273103315060506	0.0531950320759483
-0.00591898286521865	-0.0263368573191297	0.0219247967036754	-0.0086380361172201	-0.0163136223813098
0.00221721049125921	-0.0145614020003002	0.00658000341937863	-0.0127856329167	-0.00731757315008031
0.00441872434173935	0.00980823478510126	-0.0180276968061535	0.0270298458216414	0.0215449982427915
-0.00516359055812775	0.0412944794495248	-0.00318395932807123	-0.0170138938340699	0.0132239247343107
-0.0065455307130706	0.0218007630402899	-0.00768000788639879	0.0565771321500053	-0.0036863181547405
0.00120112978532889	0.0253016640939877	-0.00789181644607362	-0.0304997305346789	0.0113430962669288
0.00398038233838568	-0.00367089954613292	-0.00831619946175989	-0.00125700158285745	0.00290699830300462
-0.00613003722895024	-0.0447792292944778	-0.00707151661803157	-0.0141070292889562	0.00737914218243832
-0.00154047512658958	-0.0195998101461095	-0.00486101085415255	0.0218435249704436	-0.0120856392055566
-0.00686315108878642	-0.0507308320194913	-0.00933560469102835	0.00386057227153326	0.0248119039200514
-0.00471522002738281	0.0945120358875492	-0.00655493747636395	-0.0464744166184798	0.0112272241548056
-0.000398706545585846	-0.00316098314174627	-0.00751494707160708	-0.0210570093461302	-0.00419444677293739
-0.0056824831158769	-0.00420123072335355	-0.00388116468344549	0.00212755911114402	-0.0186630885360763
-0.00575158715490163	-0.00311296089660742	-0.0100739460159661	0.0362715738194976	-0.0141075545515549
-0.0048689979611889	-0.0257483024641836	0.00739441007821893	0.0176754810333271	0.00824295191427806
0.00894517810718068	0.102376487865951	0.0136730001078164	0.0155945292605196	0.0173594775944304
-0.005595496424872	-0.0301692288406329	0.00943764442659279	-0.000257898718562415	0.0137459141670483
-0.000256449322284975	0.0245491890890523	-0.00822227916833479	-0.00172068578939391	0.00144828142066158
-0.00516137410114817	0.0672566220782847	-0.000362523939434635	0.00589479513440175	0.0118023319251329
-0.00560704749620056	-0.0500120621269347	0.0270012026596535	0.00295722547716975	-0.0316949867433555
0.0122427804615929	0.0157821922693408	0.0491001765913051	0.0154753973534143	-0.0215704632738768
0.007719207847359	-0.0159979623888559	0.00241366908288844	-0.00928041119434934	-0.0031431293372031
0.00624456609484184	-0.00965703005293772	-0.0157832599447841	0.00163215377361983	0.00384239613083982
0.00608524659054285	0.0895730180039523	-0.0120035255039188	0.000261065727273611	0.0105456643585635
0.00415478360521065	-0.0176001497364313	-0.0135396393508886	-0.0116549315770505	-0.000521294604045138
-0.00534652540534818	0.00589408014499016	-0.00313981388485948	-0.0338641290026153	0.00289784044662694
-0.00582894167800671	0.0314519686961295	-0.000308396970822158	0.0181978190039243	0.0084014791409397
0.0165838310593117	-0.0167571679969705	-0.000296121678703753	-0.0199180459396336	-0.0260705758385642
-0.00526737468388044	0.0669190794355405	0.00593308289149534	0.0104744896446197	-0.0248176595391339
-0.00586152452100085	0.187809435429488	0.0268561394310787	0.00669148227294381	-0.0115144881869359
-0.00463912858041842	0.101555761425619	0.0454220204743436	-0.0117328884074792	0.021851347651375
0.00650782991268731	0.047853996981798	-0.00938328855864311	-0.0377558109968261	-0.0196283846763709
0.00320707891137718	0.0799276477243531	0.0116535907551378	-0.00947553800422987	-0.00616046541860644
-0.00529250268586316	0.061402377262084	-0.00590015606696072	-0.0101151337911511	-0.0309629320136401
0.000574739053090586	-0.0419468992731886	-0.0111248395279601	-0.0298092897224992	0.0143810247899892
0.0033924862215415	0.00794235303226612	-0.00492752591350718	0.0317023485358163	-0.0214236163130918
-0.00386229647787028	-0.0149896210602401	0.00384010743470374	-0.00219774328756492	0.0167688365052819
-0.00471517170902938	0.0132053399555276	-0.0169771769859933	-0.0185084009232339	0.0265570409077208
-0.00617147616615705	-0.0155348624228785	-0.00378207983594713	0.0289763534091347	0.00951743280580629
0.0149027846758405	0.0523465345204842	-0.00335969984188474	-0.01791720361873	0.0203587815057669
0.00548412178345146	-0.00360056333184778	0.00539279858391511	-0.0538520865164368	0.00760285401841728
0.0105354158693335	0.00212446798816518	0.033450825379562	-0.0304590337731983	0.0262440821908354
-0.00480472288148188	-0.0153986886236865	0.00132952751079897	-0.0117458311762132	0.00304246450765948
-0.0056304003550864	-0.00428963433668217	0.00695475715887636	0.0159653763164185	0.0347085222148947
-0.00599645612194946	0.0290286377078378	-0.00449601048344473	0.0292302299955249	-0.0030818115528328
-0.00413378075348061	0.0399291709648524	0.0631369237203937	-0.0877056860441296	0.0878934061102822
0.00593695545955994	-0.0169785457523971	-0.00425620838750147	-0.0276306152777938	0.0424013259596984
-0.00408968670747904	0.0135349447451877	-0.0122209201229819	-0.00859218979360828	0.0124088468993634
-0.00501134181381654	0.000254853223123154	-0.00161581190521475	0.0127824895766395	-0.0089656177241006
0.00352115638766792	0.0257933290620143	-0.00150980956865598	0.0325158050448922	0.05518079251154
0.0019219463934166	-0.025784864933656	0.00269833545643084	0.0108111229860888	-0.0112973398154159
-0.00429890986110727	-0.0230928143390414	0.000434556979981353	0.020962710697386	0.00588716869550687
-0.00529693572245158	0.0031298773157279	0.00211721474597999	-0.0126375273748086	-0.0147240573488389
0.00349696249309626	-0.00819420351192272	-0.00856211244249894	0.0380638546657192	0.00807038707130271
-0.00474394878175323	0.0404162599634601	-0.0116024977167576	0.030099553186936	0.0265673879363814
-0.00694273557318879	-0.0108913346536535	-0.00508149238870331	-0.0261720359412951	0.00865940642631447
-0.00409976076212443	0.082041623365057	0.0069742493863357	0.0324870650299196	0.0120531576511874
-0.00533146010613437	0.0295680515916024	0.00331474716498091	-0.00685698945845087	-0.0118625724627692
0.00805836694044795	-0.047270751346817	0.0118166725435574	-0.0245956428565758	0.00862054833919647
-0.00388667911891697	0.0135637829800931	0.00100501411933762	-0.0300460762299262	-0.00519025162628987
-0.0038719666784216	0.0614998611048512	0.0302962312825051	0.0260462212263251	0.000205487671671964
-0.00490732315378108	-0.0352666239527066	-0.0153633045138365	-0.00892865061709717	0.00835436006705193
0.0027961486889046	0.0318295485846968	0.015006530785887	0.00519263308848782	-0.0016419744876271
-0.00565139685593216	-0.0304377615757399	-0.0123477731371753	-0.0224828601199698	0.0299234896341208
-0.00420950734659466	0.0460544889450455	-0.00568772244215246	-0.0157925987711384	-0.00250254065787446
0.00276082027161554	0.0298939877084056	-0.0084321264391879	-0.0284157622425091	0.016158871067426
0.00467860026898545	0.0221750792394791	-0.00994687121062245	0.00486178391950308	0.0272038333135611
-0.0038544267247026	0.0800087920315755	0.0257723759578932	0.00803070067889729	-0.00990793282506547
0.000386011899865783	-0.019547977358637	-0.0121147351100941	-1.57251880139069e-05	-0.0122060793851325
0.00353194231262892	0.0335153883992725	-0.0155137350460597	0.0389353306389059	-0.0297849926510902
-0.00468975646981457	0.0491194118863776	0.00790083798195647	0.0114402072106519	0.0018547465935054
-0.00365562482064783	-0.00426365202563811	-0.00402859903984294	-0.0107580473451728	0.0145215584312458
0.00465353931196995	-0.00489308763825147	-0.0132067062397705	-0.00351331062506046	0.038089189122848
0.00610850414144176	0.0422091564185804	0.02625487033965	-0.027005761360469	0.0329034245232751
0.00304655584712048	0.0410724044402672	-0.00309340920052342	0.0092089121094494	-0.00528771339391603
-0.00514960275687563	0.044525896840796	-0.00330626492276472	-0.0237013742494142	0.011116823077675
-0.00600702344155791	-0.00813778857781623	-0.0103890472822215	-0.0549096883592676	0.030742633787043
0.00473646361229491	0.0163039224034338	0.00379073695366615	0.00102263611829968	0.00225498862199054
-5.84907804236279e-05	0.0679010690480531	0.00977745017011174	0.00200958845044405	0.00147380980185529
-0.000649774630660656	-0.0119292680869407	-0.0130067815825539	0.0243409631659213	-0.00775115653411061
0.00779661242459186	0.0263758762863204	-0.00585653803192092	-0.0214362176919263	0.0457158287405395
-0.00604555373138104	0.0327841282546644	-0.0163105192473291	0.0699760954245488	0.06508365563205
0.0078811673790472	0.0721064259442234	-0.00805309483223319	-0.0131591588343136	0.00740615984811569
-0.00517716510038669	0.00782101284245715	-0.00556775163758094	-0.0282831591195292	-0.00181721074419763
-0.00566033493600588	0.0526750756371809	-0.00907257140444696	0.0765501944272323	-0.000805062561861835
0.00404890037475274	0.057349042354813	0.0126509450297542	0.00719328183978136	0.0141323666170297
0.00233148849785109	0.0570246573024751	-0.00207185883014761	0.0138986296209992	-0.00439072987146446
-0.00509936920428633	-0.0276623671448672	-0.0134279299950102	-0.0282663154115316	-0.0165714801028741
-0.00619077816194961	0.0920519114061895	0.0191093851924574	-0.000289933641995491	-0.00123775382235689
-0.00580590376335598	0.0527111344564588	0.0445024846141211	-0.00223814438603513	0.0291739978340895
0.00450166149306949	0.0195536135429112	0.00624638426924643	0.0405914867326147	0.028459039076206
-0.00488857478061542	-0.0214489107271147	0.00403613572197166	-0.0641394804273013	-0.00381118601184505
-0.00546544300216267	-0.0245164126282463	0.00345079219847775	-0.0234394434041915	-0.0011282473029931
-0.0037959302922592	-0.0114195489917314	0.0120104939000891	0.00846735076547218	-0.00240172810405266
-0.00435733050540131	-0.029530843649964	-0.0108127139185742	-0.0249346381789124	-0.0138603740416189
0.00719925571688891	0.0284671470191636	-0.00254511792758007	-0.0169362331422303	0.0538215463667712
-0.00500045136186239	0.0459498374284692	-0.00325404207456902	-0.00522434626442455	0.0199729621354211
-0.00566258225925658	0.00496892626375377	0.00326327105320976	-0.0417172608584487	-0.0144478956366736
-0.0043206266978682	0.00654578485856584	-0.0171944316774286	0.000732226617197318	0.00513232938071846
0.00242117800252016	0.00151527855489479	-0.0120356151314613	0.0545663583939237	-0.0155193334964184
-0.00409404323058343	-0.00221512737392718	-0.00954911097742537	-0.0230517955126115	-0.00784758413524134
0.0210646103768783	0.000558851607412432	-0.00946374540435001	-0.0437307732733896	0.00861274017386447
-0.00460073718760253	-0.0510854055564913	-0.0085841503806583	-0.02403608207127	-0.0163247148260181
-0.00708623024311243	-0.0192880387671426	-0.00569420005791352	-0.00231389147263165	0.00657564624308246
0.00134012289879624	-0.063902546325331	-0.00847772655571089	-0.0100466256693885	0.00147831972817175
-0.00586617230205619	-0.00408913308192402	-0.00890250579441889	-0.0436786081168088	0.0270177337214485
0.00269176972635477	-0.0792260626623331	-0.0160330489653187	-0.0422991743964354	-0.0111515726361813
-0.00411276650042388	-0.0434329184144552	-0.0129657954554914	-0.0235781181718143	-0.00676614479781987
-0.00563803879525051	-0.0382394794577029	-0.0142972807175581	0.113304936349784	-0.0089101764643107
-0.00721863835470287	0.00972043095904484	0.0100110120423678	0.0109224292137875	-0.00486177390299299
-0.00444729952183683	-0.0358781004074276	-0.0156217292833917	-0.00928632955646652	0.0102553693212577
-0.00515608986434546	-0.062827056656644	-0.0127361548197141	-0.0621484920133099	-0.0107645013417702
-0.00378826830330563	-0.0759236155974623	-0.0154855511845191	-0.0634203273428936	-0.0293124251274117
-0.00397450484870127	-0.0229843211844811	0.0225183256010142	-0.0492712589593893	-0.002599514385377
-0.0051463028370348	-0.0267127756334926	-0.00973088334856955	0.00366662779107075	0.0209605093801239
0.00122812180139226	-0.0134532488518459	-0.00361543944350075	-0.0779543815187286	0.0153105334087538
-0.000737430966779811	-0.0194497708671963	-0.0140520011327924	-0.0378180490347681	-0.0215088104346075
-0.00260867810236793	-0.062095807854264	-0.00929966274831882	-0.0454989796766789	-0.00165103391233815
-0.00259382992277117	-0.0706714416266323	-0.0194042312290119	-0.00341765417192205	-0.00330225691016327
0.0104342575396795	-0.0282465447332727	-0.0109639859433783	-0.0185288660840141	-0.0110546410442981
0.0134456472325303	0.0161513080445245	-0.0176616656617385	-0.0427165353099165	-0.0124278633850624
0.00144533553877721	-0.00375505430772415	-0.0107270522110991	-0.0158926170096742	-0.00624790733262292
-0.00461615751766329	-0.0201220604069109	-0.00602251752623057	0.003872488414185	0.00537337751418126
0.00690179824212134	-0.0280174277716054	0.00595010880215746	0.0200493209590852	-0.00821474489980438
-0.00511894389262761	-0.0729666385412761	0.00753601078862697	-0.0296557342277817	-0.000632505609931855
-0.00424653671745354	-0.0324319863041685	0.0607795941998085	0.0354790042879968	0.0218817322345202
0.000392563153479471	-0.0585694503975912	-0.01456173858097	-0.0102167133119304	0.00352633758495244
-0.0041020458022944	-0.0241066926128935	-0.00584983725975919	-0.0302815906810213	-0.0242075163835659
-0.00127531475800684	-0.0189995090077289	-0.017165800783706	-0.0410173468072488	0.00599298017128786
-0.00505360772269964	-0.0176542682910496	-0.00587249706372774	-0.0470331546530831	-0.0129329026536467
-0.0034795649465809	0.0510696678083404	0.0285782906987012	-0.0183457634841775	0.0152021890973513
-0.00573515795403279	-0.0813284949182539	0.000444942886385427	0.0435601146811579	-0.0132170823754579
-0.00484866162019386	-0.0370147769886557	-0.00632170913712823	-0.0307013862309149	0.0192737749384004
-0.00415561241538919	-0.0712635912543001	0.0454461405945836	0.0132075053392811	-0.00910635408900464
-0.00503305964642483	-0.0417150416792133	-0.0144844460978403	-0.081266776249014	0.00214878692040439
-0.00282051272607859	-0.0561482012475418	-0.0134896731454064	-0.0539020337120957	-0.0196816636894888
0.00390199201269199	-0.0302352255037836	-0.0152522479579219	0.0271557077158798	0.00687999343470731
-0.00619396526097211	0.00782247841510982	-0.00527973542111284	-0.0381907522223854	-0.0180157132927282
-0.00730082179240229	-0.083058748843484	-0.0132454711893936	-0.0407193156572743	-0.00410445226717338
-0.00293285869150451	-0.00143784610156293	0.016654085201427	-0.00234987785361159	0.0130178537634732
-0.00596364812451508	-0.0557588300643402	-0.00978084740758879	-0.0368576581801257	-0.00879653154828931
-0.00492696559196781	-0.062394141345607	-0.0024191089004679	-0.0271491443475883	0.00631547061263229
-0.00571343589902982	-0.0758367605600009	-0.0169908411315871	-0.0214560743731725	-0.0151311458366655
0.0138205583926253	0.0145336928402103	0.00311913871006602	-0.015154937591347	-0.00440916322703326
-0.00503883158817927	0.0287450307531311	-0.00691759887943227	0.0198413781121192	-0.00659306611811917
0.00967046751516354	-0.0581391408218489	-0.0114230695602916	-0.0300075312564366	0.00357971081385789
0.00184730357724436	-0.0409702670757122	0.00353009431322443	-0.00375928376091511	-0.0171214384099368
-0.000491334091686403	-0.0820581278695874	-0.0172317135386592	-0.00342176480564798	-0.00509923280705124
0.00150567560638881	-0.0716243270462588	-0.00386942864037686	-0.0255408910051313	0.0287665504061405
-0.00535939059532798	-0.108070351767602	-0.0161920082546144	-0.0595256063835812	-0.0326944949622309
-0.00184548771057905	-0.04247149238549	-0.0134982075276644	-0.0451933060621281	-0.00293130612468454
-0.0048472976882744	0.0113733024199134	0.0100055206364632	-0.0867542044433014	0.00723236710814961
-0.0044596811407863	-0.0402320362718096	-0.0110104302385535	-0.0592109596115046	-0.013016354530212
0.011649626363776	-0.035744583987832	0.0114005323966399	0.0133860849805615	0.00389969114989219
-0.00483990688440935	-0.0451087370682899	-0.00533269883632789	-0.0291823531635429	-0.0166611283100298
-0.00655830682413549	-0.0477912898356789	-0.0166975519936015	0.0212948496429574	-0.00329890484505244
-0.00555783810069193	-0.0998469867671826	-0.0182861032739007	-0.0297427542687247	-0.0248947357195854
-0.00479247347409918	-0.0313213679798069	-0.00538320791870005	-0.00224008988568284	0.000936590800215948
-0.00536540340880948	0.0141835777373075	-0.00279680467923575	-0.0262118654831539	0.00465000614213269
-0.00398765085559972	-0.051150959844393	-0.00162736208581178	-0.0358498602972029	-0.000845118712051642
-0.000101372308898795	-0.0705557584265027	-0.00507000847946264	-0.0418442588633336	0.00461885778974041
-0.00583009406660055	-0.0688352763196202	-0.00542873545695051	-0.00705297217470402	-0.0192030885202624
-0.00169956206816706	-0.0461772463049777	-0.0182028175203232	-0.0505175147181898	-0.0300156521853294
0.00975513933965	-0.0699661977411992	-0.0164088076459239	-0.0541133152784507	-0.0163599357379698
-0.00324638635830423	0.0219565486366569	-0.0151937532427968	0.0258515061185963	0.000258754254191454
-0.00489041582815589	-0.062904041276476	-0.0163908611730259	-0.0338996777067074	-0.0199319440377539
0.0127012109745939	-0.0626283098413494	0.00453519482754063	0.0160903046786546	0.0316374682231506
-0.00655029367533813	0.0108344043195343	-0.00250886280556733	0.0141042855596708	0.00892125811704022
-0.00511466302537792	0.0612108504208374	0.0299477294335812	-0.00264123069419813	0.0127335685487543
-0.00670227189375883	0.0237511509599357	0.00745090278252036	0.0277935293755522	-0.0152338657605984
-0.00621734821680704	0.0404035941704733	-0.0133931475943755	-0.0214023359507829	0.00520235715810818
-0.00649599195822265	0.0944705970611804	0.0143853240825134	0.000794028770323481	-0.0162425741868791
-0.00421479326346679	0.0140869272020886	0.0839238893288887	0.038666019721929	0.0134885848633175
0.0160167091516737	0.0244301956917244	0.0167041566210376	-0.00954302543574377	-0.00781362267207499
-0.00491817653913343	0.0622521029993805	0.046811166087545	-0.00586091860096199	0.001387115811053
-0.00552126322413762	0.0235356831857016	0.00880262121474073	0.000430341544430489	0.0412975055993032
0.00075995681391712	0.0152730853495324	-0.00431565815071462	-0.0184754837152909	0.0296161517569102
0.00707580774341571	-0.0134348852409737	-0.00890828434685552	-0.0329237146643396	-0.000847973309196038
0.000339252091075587	0.0196725617130593	-0.00295524071399121	-0.0277977517276497	-0.0313487115859141
-0.00632412512539836	0.26790316141888	0.0515976440860894	0.041565307379598	0.00356591818235956
0.0012783134296214	-0.0437599173131859	-0.0146411135819035	-0.0648388721241156	-0.0121724779048484
0.00118903282310056	-0.0477425024840264	-0.00224695733436347	-0.0726247183967126	-0.0186234470410932
0.00103568476890855	0.0184558200619673	0.0140130699212273	-0.0298362888139628	0.0186231700996312
-0.00422892293662434	-0.0618530756961657	-0.00353952445355189	-0.00817254017716435	-0.00980046165379118
0.00328184487994942	-0.0310141612303724	-0.0148845926844918	0.0266931987424713	-0.022995103697074
0.00171527132728913	-0.0399688154988355	-0.0181562611175331	-0.0164638757898979	-0.0231659166006635
-0.00399816546654732	-0.00369445119359784	-0.00418461028399121	-0.0261255517401062	-0.0186452532159755
-0.00649013353320644	-0.0237185110730025	-0.00197279111061333	0.000287830908319811	-0.00737212710963688
0.0135717099976386	-0.00222150494997104	-0.0142931478629846	0.00743125190617526	-0.0215844404501317
-0.000982182191099468	-0.0337088739048339	0.00544080340227792	-0.0240437379162035	-0.0219060052277998
-0.00537408299928018	-0.031524249613135	0.00229917288708712	-0.0213358836330233	-0.0141922433807471
-0.00516417631391859	0.0261268251511163	-0.0162317426599828	0.0133162839089166	-0.0303368746081459
-0.00641587437266121	0.1148335181899	-0.00205422059265158	-0.00331026718310295	-0.0175732831923547
-0.00480884941262112	-0.0153572450018333	-0.0160923826940222	-0.0238915531704396	-0.0181073709138087
0.00669551343040387	-0.0289548199886381	-0.00913686902756786	0.00557605261669364	-0.00766941119865335
-0.000468250817552056	-0.0357210260641213	0.00320194979799022	-0.019632751730375	-0.00248064513947876
-0.00687581820044622	-0.0644039341431014	-0.0158032658780957	-0.0026836742769753	0.000378281483604127
-0.00582352484898963	-0.0541773247234538	-0.0153335978713727	-0.0389512594198922	-0.0152930683749444
-0.00611371737114952	-0.0169811049119991	-0.015984610832178	0.017904941077696	-0.0145443517196526
0.00180691784576955	-0.0140822955112608	-0.00883323736633632	0.0283498529359833	-0.00491018631489346
-0.00475736329758993	-0.0345691003389498	-0.00433801328489094	0.0285347168361803	-0.0210879158500269
-0.0068076335569034	-0.0419877174132195	-0.0073185414565631	-0.0162336555557999	0.00655413076315733
-0.00456214314488625	-0.0674800366404628	-0.0168024299049558	-0.00428437266988181	-0.0135724881147114
0.00016893398151268	-0.0509219565297502	-0.0185330556128971	-0.0197960429817535	-0.0126739924433848
-0.00482447488559895	-0.0204762054506217	-0.0151054677639673	0.000330356289861097	-0.023535902032572
-0.0063918475423067	-0.0827277136593503	0.0381393631292716	-0.0600559391038044	-0.00279920612476715
-0.00595053375962288	-0.0413162177620229	-0.0139573590501324	0.0238171944766714	0.0848904909318235
-0.0071366369389773	-0.053378026390689	0.0115881380097518	-0.0620586157427338	0.0257941473465626
0.0107822540214166	0.197972922715266	0.0360573591476124	0.0401424391712024	0.00378590924044589
-0.00392927966889698	0.0103330706826183	-0.0142740781861624	-0.00181301063122443	0.0034210222387149
0.0123406328518262	0.012816837885577	0.00299293319858258	0.0231124558991195	-0.000235565325210172
0.00182963781148602	0.0321889340693517	0.0193709962837345	0.0564238301559918	-0.0162496252623478
0.00956908151947051	-0.0119679356956488	0.00723143736278929	0.04923981246422	-0.0169315260169208
-0.00447377889750783	0.0707794685021769	-0.0142347339216538	-0.00939544112987357	-0.00108812419576164
-0.00518188639097177	-0.0453852789138746	-0.0192509197433604	0.00910526806132917	-0.0110063637111136
-0.00442199387864921	-0.0388208980844734	-0.00372747369538016	-0.0138068067116904	-0.0164982963601528
0.000955572206564565	0.0178661899685463	7.8417852188758e-05	-0.00291065835274189	0.0125884282609956
0.00210898349635668	-0.0279534366144585	-0.00669228076143268	0.0197108470081681	-0.00889111440998019
-0.00603645193562087	0.0130217914953206	-0.014939844345541	-0.0251226065699019	-0.0134737422637445
-0.00482158282415634	-0.0367862241615227	0.0166487413835159	0.0858964058266148	-0.0078107089360521
-0.00490544009181601	-0.0583707746152155	0.0184744116398235	0.0112155031343675	-0.0192346498161426
-0.00562393563557159	0.011280824116838	0.0236138482423836	0.00404854609882536	0.00191402297891484
-0.00610485790499262	0.110848177867953	0.0098738755893828	-0.0117356654786559	-0.00908075243280958
-0.00516365251356434	-0.0692068474990372	0.0207970699085616	-0.0171005710278799	0.00701104953468035
0.00597369184176693	0.0246197432116961	0.0136930249133356	0.048302974417856	-0.00124548800314058
-0.00473873885832956	0.0746323506737798	0.00771416621216139	0.093881187185414	0.0137146091149761
-0.00430181945173822	0.0308957323574533	-0.0135088589515797	0.122477963921558	0.0278771193475178
-0.0041066429680215	0.0711630314964164	0.0228764438878587	-0.0152043816113634	0.0173807403619064
-0.0056563621467119	-0.042101551053307	-0.0183805596074607	-0.0379488131970487	-0.0164760985941586
-0.000167798716906638	0.0534691980069411	-0.0117476168927399	0.0132176034152213	-0.0113239309983944
-0.00428091984648499	-0.034683227161476	-0.00194483156275922	0.0228074744548727	-0.00924545868301259
-0.0045040315886977	0.0982949851454478	-0.00509374679914013	0.0374241732389531	-0.0108635252423544
-0.00538547002865836	0.0229784819267635	-0.0030798157753089	0.0391795889811737	0.0230233701876695
0.0029922408092363	0.061675688458238	0.00733964832030987	-0.0183793617511412	0.0302338433893221
-0.00468220440700849	-0.0215638254545854	-0.00717519593877823	0.0479573353785965	-0.0216869473546521
0.00342796590890758	-0.0320567143930886	-0.0162948527620485	-0.0349601129521358	0.0142336242032946
-0.00618765745688163	-0.0229681834777304	0.00637943564884858	0.0103643857555295	0.00715705918513069
-0.00502019908414729	-0.0567252072518211	0.00208058544460984	-0.0491084499476297	-0.0240789787436693
-0.00580115200513438	-0.0279576568387999	-0.00422865421412811	-0.0172540584309457	-0.00931770808020087
-0.00511537050625632	-0.0113840824681318	-0.00714274350437205	-0.0346545565294492	-0.0163454411812554
0.00738838093880503	-0.0599692508559824	-0.00255794983061057	-0.000600128021459859	-0.0131939841433601
0.00325546194098324	0.000653532369314542	0.0234418647881037	0.0299703977140581	-0.00604050513751609
0.00119470382977542	-0.0732585817861603	-0.0149096928566589	-0.0192188970930241	-0.0134268707878993
-0.0043145504938443	-0.0119238544900834	0.0217079915793689	-0.0444234790451508	-0.00254623341935886
0.00384005171578481	-0.0395828902395209	-0.00511871465280864	-0.0571973664613533	-0.0212639829284666
-0.0050496967067413	-0.117863678610701	0.00342277455745986	-0.0123359639408058	0.0262221389083897
-0.00569931364173018	-0.0855890203343428	0.0098419094972523	-0.0148547782123109	-0.00533383041107292
0.00096372852167447	-0.0369457274727731	-0.00618071940877494	0.00477685120213648	-0.0186036047202673
-0.000956309632905797	0.0181081610936196	0.00895880006497026	-0.0243473014373214	0.00651313097871646
0.00712911639529342	-0.0425516956585094	-0.0140595463442731	0.0217056251679639	-0.0123341708784296
0.00257790356325927	-0.0627961159212105	-0.015940093969266	0.00144364279702356	-0.00193572486761898
0.00247666036635796	0.0508241759466345	-0.00767638822140064	0.0802958390777016	-0.00772523704801191
0.007085054887987	-0.0361267375987642	-0.0174298721131297	-0.0286125707192908	-0.0109094201648827
0.0063733484832718	-0.0588501284444693	-0.0067844077008969	-0.0295068312926169	-0.0300726437826285
-0.00460017461937131	0.0154706641180008	-0.00614553186325208	-0.00559212375143466	0.0109617947449307
-1.35137350030265e-06	0.00331297422056426	-0.00641218458554458	0.0277192814722513	0.00949442115234709
0.000100548483285994	0.014469174090884	0.0127640859404625	0.0515993246191348	-0.0123554699953742
-0.00657992318417169	0.0488392707049346	0.0017829346659007	0.0354059970523141	0.0135644656236953
-0.00474243214074368	0.0290764659732246	0.0028669572727381	-0.00955139705435788	-0.0294079084567619
0.00135272221932948	-0.0284546461761051	0.00630732377451139	0.0114791582576225	0.0161097883965955
0.00241919939920681	0.000806469146670312	-0.00102454544983759	-0.0153022320313513	-0.000676447518016203
-0.00543360256974847	-0.0473264923986627	-0.0160052728108459	-0.0195622454037397	-0.0140867369047892
0.00248646886706861	0.0235154239944102	-0.00136141635512176	0.00563376524650947	-0.000996446290625747
0.00776672533015729	0.0890861992221029	-0.00111403474247509	0.0879205701038105	0.00135282492360148
0.00296225735443549	-0.0434324476865276	-0.0144434514675239	0.00441673405544817	0.00204546844069153
-0.00490393892706507	0.0264835438750796	0.022775200730705	0.0271928306366365	0.00679709614979306
-0.0029397953076075	-0.059692707966637	-0.0115504005545834	-0.0250799494446145	-0.0128982082907999
0.00351362898123774	-0.048225104381864	-0.0186460767157208	-0.0365548657434745	-0.0205192642628449
-0.00605086398036535	-0.0123678240635464	0.0205980588824065	0.0679211100591164	0.00198005519655102
-0.000789109078275316	-0.0293673240784765	-0.0100658286281542	-0.00634509484457957	-0.0125350207173736
0.00932485148914175	-0.0734517396420104	-0.00789992176629929	0.0135763931339701	-0.0156872616638165
0.000295272475544887	0.0284078145334301	0.0197735177991247	0.0206275087428242	-0.0317469451151593
0.00872834168141604	-0.0210628799765382	0.0267066446188998	0.00364551662474886	-0.0306633655558956
0.00673179633156401	-0.0399862548837016	-0.00650975313218884	-0.0235223642311958	-0.0189441461904462
-0.0050279129774074	-0.066528656645254	-0.0156140565753594	-0.0202687016333076	-0.0316560819549926
0.0134878602545804	0.0128046741711478	-0.0145354522395221	-0.0125242870757621	-0.0125410669864982
-0.00378478628248411	-0.00652261519954071	-0.00292240790654955	-0.0108137379050333	-0.0162826359526395
0.00726611892598484	0.00718348320731367	-0.00346839091292534	0.00353826667712973	0.00630473241605559
0.00113562521220633	-0.0681019802380516	-0.011323384864057	0.0215049196510322	-0.0127413376499454
-0.00415087790872696	-0.066798234748231	0.00440967405648989	-0.0262321333839734	-0.00917645231691941
-0.00494743621362002	0.0242668306162243	-0.00953896523828224	-0.00647337614866134	-0.0197938486779569
0.0116199751133908	-0.0527094333429074	-0.0159386530283219	-0.00522947248772358	0.00229523878212253
0.00145307814174818	-0.0275449287237463	-0.00499666285015888	0.0255090507029469	0.00518008224491115
-0.00506509608915836	0.00613187472138355	-0.00520528228781186	-0.0146307006236774	-0.0117517187972046
-0.0057156077674222	-0.0438808936096398	-0.00221503807067925	-0.0086637813554802	-0.00754804835201893
0.0106653324928775	0.00198350091577148	-0.0170925752374876	-0.0205176778312635	-0.0154965747739009
-0.00508045734488407	-0.0527358242980257	0.0447082691365303	-0.0104270224888047	0.00086029372711124
-0.00476511439414237	-0.0290653704603653	0.00991918833036587	0.0290895298912094	-0.0117258804452628
-0.00587772362195425	-0.0780991051640204	-0.0173141771623813	0.0184510227405824	-0.0209312111457445
0.0127600452515659	-0.0377332328141774	-0.014245291036976	0.0102465706487037	-0.0125052713879476
-0.00182615884978593	-0.0226495548397559	-0.0142017349252159	-0.0160303579174705	-0.0123555228260699
0.0011003656512757	-0.083460765676736	-0.0160905800392167	-0.0484207685342656	-0.017682378507358
-0.0046072313737185	-0.0296458120040094	-0.0158702151824006	-0.0200536909393104	-0.000579118937239514
-0.00576737903064321	-0.0353728594297508	-0.00613725622107278	-0.0140769890895825	-0.0305706599915541
-0.00551332289735039	-0.0254324114196117	-0.0140685859089932	0.00167205313092047	-0.0187058936266532
0.00198426795324965	-0.00056728578259463	-0.00362982513210261	-0.0139093787819839	-0.017602524380425
0.00610527901861174	-0.0676776287412024	-0.00621731899099239	0.0265390628652283	-0.0191291553640726
0.00235690549414393	-0.00161647606319669	0.00861714542400044	0.0179631458060479	-0.00859502680836347
-0.00506873871011903	-0.00473798594176053	0.0193005026546447	0.000448041870564132	0.00287821784805393
0.00637817542281685	-0.0346596369950214	-0.00598672925178119	-0.0251634930283312	-0.0184704300804438
0.00144205291366611	-0.00188424452573711	-0.0102427487345925	0.00698253207589559	0.0277021456749952
-0.00526122764759627	0.095072340392027	0.0370518148500608	-0.0259020755649796	0.000704862736292912
0.0117412304290719	0.0216918385618171	0.0133579604651287	-0.0275476743828916	0.00380856457546427
-0.000594383650504338	0.0621891159762776	0.032990268106879	0.0185949455476883	-0.00962611254494755
0.00570962614215346	0.0125305011479946	-0.0152700973215829	-0.0275302882330135	0.0109883654737042
-0.00542329181350463	0.117220363935514	0.0289475878880313	-0.00330306306537182	-0.0115791400192268
0.00604117751461892	-0.0251276315885908	-0.00756141988578631	-0.0203119682571139	-0.00402398078203788
0.0139483553804519	0.113123602346409	0.00144320586625489	-0.0178661412638312	-0.0115639027918822
-0.00616822815700702	0.130841583268283	0.0812918711627512	0.177391374420347	0.0362185984226
0.0109407671144299	0.0944079804246029	0.00127770414766437	0.00881392072897801	0.0176080955213037
-0.00412780474508946	0.0959932608801771	0.0918164719902922	0.0101898114985519	0.0534312126218452
-0.00535032343096105	0.0126799492493518	-0.0159909646198655	0.0998985747062774	-0.0315486634818437
-0.00390972337611422	-0.0666473541592219	0.0228483977215247	-0.0103759393384885	0.00783754327216761
0.00619873016731965	-0.0372912746932798	-0.0175307575464881	-0.015281088657231	-0.0134087201216739
0.000362514162044483	-0.0257717141802254	-0.0156946022396213	0.00580601610925026	0.0169452248966458
0.0036535906200554	-0.0245774076003468	-0.00114333840786538	0.0129751754483788	-0.0213573520641869
-0.00582799887298985	-0.0218795192698297	0.0168961479361352	0.0253629337218531	-0.0150200019719341
0.0014846379703936	-0.0184929415064501	-0.0163166293603531	-0.0228585550428913	-6.80740760536889e-05
0.000279928629980322	-0.000685558601454502	0.017282417920746	-0.00476488356296183	0.00301580125027683
-0.00374359354094735	-0.0560440024156328	-0.0155853496059696	-0.0569571016985429	0.0128030640617531
-0.00513933395244901	-0.0923264894254519	-0.0145675917568955	0.00644085937345276	0.00259230068329864
-0.00398867951686707	-0.0649842304693729	-0.00507155505819168	-0.00410404682191716	-0.0304216175258497
-0.00431820708513164	-0.0672184215418208	-0.01635916887522	0.015614356280122	-0.0298056719626448
-0.00520888189110462	-0.00219886776552674	0.0109569044235064	0.0157385669002778	-0.0178291298258261
-0.00372776208786904	-0.08926620755216	0.0433714167607085	-0.069819929743542	-0.00975766061655697
-0.00541207147729518	-0.0847776602252303	-0.0164531523126675	-0.0287775051693737	-0.00015794908945739
0.0107002092263874	0.0941057617580442	0.0171337392749562	0.0316565715028855	-0.00807357883280898
-0.00612845017859866	-0.0339711680613221	-0.013819994593193	-0.0274959416454909	-0.00341255849714268
-0.00455783196238114	-0.0567787317970652	-0.0064168996648973	-0.0405410451437743	0.00458600434661924
0.00627167709453272	-0.0632641215331227	-0.00342979579492401	0.0165198444660528	-0.00817607697555167
0.00135003367082828	-0.0805633310006901	-0.00710672938923653	0.0158415432154536	-0.0178519419907501
-0.00536328499021885	-0.0172073169027192	-0.0154731874407776	-0.0450141929622558	-0.0166000881445902
-0.00612118557495657	0.00155676293001828	0.00518452453802707	0.0117524345849248	0.00313904466253166
-0.00195196603842066	0.00327794644006425	-0.00653542638376746	0.0103238042211243	-0.00601222823501896
0.0380922326596763	-0.0608265074572077	-0.0143736975449015	-0.0375874378316294	-0.0314178348567592
0.00321239601004897	-0.0345044685955237	0.016455596778719	0.0384101417406932	0.0240443289046894
0.0033604993734728	-0.0588083877987845	-0.0165918320540857	-0.0400183439487205	-0.00574365249956571
0.00312969101464809	-0.0461796178881806	0.00192067726445235	-0.0118583538326069	0.0051878121217171
0.0160521038827243	-0.0513610794866197	0.00564988988380072	-0.048379464298722	0.000285251153067158
-0.00548291631950292	0.00551585941327133	-0.0165867032098534	0.0249004026291168	-0.0330136582263187
0.00118238944138828	0.0262348499999687	0.000482988787964511	0.0253876673924269	0.0234261052925621
0.00943493949557593	0.0150653871123201	-0.00424802755295825	0.0262243220148473	-0.00826268828952923
0.00881062867464871	0.00404242534729465	-0.0103007353884104	0.00989985959679377	-0.0035022903349424
-0.00530304127449069	0.0113581441384743	0.060197870619443	0.104847202161036	0.00736024810318213
-0.0051339034916553	-0.032135587403404	0.00367515765821722	0.0119957288364387	-0.0180001065331577
0.001978655862719	-0.0227587908138847	-0.00744609400632946	0.0185202072711744	-0.000322506081870896
0.00811502211851034	0.00920275789713522	0.0819443489461253	0.0189852303860537	-0.0156986191539011
0.00272723138710661	0.0171796272844747	-0.0154879990162236	0.00170114763434781	-0.001408036253423
0.0146326691606791	0.0756619326602382	0.00110171569061911	0.0757716782120468	0.0323126816513116
-0.00440382523720042	-0.0214669320293293	0.0243974275069433	0.00321073994218734	-0.00891942329382354
-0.00459566559992418	0.0291427066108928	0.00574457835526308	-0.00747225724674919	0.00122694140219933
0.000692614198271488	-0.0282259700829395	-0.0178106256546059	0.0120807004586061	0.00567999353301089
0.030966177765116	0.0725055212740587	-0.0127078434493763	0.0369878717242608	-0.0183909665586155
-0.00629567560888389	-0.0136841985371503	-0.00669193472290112	0.0515631519563868	-0.00685480118681547
0.00792938471651109	-0.0148074724345596	-0.016026593086751	0.0307343076008691	-0.000922260451265521
0.00925664175324047	-0.053732537322908	-0.0172190612364317	-0.0278476218828354	-0.0165511624610244
-0.00440398979597015	-0.0215937336397521	-0.00159249878999225	0.00374917886972171	-0.00866081173499892
-0.00398803452204212	0.0337948000333552	0.00524610978900067	0.0429857106966558	0.0116011429295681
0.00309231497795836	-0.0157913755482526	0.00169770430583707	-0.0128405726299303	-0.00652504026094088
-0.00634138804827201	-0.00454948737274625	-0.00122113334209954	0.00172091103742993	-0.00420562403980558
-0.00565281394199751	-0.0156279531613518	0.00282775621661778	0.00667204417932579	-0.0139679829899139
-0.00375537793937521	0.0103220510864826	0.0170207927568694	-0.0551469111362603	-0.0296733483972799
0.0104461120217393	0.00368758176904027	-0.0117089681681132	0.00807813956060231	-0.0230033443160506
-0.00482934532697495	-0.019318179328273	0.00154775367553492	-0.0257702635095213	0.00171017140689006
-0.0046573028375503	0.016769614780688	-0.0157150975732021	-0.0686417324773123	-0.0228990151093925
0.0057446826121956	0.0953637147573815	0.0598036158111941	0.0531641216544853	-0.0305484223034212
-0.00605514070880444	0.095724226776618	0.0446752360592034	0.0122707199547401	-0.00998384360580895
-0.00480810481998258	0.122547458787227	-0.000111992178138876	0.0264687092068377	0.0299738794868437
0.018005185497771	-0.0654886748107245	-0.005835901837537	-0.0173034670706723	0.0293506451890288
-0.00619293350912673	-0.0214244092193159	-0.00762325354912732	0.0532394727972176	0.00592850945941449
-0.00443496675775737	-0.0139820158421621	-0.00726167160747996	0.0231817675231647	-0.0074036609791768
-0.00624880457105633	-0.0197556967221581	-0.00833431341567573	-0.0153080169836834	-0.0157333647003147
-0.00144160650181538	-0.0471844306328782	-0.0181023665905472	-0.0136001432170335	-0.00988274685635168
-0.0059164450545589	0.0650143465157879	-0.0162395397993203	0.00170956509853111	-0.00354431786442407
0.0128975519636631	-0.0326820782092333	-0.0128313906521701	0.0284625339482263	-0.0128438925042119
0.00223042638672128	-0.0132268100497716	-0.00753123302254175	0.016184818178998	-0.00505140925530236
0.000196084259978712	-0.0179537428044092	-0.00377777068841236	0.0218683079061527	-0.00916800463569798
-0.000159391964687603	0.00284560343726693	-0.00358263891576466	0.0309843766690907	-0.0138999286658788
-0.00670971177578914	-0.00746345031095789	0.0161389595204803	-0.0258257528930935	-0.0175771592706727
0.00471568239269633	0.0966883983963688	-0.0157760743784983	0.0205067652519297	-0.00980631311910839
-0.00395194751370803	0.0170993291091529	0.00311085103640131	0.0444084407048134	-0.0306009988623045
-0.00495615735417217	-0.00104156585067437	-0.0156471375466137	0.0213282339330941	-0.0304858571675777
0.00248197277887979	0.0266418053320757	-0.0156340450229093	0.0570955013353953	-0.0151001916832835
0.0106843934624092	0.234441436506035	0.103079533097393	0.0199498398284397	-0.0309165232562982
-0.00563008814553119	0.0204169609403117	-0.00874365983500673	-0.0338562680445599	0.0138774376095694
-0.00472894272146846	0.0267398780077653	-0.0165471497122582	0.0271076536883553	-0.0297587198366693
-0.000296318223064006	0.00514528189769024	-0.0162972669999373	-0.0174314004754073	-0.0261638122491486
0.00336282446438141	-0.000884388335327419	0.00739856831631262	0.0196169307861275	-0.0142574711303222
0.0270305868867958	0.0417955646774416	0.000644850627992283	-0.0602537598540327	-0.0137479088446069
0.00151968906150541	0.0216973136494644	0.00589463800098998	0.0509575726019012	-0.0306775483805401
-0.00641161807557951	-0.025750302599591	-0.00703520931338324	0.0666738717882855	-0.0010202651030915
0.0167587508694834	0.0275877683764172	0.00760064960133503	-0.00454388014038786	0.0128910457739968
0.0115254355096204	0.206993204318213	0.0161595828916915	0.0921707130053423	-0.0309095450664944
0.001747488347872	0.0203356150604695	-0.0170675599398903	-0.00567390624166495	-0.00931531129367803
0.00715428277146577	0.0309500939741238	0.0358881364996847	0.103922637639982	-0.0177983134614152
0.0650061849823796	0.109926112139632	0.000251390706103855	0.0482031616657627	-0.0130640238667455
-0.00035593307706122	0.0262488350655751	0.00422104855613938	0.00292003217361705	-0.00912190852436421
0.0141855797471362	0.00602835179800863	-0.0102827844339028	-0.015289601966579	-0.0210591349909166
0.0272623811618379	0.0125756113282019	-0.00842227197292681	0.069508254662302	-0.0316534006282247
0.0194969692655846	-0.0285069751567409	0.0154862778813131	-0.00628368602085686	0.00336906706713052
0.00438832307420935	0.0136434921588498	0.00177460781441673	0.00527755531988899	-0.00281852890552576
0.00221560389667358	-0.0521425827663658	-0.00902497926529355	-0.00228072200808578	-0.0309911840320331
0.00561920839532651	-0.0363693174346603	-0.00497356549767105	-0.00116626635998451	-0.0206991214473662
-0.00392439161942808	-0.032337170316302	-0.00852713750694161	-0.0350744286458296	-0.0233894361657732
0.014932543413353	0.002613096576312	0.0046780985764324	0.0768119684958886	-0.0103212358359322
0.0157932939777777	0.0300694856942404	-0.00489942226286084	0.0445787399655053	-0.0196002710001955
-0.00601789572807463	-0.0218161066991223	0.00640618423211289	0.037095343480324	-0.0178922297040371
0.0154872071681052	0.00662904499721529	0.00540169863691697	-0.0105017819446924	-0.0101519414731115
-0.00522704110939955	-0.0584738896571272	-0.0173509205781628	-0.0483313558657024	-0.000797412916197421
0.0121980015345582	-0.0188857783002587	-0.00347375815069226	0.0421093795256202	-0.0118360357637989
0.0103514289282937	0.0233546556508779	0.0130114321768822	0.0177765015609435	-0.0231301551706235
-0.00601611274133697	0.0145796509419297	-0.00837266338023322	-0.00883709376770877	0.0267718819644943
-0.00504496784898891	0.0605065452714944	0.00838661914258651	0.0567330350269339	0.00140994392588226
0.00992563867472422	0.0295929609382276	0.0140676076384573	0.0542955473691639	0.00567101550995639
-0.00371654237475037	0.040498537681083	-0.00264364133569339	0.0266898570337077	0.0356069322036334
0.00611761310070908	0.0586307845361636	-0.00508501255242846	0.0327658555578021	0.000922159802636981
0.0042681370988721	0.075412271068321	0.0187444378117917	0.0256802968271552	-0.002963147329722
0.0127014589339842	0.0754828344538618	0.00642811094697205	0.0710413704647696	0.00481287036093119
0.00841729346986745	0.0634741801093995	0.00494161137671079	0.0535273515567995	-0.0177646539925599
-0.00477765595490704	0.012644974171725	0.0490170914957086	0.0506933122042409	0.0531784538545608
0.00988772356690746	0.0254524947903851	0.0443429136698551	-0.0203931686516896	-0.0147784591658049
-0.00625824794356399	0.0172986232350775	0.00715927857873125	0.027510310546742	-0.0317653303943094
0.0990409402286057	-0.115764102221969	0.088390125099865	0.112133368011456	-0.0308574228664742
0.015873470514374	0.0155325170483016	0.0343494999205596	0.0477205301713865	0.0120382995597264
-0.00494677713477352	-0.0236972443771192	-0.000509697531784755	-0.0299861338254552	-0.000300778151852196
-0.00529763090795533	-0.0133973374318799	-0.00635927579765065	-0.0400487810828857	0.0049928413939579
-0.00116000569455465	-0.0594638540818978	-0.0124491867555206	0.0123514391175617	0.00320663069552318
-0.00521965419052237	-0.0125186975109066	-0.0158337436063219	-0.0292974368227275	-0.00808727206015146
0.0169247304032774	-0.00431180866176367	-0.00927005281521556	-0.0129021486550877	0.0187981460008529
-0.00104577520564626	0.00535493650442931	-0.0171468553406236	-0.00889912473182032	-0.0141214229953552
-0.00607234325011971	-0.0281604564741675	-0.00926787737386005	-0.0370597223474339	0.0104407265744382
0.00287160416286266	-0.0147442457009727	-0.0185435005531951	0.0109827223229431	-0.00287853778434012
-0.00500073758930474	-0.0189696949692105	0.00192853198294742	0.0144540970669738	-0.0198271364878661
0.00823748723291485	-0.00589446840789889	0.0296049550472577	0.017537402587906	-0.0179268646709632
-0.00397328992472649	-0.0372395408675289	0.00594671218323227	-0.03522876073365	0.0100121345388173
-0.00589533910476286	0.0490241944998906	-0.0141130379635395	-0.0201719817924079	-0.0310935044345425
-0.0064110926036062	-0.0707398666578561	0.00593968426224996	-0.0407707878900337	-0.0153356249165239
0.0025812713155804	-0.0596450115878224	-0.0082148819913145	0.00864667098543751	0.00467570653539889
-0.000805291492665436	-0.0531182649111595	-0.0147115145167373	-0.0691869515983104	-0.0115584179112573
0.010142293543327	-0.0873327843150848	-0.00216606224712517	0.0121677437677727	-0.031273992243814
-0.00534801246297407	-0.00832115914188779	-0.00945141250541743	-0.0204376979191277	0.0105415525410163
-0.0015204656431289	-0.0406424823145678	-0.0129239116830724	-0.0439250555662485	0.016798733362232
0.00224134839754371	0.00645469779580766	-0.014021293207711	-0.0376463143595806	-0.0066979633334211
-0.00554844961953357	0.00212345573747983	0.00350397613915251	0.00880745273022643	0.000404327385259897
0.00254391183368025	0.0557214729493209	0.00720602414317651	-0.0242017343253721	-0.00760291644386612
-0.000310040648674061	-0.0366325488487437	-0.00518617850273715	0.00129849343232569	-0.00797970876274976
-0.00468503901946177	-0.03150584186085	0.00269502794574837	-0.0236119791028668	0.0137149914584434
-0.0058041803676378	-0.0302781687404113	-0.00057141509651258	-0.0328521449508799	-0.0119681673797641
0.00512477607230293	-0.0608929861667168	-0.00641291908254474	-0.0261537224590053	-0.0205653523333241
0.00651005364013938	-0.0601853948965481	0.00507343813430228	-0.0156183774903917	0.0227253630701886
-0.00560353528208163	-0.00421275704245712	0.0141819515117383	-0.013042771915866	-0.000222152740889104
0.00683256430009482	0.024207310357154	0.0096776033414186	0.0283119564252716	0.0515310051594041
0.00158200158338637	-0.0489120444054191	-0.0159841173518907	0.00159285462162625	-0.0179847952170615
0.00507766796488301	-0.0484657681892602	-0.0169728180087272	-0.00294758501197222	0.019292437052287
0.0147876897662732	0.0243426661994156	-0.0103163469511431	0.0397756224458157	-0.00357718999038091
0.00601516642827865	0.00155306113158468	0.0156943423460948	0.0106902754493779	0.0250925975701773
-0.00491686635921369	-0.00549067988951682	0.0144635477100805	0.104263066624766	0.0285828831641972
0.00889632722468038	0.00327037339368234	0.0101730350838402	0.083260076830276	0.00829567389406599
-0.00407709821659306	0.0786296190257401	0.0313906815097811	0.0705245220966025	0.0172784503870268
0.0132993529655699	0.0640131860181386	-0.0168675791925337	-0.0317442013315858	0.0803317919890385
0.00292494014374915	-0.05638135816931	0.0111352855086983	0.00784753092749197	0.00229306510689159
0.0105683166019614	-0.00332917487422442	-0.0051802475310158	0.0402426436452565	0.036580523515354
-0.00593552071739058	0.114369253508163	0.116995073644946	0.00302917063885678	0.0313182921533655
-0.00540651051969542	-0.0508744451794581	-0.0157502200344247	-0.00217869815371423	-0.00854919824967439
-0.00350812140800316	-0.0508057697249147	-0.0110065780076449	-0.0316693626206854	-0.0157985819929625
-0.00138199791083345	-0.0313424969632308	-0.0126898578430678	-0.0303274455604246	-0.00456596631019099
0.000674053734752482	-0.0518849963534943	-0.0175369584414707	-0.0662135929924486	-0.0128269135019697
0.004877635566793	-0.0557295205340393	-0.015260740581176	0.000871898022265992	0.0102451531109835
-0.00561982559670906	-0.0246135651556162	0.000712862728025282	-0.0364749804851315	-0.0106877086317213
-0.00523604842239221	-0.0801586385627474	-0.0148297096717122	-0.0596441537565914	0.0273032159243778
-0.00490467198755684	-0.0233960778584126	0.00314923546474973	0.00364862438841744	0.0445480980590602
-0.00682588249813725	-0.0189031409135507	-0.0198549594508358	-0.0021066523627831	-0.0112320967781087
-0.00467455998321885	-9.27945327815751e-05	-0.00270663385861028	-0.0658758791306554	-0.00802717720300899
0.00141051597604669	-0.00996131420004036	0.00647419040077811	-0.0197077479208652	-0.00799695125245674
-0.00540935177759056	-0.0373373185493023	-0.000292799263991563	-0.00022830510950253	0.00254805226403517
-0.00470948191206495	-0.0544635808588318	-0.0134973935073206	-0.0593810780529716	-0.0304097342798149
-0.00500835355671304	-0.0842912654090874	-0.0146013791672163	0.0464879669076618	-0.00250891327017871
0.00586810336556988	0.0149904510241982	-0.0123305642526145	0.0577743286610213	-0.00390369214465828
0.00330774590778649	-0.031121863849533	-0.00654090028984824	0.0481174018933858	-0.0114116441383728
-0.00535413644154219	-0.0484474460400046	-0.00431791237427306	-0.0310583518191937	-0.0315724868215497
-0.0060520959188556	-0.0288909614888373	-0.0140494917722238	0.0276213434657818	0.00329595628831947
-0.0065593044541	-0.0386286017678516	0.00432422252209841	-0.0172670101155321	-0.00966413609430124
-0.00547837705301946	-0.0575384325437426	-0.0165686306418052	-0.0483063233064664	-0.0102557810945959
0.008905326169797	-0.0450317868275494	-0.0168871092393275	-0.0444521013861171	-0.0171730983088139
-0.000942866123438655	-0.0379729917377252	-0.0132833723162934	0.000831084863052884	-0.0179359319730224
0.00453411397187007	-0.0280612830747926	-0.0138881661464443	-0.00236638828061023	-0.0108293532383671
0.000533582830030288	-0.107884262762577	-0.0169054275064655	-0.069628996655442	-0.0135108301753592
-0.00501036007354374	-0.0289093651198638	-0.000797881442768721	-0.0579876183117474	-0.0109978577274957
0.0122481045766568	-0.0690677158772286	-0.012177523894601	-0.0081546055282163	0.00451451688903015
-0.00456930727382523	-0.0745916710538725	-0.0143595289259956	-0.0592187434978189	-0.000694396304213112
0.00316201021704915	-0.0171432323614351	-0.0149090741140836	0.0285889991337714	0.0168714236139324
0.00853836573908293	-0.0257865467005044	-0.00831342739166243	-0.019787887146495	0.0152630263984885
-0.00615609354801325	-0.0181325689110064	-0.0158163444156796	-0.0251969740731838	-0.00947908387593499
0.000686905958878823	-0.0680489023070609	-0.00274084263105038	-0.0343354340535666	-0.0191090860680414
0.00588712899503089	-0.051988910565901	-0.0148818426161441	-0.0450097156279324	0.0144218833212439
-0.00212591561822799	-0.0227374719760121	-0.00525369764256631	0.00029180242381031	-0.00668841300446501
0.00291107422494624	0.0449963345490391	-0.00197358545223703	-0.0025628252318045	-0.0295514817951857
-0.00326678457268714	-0.0722261854012199	-0.0138757261084673	-0.00855429960871303	0.00240811737840952
-0.00485908079607843	-0.0688540693740003	-0.0165612636053825	-0.0120829572794733	-0.0210346769338119
-0.00532104993530871	-0.0656873559739015	-0.0139714975906782	-0.0691198099832002	0.00329679526214275
-0.00525804216463886	-0.0231354505798203	-0.0147225693583198	0.00988264838561769	-0.0297031123783268
-0.00614467813660461	-0.021527197278564	-0.00952821661117212	-0.0360423580262173	-0.00120937787831719
-0.0046165977664472	-0.00718039959765915	0.0168596117912469	0.00540825990954525	-0.0305342745181555
-0.00474900195868228	0.125079608701466	0.0124769679411711	0.0791815098477812	-0.0219078810090006
-0.00474995528087595	0.0331755964142273	0.018882474012401	-0.0114364876703506	-0.00781655316165578
-0.00534976278563594	-0.0307150950976618	-0.0164580149988498	-0.000838121670198549	-0.0181379339988098
-0.00419509272568598	-0.012799167970676	-0.0118481650938891	-0.0553461522326483	-0.00312521806182856
0.00671630982715884	-0.00324967199972459	-0.0169091487653432	-0.00894990560173444	0.00545721438141608
0.00530487025228584	0.00322392422901427	-0.00837979959803961	-0.00670726380384305	0.000372303400947245
0.00729353172652674	-0.072160760800621	-0.0042282385061628	0.0245829832119065	-0.00736110969937496
0.00339962433831504	-0.0405683711679477	-0.012906915389029	0.0342584852002496	-0.0133479860999257
0.0238239071921781	-0.0577956471021838	-0.0167420553871512	0.0132462416478699	0.0142166438293557
-0.00396681245500056	-0.0582319893061888	-0.00275193971835117	-0.0316940440890983	0.0265052938964275
-0.00567927101726701	-0.0368455466593554	-0.0160077761241517	-0.0284027061964539	-8.42626775580266e-05
-0.00484532621629444	0.0130241475538433	0.0140433416349906	-0.0179437383338562	0.0135390679668499
-0.0043281815252601	-0.0529578043010153	-0.0157116523928887	-0.0275344381982327	-0.0103799995426382
-0.00434346659829776	-0.0425328673680257	-0.0152126079243348	0.0164029531724642	0.00230588951616447
0.00237240158492146	-0.00238778813535406	-0.0158913259692962	0.00312421752679875	0.00565672762026558
-0.00507559275594555	0.0598787764834451	0.00102469989696606	0.0188760717713138	-0.0129300236195594
-0.00617071540106938	0.043040682521625	-0.0125688722123195	-0.00569366152950193	0.0155757002105431
-0.00146760759710219	-0.0274368623932786	-0.0114568396467066	0.0220333287156958	0.00476021101303433
0.0131350965453643	-0.0203194946638953	-0.00951196806786911	0.029633511018412	-0.0118054497350659
-0.00580859482803394	-0.0576467169020553	0.00464980992912774	-0.0603947439108991	-0.0099134944054535
-0.00515979526326293	0.0189509029644856	-0.0156085529726133	0.0141790120765025	-0.0185656298859458
-0.00453934883582586	-0.0253908425344959	-0.0145071138245723	0.049955516168549	-0.00885440879649771
-0.00377247339313911	-0.0133660124282541	-0.00974645334554229	-0.0198432065389565	-0.0161081795665828
-0.00459792067418306	0.00288067891017848	0.00423522944487731	-0.0383658329547893	0.0376855029888624
-0.00482023415368994	-0.0737219187811054	-0.00840740517929571	-0.0187140037860401	-0.00145718433209752
-0.00625759041602238	-0.0496104300556816	-0.0157726576871369	-0.0319063419651893	-0.0245812667137259
-0.00510968913443747	-0.0567292681774302	-0.0149144337353691	0.080955058374791	-0.000710270998493258
-0.00463259869121267	-0.102978226198956	-0.0147872145533128	0.0381636633310223	-0.0303933473628746
0.0106805833766657	0.0332187915758349	-0.0159125269385926	-0.0292409465223004	0.0160671783008574
0.00063628222278073	-0.00643854439101316	-0.00622355251115366	-0.00410206894596749	0.00607511635045394
0.0204176088513257	-0.0609880994761161	0.0108382686206704	-0.00458867565946384	0.0203895166727156
0.00244377407060945	-0.0259794403078656	0.0131747275776377	-0.0150071387318287	-0.0153895820678885
-0.00442144319554889	-0.0668503092367146	-0.00126023418596465	-0.0228717408567064	-0.00249208294762042
-0.0049560615370182	-0.0201513404423797	0.0021349611852103	0.0468224705845775	-0.0290600979292077
-0.00599423850638876	-0.0474454336325567	-0.0082924752800355	-0.000486178309802657	-0.0226927243096574
-0.00606268673374613	-0.0461521834616289	-0.0158593929687879	-0.0285289178161158	-0.0201357094239508
0.00179695980060649	-0.0601583819526439	-0.00992555673195531	-0.0523642127944052	-0.0156084574952891
-0.00482082545307898	-0.0374961778631568	-0.0101765809107855	-0.0268385293708867	-0.00444357801907715
-0.00555185818340392	-0.103266780739601	-0.017041152613595	-0.0260797270050177	-0.0128249499381325
0.0136223057532611	-0.043918362562382	0.00210702432030859	-2.99862674863934e-06	-0.0124104975621808
-0.00598991033876833	-0.0263003139873931	-0.0172424602820037	-0.0115964313121426	0.00530115111777513
0.0109392525284657	-0.088121694618153	-0.0113497756090607	-0.0331171888400286	0.000226544305985183
-0.00617713837615778	-0.0741790013100547	-0.0106663455917664	-0.0165342158294435	-0.010111312699347
-0.00641866510751678	-0.0612350801964557	-0.00996537552436047	-0.0206160829335217	0.0109100059783755
0.00126985364526745	-0.0329586686841467	-0.00687102039122682	-0.0189397742142474	-0.0132913641763579
-0.00523906491303394	-0.0740489015063663	-0.00508199661643053	-0.020666864952456	-0.0144058247456254
0.00408335135679987	-0.0619491553207169	-0.00656067127414405	-0.0537147423892752	-0.00757513900950831
0.0138153767647149	-0.0458345999940193	-0.0103498570244685	-0.0516952135137141	-0.0119337028755413
-0.00646287817980048	-0.00063509161373125	0.0189134169047596	-0.0454338389608022	-0.015866068271346
-0.000233068038810164	-0.0825694110951875	-0.00833797323107061	-0.0349541161725521	0.00427861057731324
-0.0057499739179409	-0.0565806461096224	0.00225932904559478	-0.00855237100408755	0.0230695227873828
-0.00488751875073134	-0.0625303335792674	-0.00187277614290624	-0.0308322124257422	-0.00621844231003786
-0.00600595103897534	-0.0934939949935258	-0.0163578302775361	-0.0489582796847893	-0.030809069560242
-0.00470853680525444	-0.00294441773436304	-0.0152965512818705	0.00367930923621496	-0.019891960342589
0.000638786886603926	-0.0162701304650419	-0.0123297804716501	-0.0379271722951842	-0.0124731937437049
0.00630726692531881	-0.0733658354834334	-0.0117432391056266	-0.0361033717413769	-0.00306428597961875
-0.006186790177383	-0.0777035879059552	-0.0176127880499738	0.0287581768769523	-0.0148649190114306
0.00485448169445338	-0.0492228799893147	-0.00348163423162465	-0.0269390547154995	-0.0112284245556462
0.0210466529482659	-0.0803922778197477	-0.0168139085627731	-0.0522404101015004	-0.0306025067352962
-0.00589395191365206	-0.0267863660434733	0.00334167259926106	0.00248777145138579	-0.00457908697756106
-0.00389799975497178	-0.111349788857636	-0.0160548628323538	-0.0350279407770788	0.0215185089830673
-0.00188092875090896	0.00948500411657741	-0.0138247052266844	-0.00987449547223499	-0.00467931787911653
0.00308875731411213	-0.0324179463961164	-0.00104543676412388	-0.00119485413916119	-0.0299058476229427
-0.00434278929446922	-0.071703033361266	-0.010664922856945	-0.0437557317147865	0.0106209209008478
0.0113361519047238	-0.0482583149816393	-0.0167740344013068	-0.054916761927242	-0.0133622854281816
-0.00568138999128651	-0.00220186669352347	-0.0164923638033829	-0.00012042028782216	-0.0164592400875654
0.00651711540702198	0.022213407650033	0.00681208516077843	-0.0127749930778904	-0.00705494719143111
0.000932554544305502	-0.0179074685360125	-0.0108668777601038	-0.0201881436203658	-0.0140195321445776
0.00327873047849017	0.00969660828582717	0.00843345399222948	0.0206285726192255	-0.0315097637645733
-0.00552316267404339	0.0441387131114706	0.0253487855952777	-0.0150929259176916	0.0110384376636145
-0.00528317367472786	-0.0326615321103607	0.00342221233085382	-0.0666233678049433	-0.01475962847094
-0.0054163076165724	0.0312645900626996	-0.0113921387618264	-0.0544601439343527	-0.00678112337847968
-0.00100200046364251	-0.0219657275225228	-0.0129962726467688	-0.01867382961489	-0.0266755059886271
0.00545387021192261	-0.0312545289597582	-0.0130134535964567	-0.000303867698747364	0.0112703823789007
-0.00519332540766666	-0.0289682548395643	-0.015620584311666	-0.0699671833305595	-0.00381118500583323
-0.00544830611040895	-0.0598272598860618	0.0219406199915347	-0.0194522367787897	0.00447927379036426
-0.00491251077498609	-0.033021173939363	0.0170090685905265	0.0326907287719543	0.00134496241406599
0.00320132067171338	-0.0717027456884434	-0.016166088207053	-0.0483151594675676	-0.00417548373470471
0.00362325905286102	-0.019906377380252	-0.00799780130748086	-0.00417790554125458	-0.0157243543649522
-0.0038406663190167	0.0275198437411045	0.0197171755214268	-0.0118740667990728	-0.000933730890842138
0.0102511458722236	-0.0491276891243376	-0.0142937427670868	-0.00647735483709594	0.0140529170850911
-0.00474768187903298	-0.0407955342443021	0.00784606865817472	-0.0289535961703269	0.00984089196604002
0.00367595398183159	-0.0627591750293163	0.00900932625052114	-0.029142112070903	0.00379103491214586
-0.00433608554295397	-0.0302818397169444	0.00808419040111031	0.0165522242081803	0.0740517792336033
-0.0047214144516353	-0.0594380369771873	0.00392391402666524	0.0097687435664671	0.0260425254917203
0.00485027024715326	-0.00920278321752973	0.0352387047405986	-0.0324946437245539	0.0227507505269055
-0.0039851544206845	-0.0128872495523352	0.0167827271112994	-0.0358377955619974	0.0217052231562977
0.00371234430641233	0.0169063532372105	-0.000251727821350016	-0.0424549173921486	-0.000575063106873109
0.006844211754461	-0.0539658424429046	0.00706870322640143	-0.04589441053364	-0.0092397871289438
-0.00490807853235176	-0.00696300591253675	-0.00394127569818887	0.0189823809461957	-0.0199507444769712
-0.00446980889526738	-0.0695804064633584	0.000228238517345858	-0.00334901033032497	0.0278192394295209
-0.00507426382615397	-0.0642331704922123	-0.00613236087600646	0.039107860145478	-0.00977238060579228
-0.00678708166535697	-0.0402566278565374	-0.0181224361528215	-0.0153165116845174	0.0370871363099957
-0.000890858165908218	-0.0498186616505587	-0.0169498010245474	-0.019455478611845	-0.00385376899297088
0.00183149063571735	-0.0654940908128663	-6.35886677706131e-05	-0.0611759051209012	-0.00121341828611388
-0.00464686286163023	-0.04724975534502	-0.0153049028386043	-0.0122703439088442	-0.0187232497327465
0.00196020939209193	0.00259936943244745	-0.0150732131768757	-0.0108980207479507	0.0352438025930169
0.00096820310373269	0.0171730570729188	0.0125034116977168	0.0378621892813139	-0.0026328515373499
-0.00521767438192864	-0.0245391897149898	-0.00553785263382786	0.0272808432668668	0.00382323601538625
-0.0042411166425421	0.0652858476886336	0.00171437119640271	0.0176215632810782	0.0220619318465623
-0.0048119715492668	-0.0312990690434797	0.00244453218493791	-0.00678312786880606	-0.0125173583245877
-0.00350096884077673	-0.0256340142229246	-0.00234205201446571	-0.0326221576086366	-0.0182867494776433
-0.00535864264560208	-0.00821854692907892	-0.00583427561185331	0.00499398673676084	-0.0118735180750706
-0.00558834205038268	-0.0278143002628467	0.0272575347061728	-0.0211971084973416	0.00759030417590048
-0.00495906973228269	0.0148095182430861	-0.00670084120337891	-0.0359337132792243	-0.0305009488663074
-0.00600181060960903	0.0962424549846484	-0.0171754341493772	-0.00318897407936282	0.0551254397051951
-0.00651611257922854	0.0359725021140762	-0.0136532589675885	-0.00262809651345096	0.00203084041345859
-0.00527452236190321	-0.0504812376992354	-0.0158844984640136	-0.0403498156984043	-0.00820765495248906
-0.00536223472280702	-0.0444946214991538	0.00437091536939405	-0.041792515337677	0.0197937144852515
0.00705862723024695	-0.010208459642153	-0.00430868569743934	0.0402808200334241	-0.0059413738359687
-0.00615425115164108	0.109124898763421	0.0429539828139321	-0.0318321722846936	-0.0168542282590093
-0.00519490185413579	0.0195765922421179	0.0179624958085623	-0.0211252861431595	0.00511328046090474
-0.00131293950589046	-0.00984616088990258	-0.0163041771793754	-0.0125851710260524	0.0101284630385313
-0.00397161350491558	-0.00506922436148924	-0.0105562605944703	0.0740782571408231	-0.00967702048179022
-0.00140198318135486	0.0474801434364068	-0.00556494765020617	0.006197219160941	-0.00123785327357053
-0.0043033506253969	0.0217651621922063	-0.013196174737044	-0.0446369360411187	0.00766214301001917
-0.00436827302519539	0.0589745497797481	0.0122346930568711	0.016846594401742	-0.0163508701915335
-0.00602089663796767	-0.0400658148641014	-0.0157644072554265	0.056359626512545	-0.00254711061756728
-0.0052567649579175	-0.0188550954054945	-0.00362390060448744	-0.00228128977983535	0.00245104642412007
-0.00488178943064866	-0.0299096069482031	-0.0162604955021011	-0.0390142291178403	-0.0290389245826796
-0.00529406305545034	-0.0151044115663254	-0.0162306424392797	0.0240257059768475	-0.00901266740274721
0.0085286657004492	0.0733158325227572	0.0129425552709059	-0.032923113124482	-0.0307548247725381
0.000492273343087329	0.0319686085281157	-0.004949782937198	-0.0162925588089301	-0.0147426017901621
0.0185945613872276	0.000712058817466485	0.0428208554820403	-0.0423448943139419	-0.00713792543346232
-0.00555350247284226	0.014194454521155	0.000586759324874441	-0.00369154770260067	0.0135582879888825
-0.000997229308085988	0.023501846389781	0.0321066654014192	-0.0274547220570933	-0.0311419136910466
-0.00493043861884626	0.00692923221805755	-0.00568757072646993	0.0183782548103349	0.00625384317805385
0.0015963545323151	0.00901715403067361	0.00776031875734945	-0.0290615509063676	8.94263748164816e-05
0.00899225633085113	-0.00499786445805794	0.00556512455785696	-0.0274905318921325	-0.0236594975587849
0.00631949858461557	-0.059110214991499	-0.0070113042449563	-0.018906721982814	0.0223686437371055
0.00662173120681789	-0.0282320411605415	0.00553424195097994	0.0767401020894658	-0.00723794743724554
