AC002472.13	APOBEC3G	APOBEC3H	ARSA	ASPHD2
0.00144312526861864	-0.0990038169662316	-0.00514120854270368	-0.0218802140793801	0.00388858836871443
-0.00152996101386379	0.0601468447009305	0.03289177033938	-0.000220450399766849	-0.00388738399241862
-0.00140440569751048	-0.192258618269149	0.0199921086522601	-0.0136433360158997	-0.00369022372232872
-0.00159211056197975	-0.0197727419974502	-0.00487640510677598	-0.0242820380714706	-0.00441373204210174
0.0165748290817324	-0.0945462376289827	-0.0110256276950089	0.00349354393704747	-0.00511396600370762
-0.00126780886217575	-0.0919841200446686	-0.0327314342683725	-0.00407228052184937	-0.0044178206084749
-0.00141525313935828	-0.177306963159868	-0.0121273940390623	-0.00439080482258529	-0.00413385825356865
0.00255891342364285	0.0447207168241027	-0.0259963193837203	0.0172797434636148	-0.00399230803766145
-0.00152716773338729	-0.0785431172877655	-0.0154369100787451	-0.0129750259973104	-0.00405451171719951
-0.00122229991513702	-0.113212476855794	0.0175029017260988	0.0617354279330948	-0.00430314568694855
0.00374741436002919	-0.0367795956232965	0.00133711443154316	0.0182603481019404	-0.00426137746968682
-0.00104970468832461	-0.0705641348696997	-0.0165234148525129	-0.0188831592797015	0.00156540549540215
-0.00131672361732328	-0.0895957578556566	-0.0341026996755031	-0.0028792415581698	-0.00449967900846414
-0.00169153803028502	0.0228747042702876	0.0165060263843014	-0.0120460265534637	-0.00458608457287235
0.0165946249838826	-0.056303945105209	0.000564576316025521	-0.0320671997498006	-0.0037955317689701
-0.00114434599448267	0.101784893220852	-0.0245348837318556	-0.0241658830755368	-0.00330641224387127
-0.00167572124287039	-0.176701789968075	-0.0209378900773049	-0.0152323513381243	-0.00474561477476693
-0.00107466464842049	-0.0329559559187662	-0.00772900871600889	-0.0145838863631508	-0.00295282851301851
-0.00138143149071211	0.0171212891213489	-0.0207932870065842	0.00660943010082793	-0.00470738459207732
-0.00170470248201423	0.00715127239339788	-0.00938289937803603	-0.0148646454324517	-0.00451158379439208
0.00213986338946722	0.15837518745775	-0.00778957971891932	-0.0039790499957273	-0.00346063547928555
-0.00102858970560795	0.131881755971137	0.00872243683885983	-0.00098874951155517	-0.00370797720150924
0.00506157681348782	-0.0727395068086549	-0.00571069445844334	0.01211062579444	-0.00350498192352613
-0.00139952632975738	-0.0741688435116738	-0.0029587453661443	-0.00051363867951194	-0.00497790705115136
-0.00114045765816322	0.0582765868440177	-0.0358751567179575	-0.0163325071298764	0.0328485841873571
-0.000734736562566695	-0.026634375702532	-0.0196377513108479	-0.00207211344214941	-0.00314132030092819
-0.00129935856570559	-0.171188108905517	-0.0201254026079279	0.00424573426127446	0.0112771145371573
-0.00146803691878643	-0.026271392347075	-0.0205894379407362	0.00940603009566135	-0.00387400525241013
-0.00153190425033824	-0.0842201388903315	-0.00638169895465366	-0.0116544765970777	0.00129044399419061
-0.00116178080263425	0.0644892062722806	-0.0173284728100914	-0.00697025477908991	-0.00408344840485391
-0.00139916772897092	0.0991549518549894	-0.0318934743177756	-0.0327368880574868	-0.00407060076611214
0.00291683539238439	-0.0249038508936784	-0.0173934805221433	0.00170601245487064	0.00047391912147746
-0.0018349566389201	0.00878344412027452	-0.00238345329934559	-0.0124498692991592	0.000738545037975122
-0.00125952280659893	-0.186448373157328	-0.0375597691764161	-0.0244250219171579	-0.00445730169182433
0.0173784141057744	-0.153451934276281	0.0190306775142296	0.00204234619552995	0.0238010110964708
-0.00138952241777142	-0.0312024193475827	0.00312620352972488	-0.0198617174870279	0.000454573990834044
-0.00145056174044566	-0.087851977850492	-0.0295691035404496	0.00243897505430174	0.00391805572562905
0.00922041749561683	-0.0683494107941252	-0.00346167629595423	-0.0205844088917558	-0.00395956518041075
-0.00133436521204468	-0.214582930010045	-0.015130617444517	-0.0325847772236156	-0.00349646031765299
-0.0010525450168236	-0.245547019130989	0.0113156332631662	-0.0359650984168429	-0.00412011079277032
-0.00133439861920956	-0.183566232335926	-0.0148101649423483	-0.0188151392652934	-0.00442738526379615
-0.00163047102692113	-0.0847175486732118	-0.0105067808691991	0.0497772585148851	-0.00458403586516183
-0.00185147333721076	-0.106705883541651	-0.0165569708969217	0.009219797002657	-0.00518453483302637
0.00220496756872902	-0.136832515212013	-0.00488650425567422	0.00410599930533847	-0.000425553128753686
-0.00115960542180821	-0.10052066765102	-0.000810119859301829	-0.00567460614374157	0.00903113104946128
0.00212016632143577	-0.102868401517639	-0.0186344423154315	-0.0181307726704308	-0.00394254561062365
-0.0014589372166933	-0.171989541127446	-0.0224747116171153	-0.0322235136251337	-0.00408691963216098
-0.00117336238508752	-0.104807598518321	-0.00367362864907913	-0.0103858483577827	-0.00407129291673423
-0.00119788166123525	-0.0526911876497987	-0.00260055925694289	-0.00191843850041407	-0.00362606023615457
-0.00157161655858682	-0.166492743137325	-0.0360627448660752	-0.0125106858151066	-0.00455455081060642
0.00221922930253055	-0.0846545124525844	0.0144567747981917	-0.0095032601677109	-0.00453198671504357
-0.00111284727494429	-0.153214915341014	-0.039224722386101	0.0331264337654615	-0.0037670050129266
-0.00139619721893949	-0.0835925054869061	-0.0383333365318218	0.000239349848948623	-0.00455296694001891
-0.0012489959305876	-0.15936438488104	-0.0378502577080862	-0.0352842991721072	-0.00419234910301481
-0.0015221123152196	0.205498571854807	0.0175448548046201	-0.00116062448447759	-0.000706233800811549
-0.001387226011965	-0.144817015671619	-0.000360256118096342	-0.0105211368851817	-0.000820992046048654
0.00536692721411617	-0.0376516445531435	-0.0154381088586539	0.0114761830031775	0.0012109820383813
-0.00124854047603137	0.0809634316915528	-0.0143463957240748	0.0475258964785542	0.0167642538834506
-0.00119638599909087	0.103506169195492	0.0353391883651015	0.0207480871863386	0.00469132741259377
-0.00126105835331434	-0.142806197668735	-0.0248929903837504	0.013161438912673	0.00821804695353012
0.00401023977628363	-0.0110509811020035	-0.00782144853499406	-0.00543985760786742	0.00611030297780681
-0.00158993470778834	-0.0946340416648807	-0.0120894642357393	0.0143827596510754	0.00363008151842013
-0.00167217677090555	-0.00361366207054696	0.00516473396015959	-0.0185104350057202	-0.00458921734066402
-0.00172968223521349	-0.157271641410578	0.00140074383269814	-0.00576240024703876	0.00576289914419846
-0.00155748989303038	-0.115529403394519	-0.00554816073559561	-0.00096795055911341	-0.00415016315086484
-0.00108592277004439	-0.187707132729887	0.0134605490340065	-0.00465342033437435	-0.0037943420149961
-0.00125039275680725	-0.0402534331320477	0.0204944831096208	-0.0354860053457342	0.0254318258188692
-0.00100661510456346	-0.218706053653962	-0.0361821056683457	-0.00909514189162913	-0.00368745354548682
-0.00124311357080157	-0.233952732663037	0.00654774597356323	-0.00727455132179943	-0.00414190280563384
-0.000995085164503248	-0.0884562976351643	0.00897720748221713	-0.0345700979534705	0.00630114919349858
-0.00147505482672487	0.0540030519739671	0.032178334459012	0.0187116946707224	-0.00256202265197181
-0.00145971920144166	-0.0555782363127623	-0.0183688051463232	-0.010637823616164	0.00299974012469257
0.0109590160454858	-0.132619179605995	0.0147124318079852	0.0276587656938241	-0.00360629617546
-0.00143787105287963	-0.102681163516216	0.0093275367601955	0.0273517449470516	-0.00117068512268938
-0.00125794124853676	0.172528869640791	0.00039996556426635	-0.00661349911539303	-0.00220168280642432
-0.00170084748113545	-0.0627064322005952	-0.0211188302804942	-0.00433800914091323	0.0107990083701275
-0.00160128437456353	-0.106800348814558	0.0331890751314092	-0.0237570146228207	-0.00546478363232135
-0.0016843696286609	-0.176899729995712	0.00211517751510735	0.0156963170064856	-0.00131686647401677
-0.00135022518060878	-0.0802834047415626	0.00643099280033202	0.0174446034468184	0.00638867632568422
-0.00125435493499175	-0.078269963531019	-0.0236821591434857	0.0032400802680938	-0.00463059009114592
-0.00140707508323709	-0.178976694523072	0.0228727301864608	0.0315424591430849	-0.00380446504562794
-0.00182404164311644	0.0272864805341819	0.00779871180815783	-0.00605929502779144	-0.00482383041837298
-0.00109519344828307	-0.0574406164658315	-0.00556031273604275	0.00686471432290634	0.00750202008187314
-0.00194268421928906	-0.0127700454780886	-0.00205894671633087	0.0321445235253339	-0.00538970635076645
-0.00176141087531572	0.127116026826141	0.00968645959714906	-0.0197827447193418	-0.00480110708910554
0.000629900455138885	-0.00381329881431877	0.010499395026599	0.0187927753704042	0.000346066847161917
-0.000955329110143763	0.00154688903032592	0.0140046674151169	-0.00364170676039297	-0.00385442384045937
-0.00144988053415859	0.0579283638802806	0.0108588170028058	0.0151090570966312	0.00571627949095708
-0.00133698398834209	0.0273694722311931	-0.0134485315192881	-0.0255461888688082	-0.0038153907476126
-0.00179620998284874	-0.0210446019429483	0.0198570232235811	0.0184756523430214	0.0110470333383
-0.00108954186943007	-0.101139977587566	0.00364723660005215	0.00362490870978122	-0.00371812739431005
0.00154568491544969	0.138120793019165	-0.00620254058190828	0.0299968811126728	0.001233254968729
-0.00166712092145514	0.0781388274737032	0.0505632181501406	0.0159629218630394	-0.000537244310507455
-0.0015138473706969	0.176588756472766	-0.00895891645058165	0.042519106123416	-0.00398173034255353
-0.00109670717583456	0.135456423450263	0.00214273742250426	-0.0155508758338875	-0.00392105474762982
0.00449763338905744	-0.0675876895576551	0.0273378172499173	-0.00460624310588464	-0.000934313693255215
0.00913229898444612	-0.126454857443868	0.00797875774789075	-0.0128259850193144	0.000764517020780969
-0.00132425613157056	0.00312425373927547	0.00527132649420782	0.0154559066938634	-0.00414724218670552
-0.00144905618593111	0.0540505555085814	0.0305143351709925	-0.0105687203799176	-0.00381855212308752
-0.00116389562391306	0.219033825902954	0.0257574747935088	0.0151859431124938	1.40953620071776e-05
-0.00140361202278235	0.0468818003158328	-0.0172527042499734	-0.0150044435970226	-0.000318918733969583
-0.00125723335156138	0.21865258523504	-0.00943941996032682	0.0063054652648104	0.000746324308640275
0.00126863979332539	0.0153751013312905	-0.00910755676623243	-0.00298951070664259	-0.000914387589514541
-0.00101934295875768	0.077776443585937	-0.0234839435911617	0.0264441876005167	-0.0040609632568224
-0.00124152888449326	0.128557957984596	0.00800446179524167	0.02509485485656	0.0113963380120967
-0.00119995282565031	0.0882235996301813	0.0214368767977027	-0.000480357622053314	0.00479019457860202
-0.00147784193894113	0.278184719944057	0.030343153506078	-0.0194306347624581	-0.00423906130171576
-0.00129006389430283	-0.0270847314519271	0.0253919600662069	0.0164595042817988	-0.00134711007090036
-0.00118389352537083	0.0627403845342506	0.0491096939349235	-0.00446410096479644	0.00561086892532834
0.00311860974975632	0.096128527900791	-0.00595001463751013	0.00319957860195482	0.00152926993367445
-0.00155558558380916	0.161207739308435	-0.010109742929837	0.00164252601720514	-0.00442396761294172
-0.00135117575200799	0.21422840969547	0.0234480357999957	-0.000283204311790253	-0.00475217012947232
0.00279272147786436	0.257536856755165	0.0168742079268473	-0.0160440326573845	-0.00363551162693447
-0.00136073470647671	0.110216497705007	-0.0253385214024638	-0.0212524733477777	-0.00454455319453086
-0.00128542673095295	0.101913816504183	0.0202983174980173	-0.0103205958066889	0.00402034003074288
-0.00150170287486972	-0.0101856341834904	0.0151623589316202	0.0099923063221749	-0.0035330076027618
-0.00126203020647553	0.214864633019836	0.0825817829657051	0.0562433213918557	-0.00472625514419116
-0.00167575408959805	0.224331583336717	0.0114403797201819	-0.00847482986445119	-6.27587497707067e-05
-0.00130134737886326	0.0232717557951787	0.0243428466370545	-0.00368229222985143	-0.00444192462080634
-0.00148941068002439	0.215890409929874	0.0226261643746727	0.0199595922388438	-0.004067767271632
-0.00134854736110779	-0.0239320696631511	-0.00131186556737519	0.0154264192314023	0.0101376541288637
0.00198039236340895	0.102767528785265	-0.000542823682853753	-0.00453535338911454	0.00230477264961406
-0.00134698137110863	0.106517667860974	-0.0111380477476599	0.00290249700839846	0.00165609937821471
0.00620115751136919	0.0482861442469519	-0.0034726660152087	-0.00806004444759109	0.00375430417048217
-0.0011394487627456	0.131037244510218	0.03344015066066	0.0186245792697843	0.000593832872269316
-0.00113743086206384	0.156377947166044	-0.013253228080044	-0.0244285884982444	0.00747971522740639
0.00153315746506652	0.0866962939388743	-0.0163671903297379	0.00183457717661828	0.00488527148636756
0.00111490779131847	0.177763610418826	0.040826942463787	0.0047969034551143	-0.00308896581113729
0.00971490402818346	-0.0100709086127663	0.00506559056602812	0.0177878732027879	-0.00382787132709982
-0.00135615482263924	0.0900166652359725	0.026112302493476	-0.00397702883875836	-0.00492293902186748
0.00982577513588127	-0.00367401102545177	0.0407597049732751	0.0221817502960162	-0.00365843331798396
-0.0012382575824201	0.046701533473443	0.049560350787207	-0.00560374615416979	0.0256076807633418
-0.00125443590642506	0.214800345666047	-0.0160118652042689	-0.00676944395112178	-0.00401458065207174
-0.00117835809425469	0.161060648723985	0.0116980064791731	-0.0144857145979661	0.00637377852129594
-0.00108740235785597	0.0416554643565202	0.00726723917806658	0.00381760199235988	-0.00391489352044425
0.0040277894920115	0.0454773158314352	-0.0119269773743854	0.0222813292166034	-0.00486480968207641
-0.00164599756924381	0.274113391117192	0.0519590206890273	0.0650884762309976	0.0140169760513213
0.00432078468292058	0.0502599505681219	-0.0104293554317206	-0.024548521343612	0.000529559622654607
0.00582661146721412	0.217465981220056	0.0259239615085285	0.0122519088541782	0.00267235553728321
-0.00121377129530552	0.177541131142479	0.018886736669095	0.00346484470796166	-3.96199936939788e-05
-0.00171376380463679	0.17467936910114	0.00145615492815201	0.00414545985069992	0.00751066616996331
0.0068263434572044	0.00965143890417092	0.00162018189510212	0.0126064023909204	-0.00484160121817665
0.00486286224766025	0.0528862941021058	-0.0180159847113158	0.000171215124430114	0.00157671978633419
-0.00116477804158974	0.127891352239427	-0.0257563742058539	0.0111898191569454	0.00183107827576728
-0.00114722052478165	0.144156287754629	-0.01192380527151	0.0154595104398004	0.000864548538799059
-0.00110619859862032	-0.0467884494395542	0.0321475480183087	-0.00810416576482811	-0.00442534127382989
-0.00181362621324181	0.190454373745667	-0.0153893581715319	0.0314036544864044	0.00890948810434908
0.000239146358499411	0.148629280182149	0.0247363192335555	0.012460203899189	-0.0017720320467945
-0.00108330837573175	0.206864178453014	0.0292613797394782	0.00528214740569846	-0.00385189913301557
-0.00244752967875998	0.15418392572304	-0.000919785714484059	0.00239307002980784	-0.00197519095341371
-0.00119704933917796	-0.00153977239595618	-0.0282508388066631	-0.025068954219434	0.00634043719305904
-0.00111202487477172	0.228821251900056	-0.0378817921881473	-0.036360736478604	-0.0043406129387148
0.000538521043019656	0.231696337025647	0.0138442364011999	0.0267224147455081	0.000206016332677991
0.000830073612638822	0.17180519399009	-0.00657161592793851	0.0252720035428718	0.00568551367237831
0.00099213620584182	-0.0413284805651884	0.0174423924482278	-0.00611192069496873	0.0010614656576257
-0.00148869351176127	0.247055644992462	0.0031699002743903	0.0182620758616336	-0.00490554950176692
0.0237035557218535	0.262564752403424	0.0396001758366785	0.0174950309024365	-0.00446504860889951
-0.00150553033161709	0.178961018203008	0.0357213409582611	-0.0207174083651312	-0.00472782272418527
-0.00148811050849413	0.148672856032859	-0.00324747450699926	0.0310885818622121	0.0283288736926746
-0.00103640864310226	0.198665465948762	-0.00334981052573121	0.0535794152018075	-0.00377918306447552
-0.00163938080363518	0.0479584697760197	0.0191991629389094	0.0359537055179591	0.00272639836998345
-0.000898822680696043	0.0618651704838455	-0.00679406378390991	0.00197307821160844	0.00111671587083181
-0.00131417752265286	0.131055912299008	-0.0118154642935116	0.0091868187841626	-0.00417763210207557
-0.00107870260881196	0.153365678638319	0.0296857580447899	-0.0173101496807237	-0.00145385196343307
-0.00137112797201616	0.0462383986314285	0.00309481439941239	0.0219870195266185	0.00856011970701836
-0.0014177524399723	0.0972294549180141	0.012685136154971	0.0131120327015917	-0.00157524866346683
-0.00147186452856061	0.141744084211535	-0.00126209311758738	0.0221435124351303	-0.00539172688568559
0.000500403802366878	0.241301103330469	0.0350059072981111	0.0131316919582943	0.00283468984607952
-0.00137853473043639	-0.129167169821749	-0.0311017670397883	0.0147908964492375	0.00376903299753236
0.00564610363187412	0.0965600660648895	0.0216943554656533	-0.0101949473220197	0.00306953582665799
-0.00104428881519977	0.0848887430947426	-0.00487938540542267	-0.0021289155921513	0.00747022513997405
-0.00130649721624812	0.086665531018003	0.015680181345583	0.0285054487144761	-0.00481223415687611
-0.00134619798378712	0.0838572004464989	-0.00894424653265898	0.0241313340462313	-0.00429976137046677
-0.00129904334574305	0.323406168994995	0.0393554967746673	0.00191236654880343	0.00168359404610666
-0.0015839896242648	0.0403731454214678	0.020303468514155	0.0216835142938667	0.00282064779903884
-0.00115483385200629	0.0761262544876677	0.00546314995546669	-0.0073787333502391	0.00540671563201097
-0.00132822735645617	0.0784982543416326	-0.00270999513661526	0.0101038130997492	-0.00149367349776064
-0.00119455875762787	0.0915727175454622	0.00815698759165392	0.0154232253652176	0.00237766752577942
-0.00150606648156844	0.129291265878354	0.0364432654483772	0.0189683513492709	0.0104871622300432
-0.00135855996437347	-0.09152859493898	-0.0229842079285785	0.0233479246914076	0.00710154473983401
-0.00172822375223669	0.161718466494168	-0.00277934479708257	-0.000557435134381512	-0.00497341698897488
-0.00101354954774077	0.137907083899135	-0.00371868039021095	0.0343603114894214	0.00266378191861281
-0.00140123658412195	0.216107618982481	0.0621473973838356	0.0531376713280877	0.00145633909779253
-0.00116212919520697	0.0721734253116043	-0.00608160810547529	-0.00227173482761429	-0.00373308036913703
0.00754317011489007	0.131457609084833	0.017911861511279	-0.00624728142424968	-0.00412874948097698
-0.00124958557355038	0.244894349849115	0.0234665370565865	-0.00283135976683142	0.00509266714838674
0.0051900480562623	0.141991430940423	0.04621350509519	-0.00329364839123975	0.00270331870381943
-0.00134646049701847	0.186149640511868	0.0273933758466806	-0.0151367471514942	-0.00353831133878634
0.00298818574534993	0.111422855634156	0.0166745586752682	0.00662367777524491	-0.00494625936902559
-0.000880037232593905	0.172255710104832	0.00847463090825435	0.0209186679283945	0.0109031269602879
0.00170424148535562	0.169473624693664	0.0124734362963496	-0.0228792213107623	-0.00244673633122614
-0.00105408856960566	-0.0693296109595977	-0.0249060802731964	-0.00791462242422818	0.0100017540555239
0.00166164425615088	0.208726756914371	0.0608725612729844	0.0165592024635113	0.00143252810776977
-0.00131987528658173	0.23232111030799	-0.0037416066386903	0.00629674806700123	-0.00303128413947117
0.00485403153943746	0.0353818365779918	0.0250427654602655	0.0139909501960436	-0.00505304748186618
-0.00140765139370859	0.135058643546231	0.00308176400264794	-0.0228336091657788	0.00159587751548785
-0.00102855549214091	0.128313283605173	0.0094031223577781	0.0219837558028794	-0.00348560003953887
-0.00125311720537683	0.172799940425484	0.0206429928287786	0.00117666307766425	0.00343773216185145
0.006915456628759	0.22913397503713	0.0371675837262833	0.0155443435588638	0.00447450478545418
-0.0015996046617875	0.166834215325941	-0.0136042903462892	0.00726562046250101	0.0169439932500971
-0.00139652304301293	0.00712538665851344	0.015841263122211	-0.00933073414008983	0.0218345765587099
-0.00164371749349939	0.150430485825165	0.0161102210004303	0.020582643126084	-0.00121840760765096
-0.00174044177179305	0.186530923962292	-0.0118829746131814	0.00943458683119438	-0.00462248986656469
-0.00139704124568548	0.101025332688871	0.0158555563093164	0.0159892868374786	0.00685611307972689
-0.00129879186809609	0.0559299290767168	-0.00153596880059166	-0.0127159794561045	-0.00495087276480859
-0.00113101352581932	-0.0524217146754956	-0.028940643247682	-0.00473386140046842	-0.00394485405036746
-0.00108570667700063	-0.0254349197703312	-0.0128288721803298	0.00564221653218107	-0.00350449970004624
-0.0012504825789748	-5.46454569573733e-05	-0.0298983869343149	0.00894686548063998	-0.00109155371466841
-0.00136204473133526	-0.00485332403328772	-0.019725194407715	0.0192377202925816	-0.00463423020527309
-0.00116930785921293	0.120900742616022	-0.0258843127426167	0.00722158184497744	0.00849744190045629
-0.00127963676174301	0.2002911298043	0.00641060882931212	0.00940441060987227	0.000170461783969688
-0.00175775981921525	0.0793958812647986	-0.0141256820140661	0.00245362811385345	-0.00423592038238408
0.00771155244441535	0.178240450717178	0.0330202574861571	-0.0055756551020048	0.00892429071145719
-0.00141590328075031	0.24515564130893	0.0435953912594246	0.0220174663204666	-0.00397386581797222
-0.00135478626651371	0.229781438264653	0.00253200779896143	-0.0149876988502764	0.00572838469930385
-0.00115931880726988	0.0770113206745075	-0.00617927647255337	-0.0105340709320269	0.00136186161489346
-0.00118813515903231	0.00760772281548359	0.00126735282878074	0.00486970756071861	-0.00298799230172306
-0.00135229161049896	0.178188040477503	-0.0102289100135817	0.0158800352502039	0.00238015919123284
-0.00136996322285778	0.163212235750158	0.0063999927306643	-0.00727817157024915	-0.0045535021297814
-0.00123587770909142	0.0442264206685786	-0.00523855645832889	0.00595321562948671	-0.0045802447899529
-0.00148356622362856	0.0523109356348359	0.00662753523011316	-0.0118369156086363	0.00687691755141426
-0.00142251761303737	0.0193009340274826	0.000522675358159903	-0.0228525038093896	-0.00502770076358184
-0.00135393282584087	0.0690261142813853	-0.0149910545087356	0.00150524414175598	-0.00473687988766139
0.00189647090356446	0.163929278569128	0.00578785921026353	0.00259338457213547	0.0137247853256815
-0.00168121314017953	-0.0337454580018762	-0.0226155292272546	-0.0166070042943693	0.0016523003302699
-0.00118779274610561	0.102251653029866	0.00300344453377717	-0.0115217399194516	0.00567150113226312
-0.00153196907511501	0.0576003309201682	0.0331106458638922	-0.0325829657016025	-0.00417150168290735
-0.00154977949054659	0.125289804612202	0.0577185190016978	-0.0322297836527904	-0.004072731562503
-0.00112965259989808	0.0817942591978908	0.0378659955111644	0.0667515114422857	0.0113491126260721
0.00236531262662476	0.122280556351031	0.0290038403833341	0.00795065439717582	0.00227692929232367
0.000915596077924116	0.0826377592390382	-0.00729990496953038	0.0211603905968923	-0.00258574559429836
-0.000872760966092779	0.0882529108168366	0.0272494114774693	0.00124229514402531	-0.00345957175255878
-0.00156043556186478	0.187252875873766	0.013863406996044	0.0192552482334676	0.00702260254633997
-0.00151817818345396	0.088257313638695	-0.0166867591283393	-0.00620948273845017	0.00483670926399808
0.00425315111084735	0.16799857015722	0.0262385450845034	0.0112999536655484	-0.0041481961666215
0.00366923558564173	0.251903545989277	0.0389545058649072	0.0202788670227668	0.00557226509087918
-0.0015682487645753	0.238161562391795	0.0303326680801193	0.0539300283991455	-0.00410202483745276
-0.00109362646054514	0.0750082923892938	-0.00304859855570513	-0.0203520383666668	-0.00368643883530544
-0.00102047342756192	0.141082709001556	-0.000943572836293188	0.0139950653331617	-0.00344646032032186
-0.000977751591401478	0.0915346926919204	0.0296205393134413	0.0731720558941575	-0.00336455107731472
-0.0019963711207828	-0.059670673027696	-0.00787413712574097	-0.0203053051366283	-0.00476065572485088
-0.001476612553604	0.0321801792785595	-0.00481899701571393	0.00827651017270295	0.00238122287057196
-0.00170365720136563	0.0384307404927728	-0.0203955107806805	-0.0205910885994821	0.0174171857686091
-0.00158373627274094	0.00230752759025632	-0.0164138935724313	0.0138985134173585	0.00333150924703378
0.00193190135422753	0.0940837893220975	-0.00140587565344807	-0.00118041021413919	0.00544124008069851
-0.00109856516735246	0.0646932958430675	-0.00788511508424212	-0.0303691987420313	-0.00416018721478326
-0.00116402657397647	0.0932005347903478	0.00358519041088617	-0.00133514026510837	0.00282643928062305
-0.000999426264378914	-0.180609109610356	-0.0356419283683781	-0.0204974374743874	-0.00372606376846402
-0.00108515935890487	0.0622777920096208	-0.00497058303671788	0.0134879033104738	-0.00363282272453257
0.00119235321441737	-0.0571713182295495	0.0125047615080264	-0.0108130251352141	-0.00384984943255115
-0.00149209862971728	0.0410461550245507	-0.0247282246745235	0.0155774079795779	-0.00410872539689608
-0.00168275918382171	0.0260458754145515	-0.000187065252965549	0.021329388511358	0.00757899157097747
-0.00118446602597895	-0.0944257207768829	-0.0121162919916436	-0.0344443255124348	-0.00414771539294144
-0.00148342281444937	-0.105454341905501	-0.00981806147793653	-0.0318890793962491	0.00852945549338045
-0.00136182284288972	0.0409603112389866	0.0251010016363058	-0.00142460883556553	-0.00485256656689187
-0.0012303364016445	0.133026567383517	0.0205883011592183	0.00866865646585759	-0.00154956528703858
-0.00127327282578224	-0.0319331111371936	-0.00477107244397665	0.0141776570076085	-9.74339874190976e-05
-0.00116211050299588	0.0800851600455231	0.010606758977793	0.0357219392895667	0.00334766999793177
0.00280184034810483	0.0503735617867241	-0.00578233652525532	0.0208776754867979	-0.000455216532156357
0.00287751458719329	-0.0260125115089796	-0.0131510379851492	-0.00102690648836392	0.00417058159586611
-0.00134632706640778	0.10144383215158	-0.000423852407250604	0.00861134910055872	0.002828815652816
-0.000906530382069706	0.00649698569064157	-0.018727825954324	-0.00897381604612967	0.0142939632394934
-0.00129568905917048	-0.143392176019668	0.0328981673359007	-0.0362557926366408	0.0194202744695698
-0.00174419637293141	0.115472442099126	0.0467417786370881	0.00156694990126327	-0.00503563243738968
0.0141139634351632	-0.0220798503973742	0.0124202853427782	0.0294189685909125	0.0118591233816441
-0.00107088784825929	0.023186964504506	0.0537304652678985	-0.00309728469014331	0.000312933628341254
-0.00107477152762515	0.0341489625504609	0.0129229656646157	-0.0351341780249505	-0.0037405212935281
0.000631074716692813	0.154508507425774	-0.00114888458236257	0.00634563729219397	0.000204391712460657
-0.00216283619046218	0.0328914500281698	-0.00124595481732695	-0.00048062246621463	0.00498825794352464
0.00023048283777255	0.0290310725196168	0.0101185181247342	0.00912970644834643	0.00295831306486389
-0.00125066893100637	0.443697495108997	0.0928174750544943	0.0292700365487618	0.00910223247692872
-0.0015777125795785	0.0433385789419394	0.0304333009119006	-0.00279226273893702	0.00636392749625939
-0.00137761670729987	0.150272429980338	0.00257461396684566	0.000498129837138979	-0.00453295534033464
-0.0016078971196781	0.0344978836126405	0.0219811558782801	-0.00938492734316925	0.00553478325140932
-0.00141515016910567	-0.0249944063529781	0.0126701409588223	-0.0267969926057558	0.00430683948001051
-0.00149747615291606	-0.00877269460720489	0.00598309401592654	-0.0068124645951983	-0.00512820468163028
-0.00138335382037963	0.00432973950207844	0.00700727743950357	-0.00921938607516584	-0.00457399071183698
-0.00150640228820538	0.0317394432210458	0.087454065992465	-0.0133103989542467	-0.00394400344666993
-0.0013866451139079	0.016258120013311	0.023763855699395	0.0384642461844238	-0.00502365796128151
0.00322985126777156	0.0302768295310904	0.0019229722277948	-0.0174150160473009	0.00090170605776733
-0.00177207045517291	0.126281323914986	0.00209286493027473	0.0485321516222539	4.50646730365075e-05
-0.001282932821505	-0.00375027202206406	-0.0234822860423962	0.0463012205027569	-0.00433051393815212
0.000571632332717305	0.163499490839538	0.0358222204765751	-0.00336516313423948	0.00452878808068913
-0.00133490109524753	0.142347473866951	-0.00085515931860482	0.00122003107348872	-0.00480197946714619
-0.00125502551388399	0.0645008380166684	-0.0228549119124845	-0.0107163787343168	-0.00470028810682168
-0.00109574639645418	0.234601630335478	0.0336546241762766	0.0226824373976187	0.00319316899573666
0.000498293582950179	0.283060662394043	0.0423278883540834	0.0288168686222136	-0.00287989714419582
-0.00144634671153245	0.0652249667471332	-0.0141387207116186	0.00922552200766405	-0.00519186701194034
-0.00138701015114838	0.0460434993070179	-0.00172811926489316	-0.0138635838652474	-0.00488071260663392
0.00375360772503046	0.151924515299914	0.00207337878220752	-0.00763883732995575	0.0106710600671655
-0.0016668064746528	0.25436777741361	0.0434492743255762	0.0107684163461178	0.0122395490741458
-0.00209329208926558	0.0738399927528336	0.000129057347150103	-0.0233135095172436	-0.00554598579952141
-0.00134727252296648	0.0520101034111248	0.0319905301011123	-0.0360231544816766	0.0135061094828236
-0.00122083617891448	-0.199212652405456	-0.0359607497947405	-0.0347807221072873	-0.0042058579636956
-0.00142657931041804	0.167469953921872	0.00957365419777639	0.0232933658395274	0.00345580434462973
-0.00116334583477011	0.262252480418714	0.0285622292327862	0.0215352054819682	0.00166660146544243
-0.0012916597339971	0.198026335685402	0.0107512770666595	0.0152618481683037	-0.0045618590013014
-0.00140060761409996	0.217632001274249	0.00778818520086372	0.00355190468891867	-0.00121395947550571
0.0030968576405315	0.163726505047581	0.0287248705504317	0.0183945914871898	-0.00222989201507369
-0.00145383895466259	0.112840603780125	-0.00102802121565702	0.00936573215529943	-0.00417013531066734
-0.00160928452560579	0.157052878182992	0.012818812168004	-0.00336160348778322	-0.00156697834154893
-0.00116572585857035	0.244077524835291	0.0437889066953385	0.0195959444755017	0.0056297781063622
-0.000959016246234182	0.309536442938922	0.0170573344067062	0.0196671433099785	-0.000669524414079744
-0.00139564522130032	-0.0315758042985647	-0.0360629903509326	-0.0212273783192921	-0.00469723370623095
0.00384089787302953	0.12041249557813	0.000652024375082656	0.0116640985268699	-0.00331896048922463
-0.00106262894650498	0.228337673347698	0.0241714546482878	-0.0139777083053517	-0.00374719208588936
-0.000965997746977404	0.156545227236529	0.0675565581853739	-0.0132946582089539	-0.00326260756714177
-0.00116207580324147	0.0201607529541767	-0.00280217848633674	-0.0125475342595201	-0.00348377949024629
0.000270301733375878	0.0813864805729462	0.0167299424908388	-0.00071555455940933	-0.00298140325029958
-0.0012420934806196	0.117741460532657	-0.00963230402878906	0.0179638436967857	-0.00466408619404602
-0.00145835562620057	0.117462346308974	0.00753145020201984	-0.00136406377832535	-0.00380919260309326
-0.00109815232017779	0.238709246094134	0.0532709668714121	0.0215774046051181	0.00917353947836761
-0.00141858364608291	0.282830072444256	0.0346771062843913	0.0148946086052107	0.00263493293910813
-0.00140113462561006	0.289248570402998	0.0272373346207368	-0.00233332886856236	0.00194462773185465
-0.00110182672448591	0.0564947111819614	-0.00132272912309573	-0.0053981162369123	-0.00372795020475289
-0.00176342883890895	0.137344358937375	0.00397843350941708	0.0248159488649607	0.000990663829899015
0.00100304257609816	0.371749295874005	0.00647333415140797	0.00348559193101797	0.00117149352069233
-0.00140341189493064	0.0680563336503421	-0.0209124218733281	0.00430481459835139	3.91629337789728e-05
-0.00113859358552041	0.0975423905935009	-0.00724949615103557	0.00939366537866207	-0.0042350961245937
-0.00138960471433992	0.117226935973664	-0.011544956752904	0.0391878776686845	0.00821518800377526
-0.00132092794315501	0.188854698788478	0.0113832751016578	-0.0158611429294121	0.0061445116685258
-0.0013849020524683	0.0980795050271463	-0.00571468285564884	0.0138092224037265	-0.00490003157143603
-0.00156200059091197	0.260417452178598	0.0127411334310534	0.0187082490678869	-0.00226119676531331
0.000501952659653624	0.34820199842001	-0.00249858670374982	0.0361154844020607	-0.00510967818420366
-0.0013845851418568	0.18126742889407	0.013120918438656	0.0139765882860658	-0.00448419205154391
-0.00223060075430244	0.121820847958876	0.0253633958978593	0.0380331847361624	-0.00602122729920104
0.0136663113373217	0.156760118317519	0.0230894563785048	0.0547580780878714	-0.00343871400433186
0.00226766261594831	0.294207540689276	0.0276222690968077	0.035753394727174	0.00281760908825495
-0.00167293421437979	0.291476678675955	0.0419706113605721	0.0120583567559461	-0.00228624366095139
0.00561628311853998	0.0680112706894622	0.025877883795488	0.0302935790709989	-0.00455449146559115
-0.00106728369743209	0.16112974713168	0.0400484999588155	0.00815982418567527	-0.00050096759422923
0.000259567086300715	0.314003838885653	0.0515449718898272	0.0182044916341648	-2.70668935215919e-05
-0.00137875261337009	0.00663892132816824	0.00929989909944696	0.0251962555861324	-0.00467894544050173
-0.00162915491505309	0.274411179819872	-0.0112047402566574	0.060566561857397	-0.00441188923174331
-0.00113227815335441	0.380850808824418	-0.00356770814964827	0.043833556628242	-0.00398213782997389
-0.0015409283649263	0.0795447237831656	-0.00342804518886478	0.00515466410579943	0.00543079636894388
-0.00112430438521046	0.0698791758284224	0.00954091639780668	0.0176060207603398	-0.00437220451159127
0.00058071774997936	0.0749434628034519	0.007894568207655	0.0347389467904961	0.00109045022736321
-0.00116156408491959	-0.0899443047263193	-0.0188962769110933	0.023343866120747	-0.00146931062484005
0.00234807637898445	0.0199240949642698	0.01453667721617	0.0274493381495503	-0.0025517770437453
-0.00125417280852896	0.229517241882124	0.0136944797613743	0.0359358236604307	-0.000620007410228226
-0.00142756754628824	0.241776101504646	0.0489154936549127	0.075354208000842	-0.00366804844228307
-0.00117457858507817	-0.0836129502592448	0.0110050782234325	0.00245497403620677	-0.00402033194457438
-0.00154903284445991	0.0600838038201752	-0.0105199343165621	0.027144970710453	0.00768364306330679
-0.000994484906243965	-0.0259714463738605	-0.00505632487798537	0.028964521559501	0.00295238586688222
-0.00160696722815368	-0.0437919827117167	-0.0156206363876052	0.0435705324727743	-0.00583557422589627
-0.0014429537427244	-0.0863411723268488	0.0209184939255919	0.0113289832276446	0.0107269788529009
-0.00144759544974633	-0.0499473154277882	-0.00198402242941715	0.0526003879114398	-0.00473515966873879
-0.00162160122432359	-0.126527410100467	-0.0355072867195227	0.11563611520813	-0.00430002424354056
-0.00159721079831379	0.121863368196835	0.0342722099987057	0.027302174592936	-0.00416279513346324
0.00294225479676091	-0.0926597441616311	0.00522085375766659	-0.0120900863817074	-0.00490994025154506
-0.0015803076379325	0.0308236185625747	0.0129561493491918	0.00939632699154473	-0.002579636099789
0.00251418052797388	0.00926607154372141	0.0354255838504245	0.0161919184474498	-0.000436249446173222
-0.000998923699108577	0.0918224983668428	-0.0137685734845465	0.0386236293892574	-0.00369330811262719
-0.00126344425808211	0.0188151750623987	-0.00465207227118579	0.00329647932796501	-0.00491235385270026
-0.00147809007548826	-0.0281066598127532	0.000844293039143364	-0.0175889786914996	-0.00418463144304736
-0.00180902792581947	-0.0494485458336481	0.000509926426902451	0.0117663747465291	8.86404727825321e-05
-0.00156179517356396	-0.0141939387958474	-0.0235203390342591	-0.0182097260419373	0.0102001879706956
0.00289769497276444	0.0198269277715011	0.0312212718156383	0.0201696622486845	-0.00408096417682279
-0.00128265138555418	0.0830643869856049	0.0339530791404103	0.0216022341119308	0.00283817000361981
-0.00144917955222227	0.105013697550041	0.0175549607101137	0.0135659298839676	-0.00499855797157279
-0.00120784782267926	0.0526051919907814	0.00472056753559023	0.0194968825028744	-0.000526834974781392
0.00136148896139438	-0.0720604888049165	-0.0148084211828132	9.72978788693533e-05	-0.00118722804581547
-0.00171374202693694	-0.0150491705439018	-0.0148629920325049	0.0206480071844039	-0.00494476754511005
-0.00143183240098147	0.02523814443392	0.0270759339282752	0.00609488741322947	-0.00493985280776634
0.00605047826647607	0.101599525888001	0.0720309973468697	0.0118166791038623	-0.00384156180515459
-0.0015706427093647	-0.0414739345702567	-0.00454203658829315	0.0153593696256318	-0.00553598027453511
-0.00130781514128058	-0.177377309840262	0.00153980396383635	-0.00587862251498388	0.0030128733187009
-0.00137792195641265	0.134695742022862	0.0449664972494864	0.0218124327445998	0.023783343877372
-0.00102999622315468	0.0389731374465169	0.00561809646156165	-0.00348057742419009	-0.00377395309832165
-0.00140247988377009	0.0371448305295126	0.00293214899799615	0.0188099799110008	-0.000272793780486359
-0.00164614902897602	-0.0790430858439407	-0.00443181011323998	-0.00651550410990124	0.000610637059698459
0.00127469264403691	0.0523028905287642	-0.00119428138098069	0.0187371004348129	0.00110389311513841
-0.00154519129219404	0.2033598416892	0.0322731285705341	0.0165241262767734	-0.00438347235389297
-0.00142375920546557	0.16115135662944	0.0140726307588244	0.00787105893332414	0.00226958625535422
-0.00148032281857301	0.102773529955761	0.00913059814512127	-0.00965890286535172	0.00218560324367305
-0.0014523256637426	0.216378150747237	0.0195793655165799	0.00586611670366553	0.000476593692527353
0.00292046004985524	0.0800727352967442	0.0332529650690913	0.000993133128677417	-0.00463192914090112
0.0045005203091127	0.296347956701547	0.000381580652695372	0.0440312323716752	-0.00372940595724388
-0.00167783642717953	0.144059709020693	-0.01686473919576	0.0222090642706145	0.0140440820422903
-0.00135195928820744	0.152301439749129	-0.0370554287242741	-0.0239176079036122	0.0195561175823887
-0.00169988946415216	0.14813513309692	-0.0156491565991787	-0.0037031351430732	0.0246031395860205
0.00117009821006913	-0.0162624953509368	-0.0134543674624006	0.0267902022014359	0.000625925475444308
-0.00132321043304182	0.0183547202202726	0.058436718439845	0.0117379532710167	-0.00111410256241867
-0.00140800318145979	-0.0126579497312063	0.00389634034013176	0.0274340862447651	0.00383873146652931
-0.00119913138692206	0.00639796975658448	0.00586428618212625	0.0205078506244472	-0.00399015337526491
-0.00143606634270417	0.158104794805419	0.0483160022137516	0.025977008316927	0.00192634611477444
0.000276176822360745	0.0567678175276834	0.0107065988849385	0.0185107558530516	-0.000886554985262864
-0.0012026647746706	-0.105500423236486	0.0228337030720021	0.0107574046599389	0.00359385682604179
-0.00118969328616544	-0.055178427396098	0.0483305157361594	-0.0030665550035967	0.0023558245205466
-0.00142215826197638	-0.00199483636038769	0.00133142084499746	0.0380198814502422	-0.000868058265033738
-0.00126998763003469	0.0311764860552311	-0.00147238098915669	0.00805094844952022	-0.00451577675352043
-0.00106046988903651	0.0776647741371318	-0.00682885521481591	0.0654046656841282	-0.00396269479504919
0.0042757374912163	-0.0801129390497735	-0.00463277949816833	-0.0128894477658423	0.00200299862274355
-0.00134781885692659	0.0359353264082719	0.00348354307841709	0.00527626463094922	-0.00491048297616984
-0.00120694871404453	-0.0586749293102716	-0.0111400920692662	0.0341377811800528	-0.00291315236656721
-0.00128842666948128	-0.0027076631002418	-0.00620535206352644	0.0344943471274978	-0.000853011321397763
-0.00124596700269324	-0.0146398694619745	0.035757161962734	0.0241748811031007	0.000549018517680909
-0.00144212886340412	-0.0171942991864591	-0.00965491454293837	0.0121481756460212	0.000113724573735563
-0.00124413058017849	0.125100200857505	0.00899325715155624	0.0152177743680887	0.00137611449560634
-0.00124865240772109	0.0495855864845395	-0.00351861706498549	0.0144707645558488	0.00288048480994494
-0.00118660653922336	0.0243527128003993	0.0116517299540473	0.0245367521501347	0.00328240043683998
-0.00168057311815282	-0.0555372288988502	-0.00114638372780595	-0.0157751307599995	-0.00461724486365679
0.00271571599007897	0.0401302325486791	0.021095333088427	0.0394224522593323	-0.0057933016323414
-0.00173145526207928	0.0894238387416169	-0.00367684328385583	0.0412906604024668	0.00398282342595291
-0.00118173907097122	0.0651385605566763	-0.00315565761534563	0.0350150793571515	0.00124902326422954
-0.0010482661071054	0.0273066533055952	0.00661487670707233	-0.0240455716803799	-0.00365442469860086
-0.0011189359423606	0.0824110714596625	0.0218526175344868	-0.0153238685216635	-0.00392872708138282
-0.00131214287880106	0.0543201047519437	0.000171708821754942	-0.0148449839846877	-0.00360005217536967
-0.00115231154844767	0.0748734206052159	-0.00314290690510814	0.0188136465732714	-0.00300769689455991
0.000796094462084048	0.134194178562414	0.0132309893454885	0.0271368900232697	-0.000376947398203348
-0.0013209688310175	0.124948671361467	0.0145614287321655	0.00352405778374868	0.00557469606815005
-0.00121823054531524	0.0711254740415316	0.0202556082477846	-0.00627245126422402	0.00838653095261815
-0.00114566247257117	0.083230942022729	0.0398746589387324	0.0607133795974557	0.0159334129904939
-0.00127810979796297	0.0759657235280845	0.0575447305568166	-0.00569123978722395	-0.00466877464785863
-0.00126765903485785	0.137954115703351	0.0224038495496163	-0.0141146518932807	0.00127952183042368
-0.0015378706572076	0.037531768281356	-0.00274172950426568	0.0337409891583249	-0.000758691092465134
-0.00145377499552296	0.121387504804467	0.0264597548007851	0.0770363127239173	0.00833932310914168
-0.00117037327151012	0.166652786773553	0.0469007483560358	-0.00729036494152062	-0.00393517270826044
-0.00124486693202017	-0.0512553243524641	0.0423466945651101	0.00416887399051576	-0.00450698258731478
-0.00195353762368934	-0.0170580202954917	-0.00698214388072764	0.0150034563465316	0.0122911320867007
-0.00118356839084012	0.123691307212871	-0.0392158177423561	0.062041001491041	-0.00422903197007309
-0.00136781090184249	0.0751800845388952	0.0161769198586012	-0.0126330980515283	0.00300395705332703
-0.00130495451757504	0.231963048736664	0.0113098095450218	-0.00306528396682608	-0.00395778467120088
-0.00152008411415713	0.177213573766773	0.0315898306103593	0.0370482818292179	-0.00452294106271896
-0.00160311908230552	0.134859345626275	-0.00825319513247238	0.00506342315971315	0.0018561178795819
-0.00122727431788313	0.165723436076643	0.00774914605972897	0.0201469814397113	0.00410647810698188
-0.00135851099361913	0.135488564037891	0.0192839442315887	0.0259716366176719	-0.00429398238555106
-0.00125632253482982	0.167652658311573	0.0207744980288242	0.00989128971160953	-0.00035629166117652
-0.00229043599042197	-0.00743295476213158	-0.00812231451012734	0.0194770635100568	-0.00162057213981099
-0.00128009289918748	0.137973516719619	0.0589507776267954	0.0441335305821978	-0.00459715975133839
-0.0012890910521929	-0.0168262500913358	-0.00874588480251109	-0.0340438735511409	-0.00432650511814448
-0.00136702405090811	0.292021219928167	0.030824883289755	0.0417987382237271	-0.00352202481545642
-0.00120450294865497	0.188755076621278	0.0322555530569972	-0.00821722686995679	-0.000672549206727009
-0.00153784894618807	0.0573038438296291	-0.00400441359701987	0.059546761013444	-0.00397408779867586
-0.00169722633301338	0.0321926348999455	-0.0138011808875846	0.00255359983144905	0.000394478283419871
-0.0010320024945353	-0.184145554884033	-0.0343998601994086	-0.00738515335720384	0.00320174141600009
-0.00160288567596363	0.0452826928136278	-0.0198644961373799	0.0336880989382871	-0.00427930831552224
-0.00183898119678395	0.0011198459302716	-0.0150624378410417	-0.0058878301731287	-0.00521315581345126
-0.00158351872988476	-0.115373995674549	0.00377546210363441	-0.0158552351857078	0.00106389798428166
-0.00145234383066082	0.0991546912029845	-0.0165143031730843	-0.0278404584102557	-0.00385759061235831
-0.00173143449695454	-0.032222951845614	-0.0242965942147759	-0.0298810601360927	-0.0040154894136007
0.00158181543962338	0.0552952085785678	0.0304145189191846	-0.00104638098475727	-0.00382101487384548
-0.0013802729385647	-0.0155972021800331	0.0195183123306099	0.00698726199250372	0.00208143918197817
-0.00150331106006277	-0.0752366270596904	-0.0128191280902983	-0.00360532455518873	-0.00574835468120864
0.00186968896590322	0.0123363662241542	-0.00960040565792796	0.0139236892110978	0.00919662086153219
-0.0012980779850775	-0.0631807110770739	-0.0133882315013742	-0.00187350389708369	0.00406918843355655
-0.00148409949780726	0.0219759683364991	-0.0147690504544848	-0.002744444971049	-0.00494497044277621
-0.00123316277529049	-0.195437441920009	-0.0238820601173442	-0.0355894925482743	-0.00412215602382003
0.00493748758147934	-0.0915750803277319	-0.00468812496765998	-0.0197302130466462	-0.00498482973991007
-0.0010351124584832	-0.0585569332726905	-0.0245241302270619	0.0106967358430707	-0.00410048380361097
-0.00178456048724762	0.0208053179859792	0.0391589763122232	0.0203954136424852	-0.00541623885879831
0.00895291396691833	-0.0688547217644759	0.00477160449431245	0.00562934351924827	-0.00542055494240898
-0.00134133908108241	-0.285834024903042	-0.0376409192483437	-0.0354727417029452	-0.00457863893762584
-0.00140896096690865	-0.0513402317471244	-0.012397548559027	-0.0149548346269456	-0.00490351132514857
-0.00107296599573147	-0.040603336476933	0.0115777686867199	8.24348629414686e-05	0.00635818306383924
-0.00175242959974903	-0.0352832228452123	-0.0128147795814817	-0.0043584274534941	0.0158724414219826
-0.00152967599593609	-0.0654488772105438	-0.00046229787041443	0.000309191372134362	-0.000407656252712771
-0.00165168701136291	0.0847269202382659	-0.0146455038023417	0.0344696393719009	0.00301762010486617
0.0107766956308022	-0.161595576238211	-0.0265809129429421	0.0116115939782829	-0.00346968627666132
-0.00156763097575701	-0.0392151593418186	0.00964672212575041	1.18064008887224e-06	0.00236761334783541
-0.0008636164367495	-0.0204152550236743	-0.0342994640222563	0.0260737902060919	-0.00343452743798826
-0.00139481135400469	-0.106900519106571	-0.0197147233918768	-0.00315246030447134	-0.00472435474015083
-0.00144653604240336	-0.0641140735426937	0.00992432975971592	-0.0234435618891025	-0.00481853575452796
0.00294924526340094	-0.13047931006768	-0.0190329808645853	-0.0130118011175856	-0.0032600012374546
-0.00158606653502944	-0.184150030397546	-0.000991013069873103	-0.00376481337411688	-0.000765872925151843
-0.00159748621081094	-0.0621992396534789	0.0161516861812474	0.00884549057005342	-0.00447919787314315
-0.00162267770118973	-0.0657562743035006	-0.0157554660365332	0.00896632729947973	0.00091313046364315
0.00163836043549364	-0.026253359332535	-0.0144970510514214	-0.0191281976081725	-0.0044580690042462
-0.00118057484315607	0.0100622764890194	0.00214750171240169	-0.0004141995860771	-0.00322668786776525
0.00455100971816792	-0.133045832839648	0.0108468633941092	0.00900462941252234	-0.00441336429936285
0.00615034479702114	-0.146745417501637	-0.0155325923556596	-0.0023793080623848	-0.000562423070918155
-0.00126413614996365	0.00195532286483	-0.0103873543402035	-0.0214664101054867	-0.00430704509749146
-0.00154280689219028	-0.203892865538457	-0.0244216732409804	-0.0358833436312936	-0.00567392735722914
0.00103259397724948	0.000949986986967124	-0.0170516967612362	-0.0189005149292084	0.00710979827876033
-0.00140963497936302	-0.0454725354225429	0.0313850439707956	-0.0127728164595578	-0.00187991206302173
0.00271641954816024	0.0569424168925694	-0.00177608125131815	-0.00411346814383893	-0.0039763800281661
-0.00103850371333905	-0.0665419327511475	0.0184149067308116	-0.0108759006183804	-0.002991345842983
0.000402215885709708	-0.0871367731336402	-0.0164249065197661	-0.0168218438290666	-0.00136852708597831
-0.00150269879707417	-0.169297348048209	-0.0174190802914623	-0.0225024307486518	-0.00489919404229485
-0.0015490976113995	-0.0521411734824456	0.0178334117610176	-0.0110992671581159	-0.00453468144999234
0.000874815558283401	-0.0448274189206296	0.000203360066520374	-0.00124297208684872	-0.00164533193797783
-0.00157184328596426	-0.00407188083873071	-0.0351945283046254	-0.00949525737050909	-0.0041955282099304
-0.00173129342383393	-0.142326470171289	-0.0255183460985975	-0.0240074785594802	-0.00497880209551397
-0.00112013223439853	-0.0909215127436303	0.00557689861703924	-0.0218612696900149	0.0101448966198928
0.00442176980405539	-0.170746824008882	-0.0322897864971708	-0.0276361102362799	0.00137104895924406
-0.00113675043625959	-0.0910847275642303	-0.0190832289816889	-0.0165746349721063	-0.00402424024107673
9.56424044649204e-05	0.0835875368356672	-0.0151097333648664	8.76126887348842e-05	-0.00215015294245031
-0.00113553823803072	-0.0372247383726916	-0.0108113348163503	0.00128902223352579	-0.00182821313359439
-0.00106254042490799	-0.0355585845195302	-0.0121851999970832	-0.0132838891521212	-0.00358540414718217
-0.00152998851515529	0.0396698621621463	-0.00590348267894433	-0.0165628715624012	0.000242536119692864
-0.00165938437185857	-0.044428409995733	-0.0206029900278242	-0.0120409729832923	-0.00165172083955193
-0.00158122539931741	-0.150413577489305	-0.0270225346458606	-0.0218851021602998	-0.00421179883639942
-0.00124769292865059	-0.17843358137844	-0.00710371722296379	-0.00895565620387214	-0.0042865628439998
-0.00101338321420225	-0.176695936124657	-0.0258337422179312	0.00324940178217821	-0.00407911592039732
0.0198243313436191	-0.156445851161483	-0.00670687263211187	-0.0255765531255757	-0.00397880764163159
-0.00146946876404412	-0.0519756977132842	-0.0170482040290313	0.0124986301105997	-0.00377499171953729
-0.00127158998713909	-0.179854018282714	-0.00797831294003907	-0.0135249705279103	-0.00328406033790378
-0.00123851806400991	-0.288250061309241	-0.0152944369055724	-0.0128574479252388	-0.00440101628801054
-0.00153269665649024	-0.188651505870938	-0.020277372839966	0.0181291559548289	-0.00408425194798151
-0.00116839682398228	-0.135267147624907	-0.0275776796806288	-0.0322013489613685	-0.00390002801411832
-0.00131063966948482	-0.132338384433409	-0.00896422490868341	-0.00614337190140559	-0.00338826185010567
-0.00137470266514641	-0.0932491355969786	0.00446485628261368	-0.00735622416668572	-0.00347738790357021
-0.00156957922601515	-0.203363032958819	-0.00692583623320738	0.00233161975189857	-0.00426331933462538
-0.00151908497099414	-0.133988853000254	-0.0171574220661398	-0.00836461566959205	-0.00444589736740905
-0.00124085012626976	-0.137173377312119	-0.0209617359962873	0.0108736778843401	-0.00426322804007687
-0.000998716698039852	-0.0863823137232083	-0.0115163520151105	-0.0134014264348722	-0.00367411969983979
-0.0014594013472614	-0.0742504212852863	0.00275887940521119	-0.0172852934494452	0.00455742174533418
0.00649412137546615	-0.153848730982929	-0.0256338878738882	-0.0132452570500476	-0.0044035903225677
-0.00119592321322768	-0.125141677739878	-0.0109562764177397	0.00383948364340755	-0.00396546042313284
-0.0010560160424822	-0.0987692878755815	-0.0221324711435626	-0.0104999716399708	-0.00310067812595346
-0.00163104075601105	-0.0625223780492047	-0.000911538493136187	-0.00598282525142111	0.00207770561510938
-0.0013351863849637	-0.200787791719494	-0.020707378351097	-0.0176824690342728	-0.00387501945081356
-0.000998157911405054	-0.210136304230783	0.0164010339959587	-0.0168560214390781	-0.0036869114371601
0.000481205219892648	0.0849288390446153	0.0130070248622923	0.0139198871084782	0.00421227163454586
0.000587299610783013	-0.0626019362858154	-0.004418364545626	0.0112296481927167	0.00133844597652022
-0.00168393543137482	0.174157173867028	0.0259812048377033	0.00420058508095415	0.00242260391187453
0.00205951060306989	0.0348133137197459	0.00905120554696097	0.00462056342203253	-0.00488813556574185
-0.00155565948560523	0.0500327411324193	0.00879938547749802	0.000260862264738539	-0.00134119472520409
-0.0018775182918471	0.123473805583139	0.0342924697333356	0.00350283023293839	-8.98393597583351e-05
-0.0013118049712639	0.180474649015688	0.0256777219517549	-0.00412047825833942	0.000651086206770599
-0.00166445122754942	0.0599055458049201	0.0109102205880014	0.00204180455585036	-0.00462778250883746
-0.00137606753665521	0.109584999717565	0.0192006528336886	0.00306374764656887	0.00294825361650821
0.00197401510222668	-0.0226073172774326	-0.000999180970854168	0.0141947315588081	-0.00365137742727917
-0.00124479870705948	0.0519318047667722	0.0230555098616674	0.0113107835657968	0.00149100089337428
-0.00104083624287006	0.107807369863102	7.58569618870229e-06	0.00269177035090352	-0.00347901369113524
-0.0016601511205968	0.0296976245053869	0.0186336896614092	0.0140206398765706	-0.00142813119846381
-0.00169930804361301	0.0554823346187407	0.00172371710749297	0.00573031955721975	0.0338992382016072
0.0022275546887709	-0.11157067211877	-0.0244539994547815	0.00131976112225274	-0.00043712383723742
-0.00147580715752484	0.000603899649660312	-0.0241762168751145	-0.0195890139805196	8.51336496714117e-05
-0.0013330283466673	-0.100671700781698	-0.0295057584529231	-0.0219398847709246	-0.00461132223118902
-0.00141795683918285	-0.0398575229258703	-0.00148560537217495	-0.0112457274581932	0.00338014448148574
-0.00134438001663455	-0.0556679619075834	-0.02909869573682	-0.0013008019818338	-0.00450961816175733
-0.00113396702474674	-0.0826755371727342	0.0110790675710396	-0.0147284257661671	-0.00410714949635162
1.2581278400929e-05	-0.0604784087219244	0.00456524236090082	-0.0187310794236624	-0.00468213843990981
-0.00129633179539159	-0.0817328964106411	-0.0179074805090775	0.000749211676054596	0.000749481889448044
-0.00143702478597099	-0.0364556644005264	-0.0209041709713684	-0.0135662359285266	-0.00437836158504717
0.000933051655971091	-0.144875864167114	-0.0178758804936531	-0.00522775297579921	-0.00256880394568703
-0.00157546993527247	-0.124369628285198	-0.0140343018242694	-0.013033532090376	-0.005300694903436
-0.00140452248486451	-0.0906857247355202	-0.0180334989698637	-0.00625254612899791	-0.00403673290052727
-0.00155433931862119	-0.124151545880103	-0.0365799490790738	-0.0190875672596092	-0.00535711002634718
-0.00149615633422915	-0.0154690327503211	-0.0249329943041698	-0.0211544308279168	0.00632916306559584
-0.00140424865080336	-0.125927422772364	-0.0279690467230323	0.0135752744581202	0.00575151113565012
-0.00180094127574074	-0.11653754249585	-0.00705554191423633	-0.0128206222658956	-0.00454978997435036
-0.00154378438394471	0.00633965919523929	0.0122720611313448	-0.0323323531470052	0.00794314925019166
-0.001387693962573	-0.0826045713497353	0.00379967408765139	0.00200643880963291	-0.00374725467849386
-0.00121264345884581	-0.0518315828172619	-0.0182331365852059	-0.000316026170025942	-0.00422054211342772
-0.00145367723493741	-0.0819378903371298	-0.00481658369762476	-0.00677841509542256	-0.00463520102438205
-0.00137806614536314	0.01329848015809	-0.00193754204165681	-0.013239368992461	-0.00438329693112333
-0.0014040386736562	-0.0593242649949649	-0.00754619499001357	-0.01853926889127	0.00981151504012617
-0.00126825209710798	-0.0458987880702229	-0.00805746548350427	-0.024288089382946	-0.0042241506374346
-0.00167606916128743	-0.116105502441678	-0.025184154046597	0.0296124887130103	-0.00463810134578336
-0.00164905975599833	0.0820314539114147	0.000494610391083833	-0.012086823904355	-0.0049462124981961
-0.00144605911570908	-0.0125473548387195	-0.0124415782885043	0.0160798557739539	-0.00368139921563851
-0.00170552380636631	-0.0608726544436226	0.0215447332838102	-0.0331247452608444	-0.00503566485875018
-0.00175068067469976	-0.153895476081562	-0.0381131766207126	-0.0334738314266828	0.0227534354421227
-0.0012386560672163	-0.00932319586715139	0.00211303032376799	-0.0282281746735189	-0.00418787027074096
-0.00153657938994503	-0.0562177254209896	0.00308657442734172	0.0122546696136618	0.00432551362284189
-0.00156558091657618	0.00420589669642551	-0.0132390220895621	0.000475960478581748	0.00752813612154738
0.000820340873171741	0.153047011692949	0.000573787212380661	-0.00585444715547561	-0.00201218285461181
0.0026332508588147	-0.0872232303973362	-0.000790167796449081	-0.0244977004770125	-0.00462430659152758
0.00333708152825728	-0.0794377363433249	-0.0189875165498677	-0.0187114738291821	0.00900140606251052
-0.00156904832662563	0.0569041366479938	0.0037024770260635	-0.0127644492388965	0.000932695615233573
-0.00154377256926027	-0.0382846245364372	0.0157218584436227	-0.00315535827721533	0.00741126751805577
-0.000976961298035345	-0.0524174154935004	-0.0120183028364927	-0.00847043686977975	-0.000370259369007876
-0.00135459028533391	0.133695170563324	0.0114821608946121	-0.00637618388424507	-0.00088397604679857
-0.00146121854895755	-0.124659215111885	-0.0157484312729926	-0.0316754202676773	-0.00411471941630895
-0.00166004933724921	-0.0307642275189747	-0.00857259802926422	0.0230574285628421	-0.00436435090288598
-0.0012613293335784	0.103978305972641	-0.0373308511074371	-0.0355383243162053	-0.00438800311333477
-0.00108266500331027	0.0373781542608498	0.0189622248234162	0.00528886087610795	0.00336529514219221
-0.0011021248943411	0.0313836849644028	0.032256497069182	-0.000135335104282164	0.00618260827111546
-0.00145301900998929	0.0704622389384808	0.0119802477078763	-0.000173638753972611	-0.00384145297576916
-0.00142487483631084	-0.00529669718123954	0.022009006042603	-0.00577689762762136	-0.000402971767199768
-0.00100973237207083	0.072343359316284	-0.00569892734476901	-0.00121746011799468	-0.00309198557672346
-0.00115332609312241	-0.0630706548215605	-0.014213878608915	-0.0142885133410422	-0.00408435104273761
-0.00118378033886462	0.0389374156191631	-0.0069050389723642	0.00613824805125654	-0.00383354476747563
-0.00181555306616132	-0.0226580798831974	0.0111128150284005	-0.00382258478969189	-0.00560162781753593
0.00266946632506022	-0.0532255482323811	-0.0240942806631198	0.0186203409750712	-0.00413272392844337
-0.00125763732447491	-0.0414006360883135	0.020975534999043	-0.0192427694466823	0.0208850700705176
-0.000970129243363129	-0.0520080363006164	0.00612457394722115	-0.0061050939517127	-0.00384672227964201
-0.00102766204268746	0.0171748944417276	0.0116683887980083	-0.0224319995058502	-0.00341878871327488
-0.00201717715142728	0.0846544239768468	0.0399827304102836	0.00454839336485053	-0.00576839525838723
-0.00144931205711156	-0.106552266591003	0.0101766694239514	-0.0203535355041293	0.00533685120615679
-0.00153217432484106	-0.0224214546690915	-0.0165588240484785	-0.0252680609645835	0.0220670355410621
0.00077645798117225	-0.0996029605265914	-0.00720601154626408	0.00193064442478674	-0.00507711642778147
-0.000954554799498466	-0.0427788066481217	0.0176987576965275	-0.00457929792123099	-0.00367599451395108
-0.00147705760059632	-0.148167726814531	0.0194472105090273	-0.0296370750474511	-0.00531674238544075
0.000548957296600679	-0.158432291345332	-0.0218481899297676	-0.00601623131957617	-0.00255912106052703
-0.00121271905606543	-0.10537679717413	0.000867761514544936	-0.0366625480078641	-0.00447540664625785
-0.00131004088899926	-0.156116198582924	0.015612716922507	-0.0144912450737552	0.00271774068239113
-0.00114221038262358	-0.154701994222428	0.00607424908717036	-0.00519288481470639	-0.00429426408212774
-0.00147595978956878	-0.170299378593048	-0.0224040042311427	-0.0212352516069301	-0.00416749143001337
-0.00133363642091201	-0.125746705441802	-0.0281370338264956	0.00118432140082468	-0.00433204711272059
-0.00133801069438545	-0.0690984188992351	0.00881111126820505	-0.0138405822654985	0.00245036627786016
0.0145500713947305	-0.231250880228891	0.0110651812002995	0.0148526271848588	-0.00393034533880656
-0.00133263701373375	-0.082915101196566	-0.0230114808160945	-0.0136949041095098	-0.00458328234983992
-0.00129840232162299	0.0900272033038863	-0.0119243544378182	0.0110583715840365	-0.0044422900883686
0.000353307781208878	-0.00299424682657229	0.0231579738900354	-0.00152404030261887	0.000351475130526091
0.000839577663029966	-0.0737614819811347	0.0117052288232741	-0.0173644518250416	-8.44599089930027e-05
0.000415827019513549	-0.0342426173509391	0.00600248015755041	-0.00158806953245651	0.00402001342416518
-0.00145503815152217	-0.0735470269239354	-0.0174107404356549	-0.0234806132870281	-0.00373000814859187
-0.00152736113779781	-0.138502511398812	-0.029048722235606	-0.019648250651315	-0.00398941494651311
-0.00135896539225581	0.0454297319769696	0.0312963302240793	-0.0193771380154693	-0.000530022147914865
4.35261243079504e-05	-0.0638121932526249	0.00106086382902043	-0.0188651809071158	0.000653499686674173
-0.00175651509743942	0.00416037443683099	-0.0280897703927046	0.000145268655394039	-0.00505036387816561
-0.00120224791619002	-0.102757918296724	0.0153566536289754	-0.016619641130802	-0.00414693879891175
-0.00173574911964756	-0.117412819156746	-0.0135594196506623	-0.0126243129494641	-0.00548290273334215
-0.0013178825599752	-0.134369255024635	0.0134570791905681	0.0173047838875243	-0.00459591964655787
0.000978180826978668	0.0538181034226565	0.000250235224416662	0.0111215781488317	0.00362947689306787
-0.00140579183322376	-0.0328618053886536	0.0307798000965609	-0.0192210344220499	-0.00495154019843767
0.00255126637380129	0.0679851691093495	-0.0159282628913359	-0.00837770217333534	0.00337064314693016
-0.00125943700396666	0.044180255598879	-0.0128095743878933	-0.00369274006010944	0.00105906683401625
-0.00161681249650225	0.057519239150494	0.00774263026705977	-0.0298201799585887	-0.00514786687100834
0.0110473259085663	-0.0574857979715877	0.00175107526735145	-0.026599527623633	0.0016965531497827
-0.00132633997858649	0.0180944388801446	-0.000111497719741356	-0.0132272642318928	-0.00038928204429972
-0.0012140187088622	0.025355863314519	0.0544625580468609	-0.00914887444434083	0.00948128866291573
-0.00137551851568447	-0.0533107288372987	-0.014162324700516	0.0127817885474624	0.00656213775945066
-0.00125066693268945	0.038281646932136	0.00308679707838121	-0.0244938121215402	0.0061616914271113
-0.00107511148106931	-0.169760306241285	-0.0382981842282783	-0.016689819309665	0.015246303812844
0.0121934744961817	-0.0724717134965992	-0.0168818127201832	-0.0098292111457102	-0.00505678238877058
-0.00145480168033287	-0.0530403157909828	-0.0222055974103566	0.00107570780219814	0.00720434890017604
0.00112487954186141	-0.0774781688811947	-0.00307276739463131	-0.00933188002281803	0.00292838881734421
-0.0016025636827074	-0.0478269618568477	0.00530481873046057	0.0141201668641953	-0.00272448579458956
-0.00104746519365915	0.0158302050282722	0.00732380844439182	-0.0168653234076717	-0.00359142342375741
-0.00182174495485068	-0.0703115091879534	-0.0340229334523564	0.0208765141604562	-0.00519335978882834
-0.00134711748726392	-0.148868637731857	-0.0344600641083691	0.0102908583177773	-0.00390696128410112
0.00192750909249447	-0.00240190086260341	-0.00272897872057759	-0.0195289873888249	-0.00413672421234717
-0.00116945774038629	-0.0706379562042759	-0.000828196851305608	-0.0160004282763259	-0.00411484915349589
-0.00132434228566545	-0.124246813676299	-0.038659667174656	-0.0355180063209892	-0.00416718540162394
0.00523807808230259	0.0452270681420575	-0.0240147229555389	-0.0161583020453184	0.0146687787630646
-0.00159337108063208	-0.134552563557323	-0.0181383321398484	-0.0156300113456155	-0.00422611612709109
-0.00128113430094953	0.0648356041135539	-0.013708282001287	-0.0112405590481748	0.0117066705342416
0.00419737473958372	0.0471000735728226	-0.00971538242366204	-0.0130298590157672	-0.00508091662880968
-0.00123500044751036	0.032625894101805	0.0449330439027252	-0.0114309145852573	-0.00348825106532126
-0.00104325525513635	0.0254743133027116	-0.0231535519817016	-0.0121120107094685	-0.00352076270984525
-0.00172410950465568	-0.0353015581733724	-0.00654652454677917	-0.0192206872033913	0.00277976712797871
-0.00140373316279051	-0.112081487159871	-0.0155857549591615	0.00773423741473191	-0.00532584313947831
-0.00219383461420084	-0.168364870394207	-0.00531876426090605	-0.0134654523870589	0.00117304026614326
-0.00145800596745049	-0.0572195809006895	-0.0113218167644085	-0.00310001553040013	0.00108912561807786
-0.00138312317979361	-0.163739052466272	-0.00392155341586149	-0.0012275323385011	-0.00371782896540003
-0.00141700358655096	-0.129863453989256	-0.0285348388174452	-0.00911497617848839	0.00274951331440574
-0.00148625801339127	-0.0931431877817345	0.000995456636947933	-0.0119143730464171	0.00229005442076246
-0.00150134060169713	-0.0711766048089802	-0.00765232075570818	-0.00379281175773731	0.00532865693063406
-0.00134234331934173	-0.145153733422515	-0.0396841022529831	-0.0187506881858215	-0.00470412730224843
0.00573721600955258	0.0712793650712659	0.00849089121041886	-0.0281708905373228	-0.00355090430451369
-0.00130001312485732	-0.0605838933238246	0.00167046988939135	0.0387970415754008	0.00790727799150542
-0.0014164915152137	-0.0384555620827238	0.0446964838292869	-0.0355023059078013	-0.00486121035542174
-0.00140090548728336	0.0409972031718847	0.0103711606691041	0.0146082773595822	-0.00156755653414178
0.00254258789726218	0.198355546936827	0.0259277488174391	-0.0203198439290615	0.00291879124974045
-0.00122367400304076	0.14897457151465	-0.0142849362126297	0.00517382537490834	0.000620779892105745
-0.00143494802994258	0.0296826313926328	-0.00909802100221185	-0.00231721031082843	0.00630258959375339
0.00129025454002073	0.162537644371047	0.0422952880614794	0.0219943094317445	-0.00367662422518011
0.0085785713928626	-0.0450053240862768	0.0120792436603525	-0.0247727784353428	-0.00441981379413886
0.00111506781811095	-0.00981470804447963	0.00677908638516863	0.00664404660167608	-0.00313762173958286
0.00242887912346164	0.0826789682021571	0.0316488401603107	-0.00940265141232485	-0.000824648596986177
-0.00110660254796102	-0.085228316445204	-0.00646844384494618	-0.00367819821217564	0.00532532302507395
-0.00107219161763626	-0.0853547275036974	-0.0189544356158604	0.0388237988311861	-0.00347783813650384
-0.000971593789040462	-0.101092149431486	-0.017355116272445	-0.0143864758766923	-0.00327240670546708
-0.00143014917119026	-0.0789878014174854	-0.0223219624910409	0.0135245014187325	-0.0037032692991625
-0.00149760117537161	-0.145073345064574	-0.0113283896123918	-0.00939870322613038	-0.00394286871340123
-0.00126454477560122	-0.0203166407923975	0.00466166286285794	0.00842900285427862	-0.00439155667017528
-0.0014742019974587	-0.213675072081515	-0.0100774338489393	-0.00937265023132974	-0.00520346802886273
-0.00125946766917503	-0.101891471517052	0.000928025621444249	-0.00966975013800418	0.0134286498551187
-0.000975972558433968	-0.243898995873128	-0.0119747839460579	-0.0206742531316094	0.00149161260058058
-0.0011297450058604	-0.075838459716966	0.00332937285545654	-0.0239207371619803	-0.000391939868598724
0.00263597134947779	-0.136064037500639	-0.00261163936037385	-0.0156826352226996	-0.00294818187720971
0.00154122664810275	-0.195465704779364	-0.0250100542473902	-0.0277827593355226	0.00362727431102652
-0.00102733709136319	-0.135335293314172	0.000164849270369983	0.0247368429006727	-0.00349619105305013
-0.00159599944701574	-0.174227163458074	-0.0098623479184194	0.0554302561551075	-0.00498258132832175
0.0230998804233941	-0.252301890683544	0.0149511207652395	-0.00790713051302599	-0.00455076761701147
-0.00140565511545521	-0.179480002187017	0.0104626814125122	0.00292625308147905	-0.00379891609538795
-0.000741471475676866	-0.175201899981683	-0.0230203340880927	0.0143469440139551	-0.00326460746311061
-0.00113068825037113	-0.0687215723240524	0.0197332445308132	-0.0112677555040597	0.00399320342937025
-0.00100687653825697	-0.229655804580156	0.0216976795635013	-0.00562557316594906	-0.00369113292561471
-0.00133524406381793	-0.0579035444163308	-0.00362871106992905	-0.0175884493224698	-0.00453230134978624
-0.00131926237889007	-0.175299710971461	-0.0363237978616237	0.0511410807400788	-0.00426023152077159
-0.00159476508815426	0.0236937964588058	0.0202572612935607	-0.00168243981795747	0.0112284932344573
0.0017021503527332	-0.0517565624748984	0.00502377148673915	-0.0264742641270266	0.00581667012608159
-0.00181282386813949	-0.019520015919657	-0.0106821347619183	-0.00308139048801992	0.00059115429517533
0.00257435720112266	0.0050108600156307	-0.00177392903754794	-0.00797761044216752	0.00264759821432324
-0.00155805449009761	-0.0877915652527334	-0.0257634090938556	-0.000231536233599239	-0.00398431602448713
-0.00152521245605838	-0.0300619120359021	-0.034647998952496	-0.0234412014436656	0.00319415641372859
-0.00153671530859078	-0.0251321724479332	-0.00973510186712136	-0.0199210785830332	-0.00417400841703324
0.0218208271057934	-0.00187208219558045	0.00851707871898098	0.0211734689632897	-0.00476879790124686
-0.00159057596418154	-0.219534589536571	-0.00498812250632006	-0.0115077609063141	0.00306822919076911
-0.00145512199087488	-0.0502361809901953	-0.0104876380421629	0.0610223124099164	-0.00394471871271972
-0.00160887012899177	-0.0602141084356831	0.00233712161029361	-0.0138197912684379	-0.00451440170923967
-0.0014491656590512	0.00378136653873607	-0.0238870344595112	-0.00043053671759052	0.00659953056380822
0.00251225556338383	-0.118095931286673	-0.0343840235581164	-0.0114495570258766	0.00341558084213038
-0.00139137664342768	0.044303374649765	-0.0175820475875501	-0.000339181294591613	0.00720437478740261
-0.00153017655199731	-0.036061133226375	-0.0178420939588642	0.0255104247043339	-0.00415292285146988
-0.00123893911048407	0.0808024563739622	0.0235674955735482	0.00497669190978789	0.0145636203096799
-0.00156761794049936	-0.0537028701239523	0.00363771202084904	-0.00777966740083412	0.00307215104151439
-0.0013176183792124	0.0503075729943243	0.00414204033537353	-0.0284579382766714	-0.00463186508479488
-0.00139289955874431	-0.0109952199071619	-0.0295690934029928	-0.00946355659232418	0.00399465101729741
-0.00120310851012245	-0.115417893768547	-0.0204392039105573	-0.00579415937100595	-0.00416887189161222
-0.00170234832294275	0.0830375178537438	-0.0241625526207931	-0.0157590304898392	0.00341779546028709
-0.00124564581305598	-0.0182928758251627	0.0101468185074338	0.00574544009897694	0.011560003526838
0.00337368511040995	0.098144719550446	0.00123915863285841	0.0105136196946313	0.00571858624833226
0.0322040663319511	-0.133997232442112	-0.0186204694512102	-0.0326227273958642	-0.00455932243620171
-0.00136753194700128	-0.0897509275014585	-0.0299322014612567	0.0021621667642727	-0.00457213842573387
-0.00148386541437363	-0.0258823522967345	-0.0358526714260781	0.0363297942675987	0.0434081880228335
0.007645298164524	0.0569918774974222	0.00221542897903698	-0.00746920662799624	0.00535813288799526
-0.00153657888241986	0.193725986650739	-0.00172187901068331	-0.0195551777226872	0.00564077890097938
0.000133015510294165	-0.0207210549341875	0.00537346138099238	-0.0166392621783081	-0.0031079641226623
-0.00173030019422978	-0.0271349418577673	-0.0107807907032945	-0.00960544709598298	-0.000245070613576844
-0.00144354265679291	0.0990753587085667	-0.0113447189544149	0.0217718091664224	-0.00401682794364178
-0.00108562730872725	-0.0730206523079241	0.00454979242571423	0.0023395344627175	-0.00367818774577918
-0.00150395066541871	-0.00477668817925592	0.0232653451858214	-0.0190904951353735	0.000480140159109051
-0.00121629258586903	-0.00830665655618818	-0.014769267334957	-0.012522191963	0.000604119706624702
-0.0012287971625636	-0.0857810045247034	-0.0227116926176912	0.0102131958796859	-0.00415144361405844
-0.00122356139238886	-0.0676221204896092	-0.0199934531940117	-0.0180705599357914	-0.00431240310374304
-0.00145680151024246	-0.0488354430276649	0.0448388165176522	0.00168792955715159	-0.003702654211648
-0.00110930331591337	0.0185864328932203	-0.0117874987805595	-0.0351403313304067	-0.00365737549431255
0.0192141004049867	-0.161436379847474	-0.018070205139637	-0.036394630704809	-0.00475891543878931
-0.00108379732622189	-0.0526784955217917	-0.0362740767919341	0.0271020318334837	-0.00383261735971548
-0.00189882367104939	0.0562862093961435	0.0188381740221839	-0.00729444735313979	-0.00236822657710735
-0.00156482031570072	-0.00764896001224039	-0.00917704041431272	-0.00291544707673031	-0.00427274781729552
-0.00105129684481648	-0.0567711431733877	0.00667854298128364	-0.0240297963522364	0.00010311369263795
0.000239515310426648	0.0207642281462797	0.0280400865075148	0.00822653106234116	-0.00231236414891688
-0.00130687946681698	-0.0306418597268197	0.00466332697316603	-0.0151061362005784	0.0166493144948532
-0.00142257653178354	0.0512748158800892	-0.00274321243379523	-0.0236843898287246	0.00117230997004366
-0.00163030019376456	0.0186758960526541	0.0178504370137766	-0.0154241204857867	0.00597107207314721
-0.00141358622319632	0.110508128896079	-0.0366639492481915	-0.0110646418869993	-0.00454085448744899
-0.00138627526209477	0.0375779221128806	-0.00893970857074624	-0.0126635849865876	0.00981032323046815
0.00407308514542637	-0.101657501500044	-0.00858486589381936	-0.0144737436241537	-0.00482380551347627
0.0076450538988759	0.0117074336863623	-0.0264697699913861	-0.000768513680254478	-0.000647826477575076
-0.0011812555069971	0.090161467996682	-0.00861741425135195	-0.0356919832792067	-0.00398026498974075
-0.00139045926745589	-0.0123967528412889	-0.0169433904789743	0.00217247601802237	-0.00361196128940634
-0.00118873821682515	0.00189723246377703	-0.00951883926974787	-0.0351861830379069	-0.00388744761599522
-0.00164785851249621	0.109475520775556	-0.00503153508129794	0.009457076101936	0.00113294418047496
-0.0012505221458702	0.0698590051213838	-0.0159397558791053	-0.00954320716238895	0.00100334228987554
-0.00115195643125238	0.0795298051827815	-0.024733050825795	-0.000247328659804099	-0.000157272219310109
0.00485275739287694	0.0391859154573653	0.0167126953411196	-0.00353041278700659	0.00032093325262254
-0.00159660164768269	0.0534389834691784	0.0118219434925079	0.0272340513014107	-0.00564434466415435
-0.00130490905327279	0.0870836043839931	0.0536426348043581	0.0015270896929601	0.0236431427013513
-0.00134567413930166	0.116062453075472	0.0032020673804848	0.0177772572007474	-0.00125802126123994
-0.00108557897632976	0.0195603418255404	0.00270277022975131	-0.0125800616138844	0.00721380626805291
-0.00142881483617395	-0.105707411694961	-0.0058471329968335	-0.0105612408178658	0.00335383131866843
-0.00165744419206582	0.116470880447496	-0.012664083133072	-0.0143304396673001	0.00266317824785319
-0.00138690093666402	-0.0757809342633081	-0.0359551568704699	-0.036426589328068	0.0295903253876405
-0.00180100507355678	0.0828217048954216	0.0270746372673135	-0.0113209010955891	0.0384178727500849
-0.00150199078682783	-0.0748075305380701	-0.0322835751303602	-0.00625199051916496	-0.00485690393775088
-0.00146303023562993	-0.0477551253773514	-0.00986032999600734	-0.00832632169081453	-0.00407369140766401
-0.000954823135673129	-0.137441427585096	-0.00372254699681268	-0.0247228430848674	-0.00372495121215722
-0.00147780810365256	-0.092125399659	0.0225347081436865	-0.00202132562364674	0.00616138537892386
-0.00146466574765275	0.00380852687077654	-0.0212144070963496	-0.00734590304377195	-0.0042060991217431
-0.00109215652419516	-0.035364076868565	-0.014332453865361	-0.0242658235946492	0.00383658053832014
0.00473684475724223	-0.0330628489270976	-0.00900441483836655	-0.0195160293075148	-0.000811857736681801
0.0106468642297289	-0.0260940973291123	0.022475528720344	-0.00874442902361409	-0.00416287969402568
-0.00153486259100418	0.0136998427068668	0.0251567312139535	0.0218777906666273	0.0141160858861765
-0.00149229850223947	-0.0819216921177856	-0.0171785746262586	-0.0254288877285242	-0.00458021330028484
-0.00129602307258697	-0.167132682981364	0.0160134685004912	0.0370576681766599	-0.00449356300902432
-0.00137547906615475	-0.0807143063128135	0.0174830192956123	0.00330515341462663	-0.0047664727853821
-0.00183328445389537	0.203518957305399	0.0289768457220715	-7.34146012736562e-05	-0.00527175044950661
-0.00133867244385999	-0.0842146311581685	0.00875853130951363	-0.0122274291868022	-0.00465428160852799
0.0171115813144829	-0.110501048151208	-0.0195884401727906	-0.000498865794407926	-0.00415177301034121
-0.00142319709069811	0.0693309298760057	0.000996767576559333	0.00891883135171356	0.0019893250171772
0.000365313203750707	0.0550700933076172	0.00496146808211087	-0.00569886142263742	-0.00199738442448507
-0.00171514598152973	-0.0407578720197132	-0.0348919114316797	-0.0198589538120644	-0.00473424548489164
-0.00161533656252969	0.0436697727492382	-0.0164905555875834	0.0112796838752517	0.00273028295624455
0.00562836465327557	0.024577903124062	-0.00747982967423228	-0.00657453005483163	-0.00455557652819526
-0.00137659578811793	-0.0541758105251518	-0.00409404714691946	-0.00100005744801231	-0.00461434286710985
-0.00125290603979755	0.0438754423223928	0.015844425137312	-0.0265345360548918	0.00180787656530803
-0.00147092257838162	-0.123632011401077	0.0456256560322576	-0.00679707698389148	-0.00379733326783953
-0.00123898625676491	-0.0532347434709259	-0.0248714864633622	0.00613246971112241	-0.00425476222993433
-0.00165312619847041	-0.043813527303285	-0.0358352230256594	-0.0225657501481994	0.00557444416755915
0.00995612861941208	0.0538014139647019	-0.0340377054193492	-0.020852405232572	-0.00403787638252296
-0.00165870440222249	-0.034343094980112	0.0284740619900024	-0.0158817371030966	-0.00453444415781633
-0.00128912774017054	-0.00100291889395662	-0.0112698635535424	0.0311901117925235	-0.00455326302893012
-0.00187671404108383	-0.063393963438321	-0.0120991585220994	-0.0212266897800127	0.0062738887540097
-0.00143097593461366	-0.0796597555213107	-0.00792122726121058	0.00517561298203533	0.0211510864525801
-0.00133125407744144	-0.0499718217759216	-0.0170343573999082	0.00017830494596802	-0.00162172700755693
0.00425261855437163	-0.0289295556803709	-0.0159544076104504	-0.0017928665193914	-0.00415571980031497
0.0286058547041166	-0.0369843754416285	0.0485829447517673	0.0230803082722405	-0.00413849900001566
0.00187706867746804	-0.0435810145603534	-0.00160709233535918	-0.00708741916399257	-0.00546217803774484
-0.00135828644594055	-0.151503322819784	-0.0064170302237673	-0.0058687656604529	-0.0047795634501745
-0.0012411273815014	-0.0850081238310009	-0.0261024988016062	0.00232744885591283	-0.0043354835184043
-0.00181807998248981	0.082556702378605	0.00365960201666191	0.0116679566006527	0.00256630650512832
0.00498592679608678	-0.0559256910021747	-0.0121049202121324	0.00927400194164387	-0.00100518579322122
0.00743892740401224	-0.0541684378429219	-0.0112128352487995	-0.00052382779831339	-0.00535657487832041
-0.0013732174430727	0.00806410546141354	0.0182793919142418	-0.0353910831848406	0.000328474783549114
-0.00154740983400837	0.0833354484964038	-0.00756518709312775	-0.0240783579247712	-0.00451024105346024
-0.00125330860325838	0.11073596144624	-0.0128641004170604	-0.0111316892944806	-0.00436299657988139
-0.000750579746603717	-0.0196118068395148	0.0117604247567679	-0.0210628136610153	0.0121887176122199
-0.00125945577301507	-0.0570679960792715	-0.0197624679861501	-0.0246429834919442	-0.00434644499711008
-0.00105472509602015	-0.0534233498763041	-0.00833087874128547	-0.00997181107504167	-0.000757684270458938
0.00803592809423742	-0.081419792309147	-0.0200191669410238	-0.00855417713284472	0.000762799487232584
-0.00130793316158279	-0.0853707475847631	-0.00356443768998863	-0.00969608619478945	-0.00478070564394521
-0.00116470674562632	-0.050256302408	-0.0215545530432343	0.00734895641186358	-0.00338685551829495
-0.00124217825624932	-0.107887195077373	-0.00594180029065711	-0.0346838262900063	-0.00417420241388685
-0.00114113549908113	-0.0344730640986048	-0.0117079574579668	-0.00846199760229433	-0.00416400381111334
0.0021216505000793	-0.156915735132672	0.00749158877963458	-0.0185584332846746	-0.00151166538666136
-0.00179245188079517	-0.128145265482418	-0.00423317411421743	0.00513063225934725	-0.000981869035351071
-0.00102218624444261	-0.00550797952874579	-0.0124715568343885	-0.019676323201552	0.0117564476015959
-0.00156899367790509	0.12876638838123	0.0290526584375496	0.0240882974883205	-0.00443432548429219
-0.00112524619335373	-0.182496970766154	-0.0369505994847738	0.0221172730877397	-0.00384961757711379
-0.00140468106711145	-0.157427057275413	-0.00781153373139535	0.0239480256082143	-0.00485399485725855
-0.00117292364197629	0.209733423771081	0.0104517584073464	0.0431001532732662	0.00279423570610467
-0.00101021190090734	0.00068146418879305	0.0186492255478938	0.010192710628458	-0.00447710927566091
-0.00151999997625956	0.258719487628917	0.0171251386923892	0.00541594687904243	0.00149029370397456
-0.00153212798569269	0.260546178728318	0.0176365751195349	0.00939924990632188	0.00428673445299942
-0.00140526741143049	0.0596670759478079	0.0689856089906734	0.0137321749094393	-0.000374341012100548
-0.00122302937640722	-0.063363955328689	-0.00434794858258191	0.0139956264734171	-0.00107839190524487
0.00316977054349636	-0.100595443537588	0.0209113150822251	0.0435572837130324	0.000540627133148364
-0.00130612314072089	0.106077287233	0.0442854770643019	0.0612018071717463	-0.00463058849334879
-0.00132478937072861	-0.0908729350687599	0.0580615586155085	0.00163431454644057	-0.00352119019455117
-0.00101419993772039	0.0691562597917781	0.0107685535350403	0.0331152810001932	0.000704845224018271
-0.0014281175266984	0.0155389795825134	-0.00891539885199198	0.0543770998464641	-0.0037610218261347
-0.00121398855220656	-0.00749037837291982	-0.0359126934121263	-0.0347353263218999	-0.00406978725438855
0.00634103951301224	-0.0403476329131249	0.00105228187199123	0.0309442223396397	-0.00473602600272699
-0.00150063550165805	-0.0901607854089661	-0.00962809497875356	-0.0123290287679043	-0.00384316360032589
0.00163918142720198	-0.0928082141490894	-0.00725891693474843	-0.029178131553365	-0.00143477660588222
-0.00157522578522537	-0.0972746320201756	0.00398122962552225	0.0130996533411642	0.00249048219329242
-0.00158831605298086	-0.0983261632765702	-0.0273870332176291	-0.0160132112003888	-0.00404184411978002
-0.00144420008647455	-0.130991116836992	-0.000309764739311266	0.00375068657126168	0.0143557398836822
-0.00124310690697619	-0.197129356083194	-0.0378831344216868	-0.00938685889292258	0.00889147059465871
-0.00108158254042638	-0.0284567904278234	-0.0185534334991143	0.00554079587014711	0.00138569131977488
-0.00142895751220852	-0.176499297913856	-0.024413926759968	-0.0294144195811686	0.00778064206060357
0.0195989634973184	0.00650410580096383	-0.034300907239865	0.00888314859520977	-0.00426703335923331
-0.00168028262109107	-0.171286482018462	-0.0313431195350343	0.00013878555505547	0.00231167847944231
-0.00140217895674172	-0.0651410066840083	-0.000755243567286626	-0.010348659686704	0.0081561940521761
-0.00133356059269161	0.013923827279685	0.00851359777569384	-0.0120790799884272	-0.0044614288080243
-0.00128175688248179	0.084342413149684	-0.0357670878876341	0.00444250312115486	-0.00463280546224456
-0.00134880166587665	-0.0963348567019922	-0.0364711868279928	-0.0312407874818719	-0.00336664332756142
-0.00137289281253183	-0.0563513887271923	-0.0363099602387042	-0.0351654875168718	0.00648214547699497
0.00677227111307587	-0.083615761100517	0.00645312255310629	-0.032822541842566	0.0124913873813611
-0.00157425168073155	0.0402956594898061	-0.02470358872248	-0.0105126571806606	-0.00437139671987835
-0.00174714952807391	-0.0385002917437501	0.0125218784244791	-0.0332408348775902	0.00837313873973937
-0.00127265481188826	-0.0529317020020148	0.0412824867471902	-0.0319277015395766	-0.0034140623198814
-0.00156500592257166	-0.0463386467610011	-0.0191346279705709	-0.0208782591630323	0.0102699073967058
-0.00137269055018687	0.0116230301358041	-0.0336734441860385	-0.000113441120521965	-0.00384986258143745
-0.00140278452272685	-0.013287332334683	-0.0277140000654313	0.0241467390521828	0.00380393450022095
-0.00119020387840631	-0.0628225163013865	-0.0155840024191515	-0.0260655091846454	0.000826814488593881
-0.00164533288099072	0.00786204495513726	-0.0164441927814256	-0.0118672324893671	-0.00444602832095126
0.00879966215096628	-0.0346682241576663	0.00111640593638312	0.0042382923861299	-0.00495625686249282
-0.00106943027909002	-0.0845026204003213	-0.00776898511886608	-0.0352754692032877	-0.0034841365152541
-0.00160705696913418	-0.106767526278981	-0.0119144201965426	-0.0111231698583369	-0.00538868923880707
-0.00151910352522274	-0.0400512050361885	0.00174497071945039	-0.0138403480577454	0.00189464570850704
0.0089108247041463	0.00413963155508568	-0.00390812730981697	0.00819393961190916	-0.00436154553388261
0.00232144480259817	0.018061277838121	0.000325548727544286	-0.00342872321423789	0.0168412577576899
-0.00111762301630268	0.00966376562584979	0.0174344705681127	0.00541513441743282	-0.00131309953516078
0.0131514179867754	-0.0683401614906455	-0.0093343835902968	0.00866912472465051	-0.00393957537854324
-0.0014520632382634	-0.174746889941415	-0.0187602201964571	0.01638828709703	0.00693696463600602
-0.00138863539666258	-0.124762000459309	-0.00961852262661959	-0.0124678909999783	0.0152520995205003
-0.00163368838567245	-0.125296993697283	-0.0350149680916902	-0.00719901398265421	-0.00438019465835757
0.00451022581872117	0.0454986293933	-0.00227122413110999	-0.0131263291523265	0.001063787992175
-0.00152515074577841	-0.0308851018065947	0.0270999593167729	-0.00353464713228321	-0.00516910385309553
-0.00154548796288926	-0.0888613007500565	-0.00245363364118911	-0.0120222494211777	-0.00443249143701674
0.0158530012203183	-0.0546980141163161	0.0326576280647776	-0.0150814534543755	0.030244741608975
-0.0012179857906626	0.0762954784656937	0.000937131066749382	-0.00754448102944916	0.00651826856380448
-0.00146917556345271	-0.0339491199181341	0.0185435547950541	-0.00678545104167529	-0.00478692025431448
-0.00163438612666317	-0.0329027678538144	-0.0209626243327251	0.019927631686596	0.00392180792344963
-0.00164316612253592	0.0656588141424514	-0.00897431708626941	0.0373402314210599	0.00448805896479316
-0.00120303833335126	-0.0174034867723707	-0.0215437440747721	-0.0356069564018251	-0.00438266024819301
-0.00129793312389974	-0.0468213071291533	0.0167233692554035	-0.0203448360286313	0.00250738079718911
-0.00164931630606318	-0.0802718114479564	-0.0245744917391132	-0.0224929185856916	-0.00457843872787536
-0.00125809753458359	-0.0614268495169692	-0.0168674129912953	-0.0143505088130242	-0.00322604867154841
-0.00179937397406299	-0.0342209572680277	0.0149123974316276	0.0108619575667152	-0.00487316607908137
-0.00112670187794341	-0.11649329892405	-0.0163528967867423	-0.00317358761845458	0.00706103660869999
-0.00133754161908449	-0.146121844610288	-0.0199309732431716	0.00237290372847548	0.00310569210504245
-0.00155282257706717	0.0738145880758306	0.0161480897327943	0.0152563889302324	-0.00506682967961573
-0.00117257140077623	-0.128840309644581	-0.0358347543229876	0.0360249464013585	-0.00457862341289699
-0.000964337323627566	0.00664577459269312	-0.0350986738363631	0.0159601346312045	-0.00357278662310382
0.012797274770121	-0.215500062021462	-0.0224534018813867	-0.0217856825557775	0.00876033476661336
-0.00140730556144821	-0.164892745900195	-0.0107893939279838	-0.00633339731806134	0.0217283070198646
-0.00120750388269766	0.0548088526758094	-0.020137306614745	0.0232538377803194	0.00387423259626601
-0.00132440060808083	0.0113615152259282	-0.00669745558815627	-0.00968403918991801	-0.00463011054962566
0.00668231035187747	-0.0529452273596429	-0.020044372993346	-0.0190797747581761	0.00371446270441345
-0.00172227155689995	-0.0671281663520429	-0.0186891959844294	-0.00821247773156395	-0.000161432247608128
-0.00149197518306395	-0.0260019988350864	-0.0197918330817925	-0.0150240666214864	-0.00270344646247488
-0.00147480055238971	-0.00905500226815872	0.000913218317059338	-0.00355846388766634	-0.00505058500328541
0.000397676219385167	-0.105006824492773	-0.0240379022643876	-0.00625991129984911	0.00347713425454875
0.00855838067299068	-0.0054423615011777	-0.0196401580165595	0.0029856096856712	-0.00340825037198403
0.00524541317312423	-0.125902016493039	-0.0107909094369406	-0.0288820374511086	-0.0048201172005219
-0.00165155102562827	0.144578565841238	0.0114356225849451	-0.0202807864717	0.00132040558659991
-0.0013983255532789	-0.190303993405785	-0.00787271766849013	-0.00964168766465239	-0.00544276252191301
-0.00141260436628295	0.125712929602817	-0.0212128246384596	0.00833459643774121	-0.00375379018205395
-0.00157570782672908	-0.0468466902528224	0.00881007657248543	-0.00679328120170716	-0.00581248933162077
-0.00123679553652	-0.0165389899552202	-0.0133024993608601	-0.031933202108464	-0.00307000904571086
-0.00118960063922581	-0.0659783342412745	-0.0109115424128986	-0.0110150809864339	0.00435426767607586
-0.00115562191488606	-0.1525820314835	0.0129972188437535	-0.0313203523072077	0.005090575634206
-0.00102783906156257	-0.0705074378697032	-0.0238937603010993	0.00573010322691083	-0.00384032148220709
0.00469955420916748	-0.159411330154853	-0.00554649944904513	-0.0137557607316232	0.00237852585378561
-0.00163449808645614	-0.136188874414426	-0.00809619526842372	-0.0162820694638144	0.00094814932830795
-0.00149336852213979	-0.124906276772244	-0.0150791304699437	-0.00295863949309094	-0.000528525816867749
-0.00144990998096091	-0.0974073362745225	-0.0237489795593992	-0.0254919449687154	0.0166264478649152
-0.00126773676694995	-0.0533949857765596	-0.015117339538376	-0.00258267536666424	-0.00333290437977844
-0.00114561603299707	-0.0993758105908598	-0.0173880439972691	-0.00549261118665427	-0.0039808801307373
-0.00107817281591967	-0.126267704401004	0.0107110059100305	-0.000974517689812994	0.000364936908274638
0.00363259305743071	-0.160569875745983	-0.00159897345686005	-0.0263957486714965	-0.000266426362186255
-0.00112475071201339	-0.148469232978839	-0.002361044263471	0.0275710052367199	-0.00349273695884931
-0.00126355634404909	-0.170023698313485	-0.0134814225022806	-0.0167702801494168	0.00366743378289014
-0.0015224056591391	-0.0367395642114054	-0.0258922411896932	-0.000928152546077585	-0.00400863578552591
0.00506906124060576	-0.105231933889008	-0.00916771775504327	-0.000262744802358376	-0.00482485378313642
0.00390079707794511	-0.216544488117615	0.0119694469891311	-0.0173721720791034	-0.0040314529410768
-0.00126610470561095	-0.209668679277092	-0.00489682498926086	-0.0212866247634716	-0.00444196821264981
-0.00129858838858149	-0.161600531528875	-0.0287764179793505	-0.00553300284818553	-0.00457779744193901
-0.00157320284986106	-0.205248759602051	-0.0276697759907424	-0.0118706368348469	0.00177526201012384
0.0022930161302106	-0.0953320375047515	-0.02433595364702	-0.0246249307699806	-0.00397588638783092
-0.00124070481133509	-0.110368490111436	-0.00738573354257611	-0.0210287960479585	0.0104361850760681
-0.00106876010387762	-0.175618984628215	-0.0234303008207767	0.00287367812190937	-0.00355078946704653
0.00350599645757835	-0.17806249152344	-0.00755616088146279	-0.00124068660555638	-0.00459299024298816
0.0383103242269008	-0.172529723120158	-0.0123074583107873	-0.0125973626367772	0.0151782564641807
-0.00147084408070598	-0.166509830660019	0.00567530374171643	-0.016018295726592	-0.0056070515180618
-0.00152422721033175	-0.244666393174083	-0.0334318406780145	0.00591859939544775	-0.00469060225257454
-0.00113114389043712	-0.0708093233466764	-0.0147704134538253	0.0117436600658291	0.00325327863096058
-0.0018034076127594	0.0604236553828384	-0.017600856378211	-0.00787657118866181	-0.000307519820123525
-0.00163933216549296	-0.183604097836186	-0.00633826714874979	-0.00555711785565605	-0.00451664639558006
-0.00081960519269544	-0.0201020552820099	0.0220006637066096	-0.00788005490300811	-0.00376988620219546
-0.00148062583765789	-0.0264267813114379	-0.0249862458017472	0.01080374555132	-0.00415099609586046
-0.00157489199998357	-0.0939536702171136	-0.0273831483897311	0.019698506475777	-0.00421155336565876
-0.00132795188586559	-0.0901271083678094	-0.0386681522930431	-0.00485828479211016	-0.00443350275327966
-0.00162794220691649	-0.268775741405213	-0.0179513139634636	-0.0333714356340956	-0.00450262857697872
-0.0018596681860567	-0.104965925757929	-0.0109580076620698	-0.0247482961824562	0.00326031074949948
-0.00108683567088905	-0.199342125469614	-0.0269940359680179	-0.0166309738223049	0.00582137387407181
-0.00112963491439854	-0.084422444041801	0.0435583993609245	0.0269824922734795	-0.00384828286307501
-0.001273354252538	0.0176813030258332	0.00822421216785886	-0.0356907873705734	-0.00449862772025823
0.00722205361391297	-0.0621184715530664	-0.021312995165343	0.00659398784240954	-0.00364678268981224
-0.00163648095780058	-0.0737061995680084	-0.00328631421607282	-0.0146034096792975	-0.00436149825430546
-0.00141530965554736	-0.167109777085904	0.00816406092821226	-0.0162742428221375	-0.000953472191132214
-0.0017773049041941	-0.0729650079410295	-0.018285914172657	-0.00832660808023233	0.00179382409222116
-0.00158584053605683	-0.0648286878441664	-0.025038691779923	-0.0112234646520671	-0.00428285607395454
-0.0013861191206319	-0.252368100839283	-0.02412153503623	0.0285851782704103	-0.00389928182489796
-0.00133453830766706	-0.191629759787084	-0.0368521057642101	0.0215031772860943	-0.00430091039635894
-0.00123105706012912	-0.0392631231185613	0.0165262223306901	0.00964306126550328	0.00489372533977183
-0.00126348822029955	-0.0966629806715875	-0.0127499484478366	-0.0116967704354112	0.000402332009507693
-0.00136787680400055	0.00648307652805474	-0.0135700874205926	-0.00992975294321821	-0.00431397835492878
0.000425904749228388	-0.0784793932287077	-0.0096606508527595	0.00218081007997449	-0.00400778872231173
0.00454353350210216	-0.102998967806582	-0.0259324479482943	-0.00319934433699477	0.00714543424750069
0.000700960712623296	-0.0319702605843936	0.0183954347102285	0.0162011732976238	-0.00419170879602198
-0.00128159750958262	-0.040021132714771	0.00801481437233874	-0.00380163453832167	0.00397864251188178
-0.00125877053574474	-0.0655166445874842	0.00772026524457294	0.0354840826639013	0.00118380474380485
-0.000951994288805651	0.0364936230438221	-0.0177296158911445	-0.00777293625518399	0.00544669993115162
-0.00151704298316153	-0.121654808625121	0.0278323202213115	0.0107133332069466	-0.00517205605641421
-0.00135913526035761	-0.191958481620093	0.00558040068820069	-0.0108649590124074	-0.00330427589316464
0.00420645002242514	-0.115759794526386	-0.000838954607221492	0.0106746400010176	-0.00186801319787662
-0.00111177267080432	-0.101892398595416	0.0043680623919238	-0.00229692055591115	0.000120041275786468
0.00577529918890507	-0.160579420795268	-0.00858382677154802	-0.00233699108601947	-0.00373244125086917
-0.00155101733779401	-0.0794500820611742	0.013295219227108	-0.00628112352793374	-0.00119436048744825
-0.00102831997620126	0.0318515383106609	0.0133036769793459	-0.0122873020242533	-0.00342412392018438
-0.00127599878945111	-0.0638460363966065	-0.00836853456988693	0.0131946892159666	0.00174721972642922
-0.000964261199064966	-0.00230577745235054	0.0440680547797879	-0.00482795713982304	-0.00320319258920088
-0.00138614483570132	-0.0769917816656702	-0.0109231181078677	-0.00301356311021373	-0.00111453010456612
0.00092777219273574	0.0617108503949067	-0.00534358421782643	-0.0200519295284111	0.00201503418633273
-0.00103884585507553	0.0154098264758086	0.00739397727117197	0.0202679506776348	-0.00382209834004336
-0.00139973301303128	-0.0831596410351332	0.0174104161759643	-0.0171714357146467	-0.00473593952300919
-0.00133862424617523	-0.111417394366392	-0.0164188671082609	-0.013605375809396	0.00182578398037023
-0.00173858808349107	0.0365300030615863	-0.00654378866495817	-0.00574257735798528	0.000306971890230281
-0.00157161387666071	-0.123914214484262	-0.00351150087475324	-0.00742535553021333	-0.00446747959494344
-0.00129445599878886	-0.113218755973765	-0.019832169923427	0.00605281059604898	0.012554311273927
-0.00138967434701453	0.0350977694429001	0.00363481087373556	-0.0131646382425948	0.00100476334870216
-0.00106505290116153	-0.0683817686168044	-0.0144777211704651	0.000675119193187539	0.0101615251765481
-0.00145628698129909	-0.061715209935966	-0.0213182759181569	-0.0109220948007181	-0.000781459177358221
-0.000963840213907635	0.0730922076623924	-0.0110357237153408	-0.00956455794747892	-0.00137084612480935
0.00649584826636603	-0.0355827250917655	0.0150016598363348	-0.0208829423003697	-0.00505098227756129
-0.00130834532692422	-0.0046841514405679	-0.00180946067415205	-0.024072433053101	-0.00484917253024635
-0.00171852516725865	-0.155144165807597	-0.0212694640888024	-0.0161186474103658	-0.00440080186333973
0.0045131548905288	-0.0375228256600355	-0.0041805457689961	0.0190480631318149	-0.00429430593424959
0.00343194988384337	-0.14031088792784	-0.00332935431742999	-0.0215484816083179	-0.00459474788902882
0.00271411028689576	-0.051045245572102	0.00735282268637192	0.012968416488829	-0.000170697682628101
-0.00140162557433598	-0.0105749154036452	-0.0205380009913797	-0.0169320139331555	-0.00385253423733397
-0.00153402650363209	-0.12133167923215	0.0187464247418932	-0.018464536691989	-0.00409185040920189
-0.00119157661188076	-0.0700923917954114	0.00998623110263956	0.004802986690383	-0.00400714870653334
-0.00102036341553119	-0.0234272425222517	0.00407172136552048	-0.0189958931092587	0.00181330198617954
-0.0015548529768593	-0.052727008926584	-0.037587735954645	-0.00936099326077796	-0.00528421262149662
0.00203721462034101	0.044227497872966	-0.00166884997686225	-0.00785545764156677	-0.00017169516309799
0.0103053432500204	0.0950650781123586	-0.023365671034812	-0.00893370337125713	0.00746397149387662
0.000775504132775282	0.0328033039109711	0.033288083171527	-0.00805194742141745	-0.00245142659885144
-0.00126937982855059	-0.031076024163207	-0.0168415864038369	-0.00728552492519623	0.00311150155765749
-0.00153277461219204	-0.0310513861078305	-0.00882574330741526	0.0069041718675238	-0.00428134550081776
-0.000963049953297475	0.0569699288219646	0.0371444622048275	0.0191413820484058	-0.00375338054222117
0.0182786055644421	-0.0537713709443175	-0.0163514926175629	0.0223814882392441	0.0144269284854372
-0.000984452888655435	-0.199482537811734	-0.0100762923981922	-0.0327578144613043	-0.0029380043180865
0.00911840634868077	0.0150894132910521	0.0385394548699583	-0.022606250029579	-0.00501413127048929
0.000903378692849859	-0.0778758211149495	-0.00970618431066141	-0.0110502029825208	-0.00170028204071405
-0.00149482652499367	-0.105860847983047	-0.00781260943597344	-0.0316729491172099	-0.00388341225690935
0.00288867207568846	0.033394598883723	-0.00714033831949594	0.000428434117247312	-0.00281822801951515
-0.00136612316055324	0.00105638165021055	0.0152511938994659	0.00267129817489767	-0.00428557582198236
0.00684399038251695	-0.163683299575297	-0.0170361357377364	-0.0119429445541671	-0.00501860639834233
-0.00121503356230294	-0.0436735816169934	-0.0180046417097662	0.00196078604104261	-0.00148481247469597
-0.00087998027888009	-0.0990690362695588	-0.0230260323127828	-0.0361669981817799	0.00948825167492187
