ADORA2A-AS1	APOBEC3A	APOBEC3B	CBX6	CDC42EP1
-0.00508946478146997	-0.122742424348648	-0.0121641516541633	-0.0751039570306475	-0.0260030577100185
-0.00359543483499973	-0.326859509463294	-0.0213584231040844	-0.13475903571007	-0.0173407601927188
-0.00135331801880315	-0.269044393951069	-0.0122984044299869	-0.147049469305532	-0.0185598768891024
-0.00477076141913699	-0.168519730459833	-0.00105128935023521	0.00138589562583784	6.59107038014402e-06
-0.00274047486383188	-0.196735839291112	0.00594736004693901	-0.0670810005989253	-0.0292361123150453
-0.00332923419789379	-0.124794661152059	-0.0115193272122277	0.00711413725551645	-0.00505530303654088
-0.00333942150799394	-0.0354413747498184	0.00376134753081837	0.199215853579386	0.0255196688715053
-0.00341299022972264	-0.0660110479578612	0.00142833414443794	-0.00842756302153219	0.0426375781497461
-0.00328995698045013	-0.160832903116163	-0.0294496505318212	0.0336537047660829	-0.021940882432931
0.00699793327217206	0.0643203448628045	-0.00899900947146019	0.0608684512204209	-0.0156751328899336
-0.00460770184228744	-0.0113501267032829	-0.0179658070335622	-0.0919506605499759	-0.0153510814289077
-0.00519875161367499	-0.0874138226809248	-0.0176683814320856	-0.0677385956868142	-0.0272060941214188
0.0185645742969268	-0.0523450588393479	-0.0174481501350696	-0.0318765447592605	-0.0236129968448019
-0.00309880452106124	-0.220228831009371	-0.0135148799536513	-0.0938364697811316	-0.0231991339559147
0.000141565427476603	0.458072967997862	-0.00989905163680416	-0.103561553837101	0.212117081610484
-0.00415375009816481	-0.33846250842891	-0.0247355723539672	-0.134830245033068	-0.0187718042455706
-0.00107101330758734	-0.197817877220468	-0.0195294312935651	-0.0580471203253494	-0.0223950075643748
-0.0018765485149981	0.0782894173736255	-0.0206739285459772	0.0791127287213505	-0.0268380174423139
-0.00324318120555454	0.158223282180708	-0.00554325759149262	-0.0205610214379644	-0.0168964455953487
-0.00341723762377591	-0.194787673101478	-0.0218469199034037	5.0495696791559e-05	-0.0257586582362728
-0.00499172853105102	-0.353147752901565	-0.0211084772446639	-0.14575101953841	-0.019621460008943
-0.00214999428566229	-0.0966830171680632	0.246643109250797	-0.121646028854648	-0.0159583936065482
-0.00317582469392456	0.348302789393827	-0.0189501510660645	0.113826473243411	-0.0209320989162002
-0.00139949973341651	-0.259571794091143	-0.02224645699933	-0.1278128463966	-0.0182715336605792
-0.00364063700988327	-0.0664394559412646	-0.017292003473288	-0.150361387669036	0.264457611064471
-0.00570282483495961	-0.0921928299495716	-0.0137170665630086	-0.163196249466352	0.0906425594146658
-0.00429758135998211	-0.0533179615345452	-0.0209707525784525	-0.136375403842371	-0.0173910463334015
-0.00660703004104809	-0.205063222429648	-0.0156110818146035	-0.000182343685811506	0.129987850757922
-0.0051815673686337	-0.321983884389966	-0.0218224801753124	0.0775198536307306	-0.0193948692723219
-0.00390028067910357	0.353227799602063	-0.0174273783453606	-0.139956203960232	-0.0233513540569712
-0.00446662661437341	-0.337177659047303	-0.0144054267035056	-0.146626283506415	-0.0230216056725926
-0.00317376082683	-0.321257182839374	-0.014648062011028	0.23260136954967	-0.0295380182327236
-0.00189368101959106	0.274497557720912	-0.0239395658610696	-0.1577802599491	-0.0282604476759245
-0.00281009805879614	0.199252532495776	-0.0196584896802414	-0.142367661502518	-0.0185101163251234
-0.00471213558377444	-0.0662993257526321	-0.0211756676126132	0.224122533751465	-0.0252042411753571
-0.00288113682948154	-0.00847086709599668	-0.0186300760594547	0.250242889120592	-0.0220370671332784
-0.0026337320955503	-0.284412869008167	-0.0262022716323234	0.147915706476312	-0.0211050417618591
-0.00414123681372504	0.365333955354228	-0.0136754950233658	-0.157709855934992	-0.0191265934923487
-0.00402249643468799	-0.131250670142454	-0.0206508433282285	0.0696126480042554	-0.0205255235542986
-0.00129523901458414	-0.0416542576200489	-0.0147663884290454	-0.137105638132507	-0.0181975200695192
-0.00491925534209627	-0.0851905503628764	-0.0175823516724827	-0.134701955265018	-0.0199173404528367
-0.00336724236415112	0.303615303424232	-0.0202969249208341	-0.169447886236544	-0.0288312518457964
-0.00747501906350636	0.275694055993044	-0.0181780779484519	-0.145684628605598	-0.0222372330695812
-0.00118097562676584	-0.0237099924501167	-0.0157321762613291	0.0907821906047743	-0.0236216315409139
-0.00228841029026313	-0.180268142445126	-0.0178135529934211	0.086876005942113	-0.0176902960209286
-0.00370172668706802	0.55948936535971	-0.0162148427836469	-0.156886435931233	-0.0230881332573239
0.11315495707451	0.233411631871995	-0.0188381859665286	-0.0405413809727377	0.0907826611686384
-0.00481275114731335	0.168571668823813	-0.0221066784734574	0.114448899855742	-0.0249836109051717
-0.00244786952830516	-0.306844972666864	-0.0151457480894091	0.202080829574218	-0.0257044951134645
-0.00246992898396093	-0.0798148035709524	-0.0149979852136141	0.231489193767843	-0.0225280044397273
-0.00149701586736862	0.113719085036376	-0.0226944821959012	0.124496861435214	0.131086579042271
-0.00543729199025435	0.287474910514528	-0.0145275576370342	0.13527104056027	-0.0241456067248612
-0.00607161538031303	0.30850209441105	0.160159882727596	0.043781418410149	-0.0175190220885881
-0.00222761484478664	1.57586262867992	-0.0160708468837711	0.274398634211151	-0.0168175695934234
-0.00196648174508006	0.323308282707777	-0.0181392784839787	0.306403179016017	-0.0242131582402936
0.00913296942292172	0.103756057391561	-0.0221086337127409	0.0748810715820553	-0.00550524153660442
0.0130593670161949	0.0278176931304045	-0.0198490008863152	0.0735760019622823	0.0307667185015742
-0.0044041276293139	0.14770305721492	-0.0194543350285475	-0.0519880451829873	-0.0208337541926378
-0.00106242138596217	0.416309742899536	-0.0159035036081232	0.235414121525355	-0.0143799139670003
-0.00295925037110379	0.0233281993267524	-0.0179417666962198	0.116658411031122	-0.0222730949739846
-0.00375596026693413	0.338279288480416	-0.0200352846699612	0.0554427375363229	-0.0251741745437643
0.00148116332432464	-0.192477083185748	-0.0237647999125074	0.0205754139864122	-0.0197150118839498
-0.00683319330370558	0.16336045109059	-0.0176464387008007	-0.00747656683001621	-0.0209927728013318
-0.00271667967955321	-0.0981602543574624	-0.0221225305615141	-0.0257282428015452	-0.0291879543130779
-0.00570500858473325	-0.0466378128694748	-0.0159694083153688	0.109719451466186	-0.0189974120873338
-0.00216055065583886	-0.0178889818961241	-0.0154061037873326	0.0961868141999536	-0.0242802800692632
-0.00658637035082575	-0.406230593086672	-0.0163449378143201	-0.147979940353532	-0.0216936809339322
-0.00517159041181563	0.896502148740222	-0.0198212684407853	0.406439506343745	-0.0243124648617492
-0.00392978568709177	-0.313048878128097	-0.0170573857390458	-0.145432847810778	-0.0193194991901187
-0.00118140825937032	-0.0516468995476041	-0.017747283354613	-0.00234754047102043	-0.0077272997579241
-0.00171440515004342	-0.124090462820905	0.00973599511072115	-0.0159443818733574	0.0572385584352937
-0.0019920124111777	0.0196461974842601	-0.00978887167087919	-0.0528386517540621	-0.024094973544367
-0.00475228357059795	-0.124323176431613	-0.0144290621000713	-0.0115160887783381	0.0632871298901832
-0.00420996286444055	0.0353559246781675	-0.0189311338526681	0.0689911437643785	-0.022827878209169
-0.00284487589835649	-0.144576459387683	-0.0227228319044423	-0.009269047398988	0.0506239479709215
-0.00457185453231246	0.0531329187645514	-0.0127122782933417	0.0101192517774016	-0.0178620373476047
-0.00282881462836371	0.118428731960174	-0.016260640730392	-0.102785812857884	0.0333035211364198
-0.000423585264917053	0.0647958406153733	0.0830019128073881	-0.0206488383712149	-0.0198549236092459
0.0116659526683967	-0.181882860999564	0.0273446916158143	0.0147499563840998	-0.00899773375133565
0.000358938041691313	-0.102171373475909	-0.0119873085731376	0.00927405175377558	-0.000991183132568909
-0.00334820539506621	-0.228415849696961	-0.0230769489090221	-0.094538567907127	0.0342715850866744
-0.00284039469438673	-0.200245324570624	0.118966103489179	0.0404541717145569	-0.0197241731780474
-0.00343117046300445	0.279940393602509	-0.0186063091677414	0.10440681566487	-0.024732571637676
-0.0016506977911136	0.0075640807303007	0.00236828184942676	0.00825987134561368	-0.0218193861064549
-0.00443017661075211	0.13989365948043	-0.0205832467720111	-0.147260872070681	-0.0206487715731157
-0.00652353181861127	-0.184554858334254	-0.0232768851368765	-0.0397118490582267	0.0295067136805998
-0.00493832702714257	0.383613294654325	-0.0200790676728693	0.0307716002035327	-0.0253986721877411
-0.00282406684753719	-0.0400836652252278	-0.0263054168006859	-0.017562271223005	-0.0269673830910389
-0.00424058448282492	-0.0481410779652536	-0.0231546848321327	0.0431121816490613	-0.0199893703610683
-0.00469996307882414	0.266270374964742	0.135810170679806	-0.00204693878667626	-0.0261668490678244
-0.00448248365705774	0.210563802165175	-0.018672564082462	-0.0281661323115667	-0.0200741365005445
-0.0026253731142933	-0.129351311533598	-0.0140559606970792	0.240349783170501	-0.023830339424894
-0.00285502794998455	-0.302539577168053	-0.0158412167841824	0.0019714459705228	-0.0252197871552281
-0.00184523217765828	-0.197505300393895	0.031567501244372	-0.0156440975244654	0.0276609307814605
-0.00353964391061436	0.159675238817015	-0.0176338189767267	-0.131125416930389	-0.0277006188938251
-0.00207743922168663	0.0946813816837643	-0.0135064868965998	-0.00159484922741924	-0.0235030896979029
-0.000955351056483157	0.0944919522418374	-0.0207894764947055	-0.0952375248100293	-0.0228994593158251
-0.00179725212622113	0.095859205736665	-0.0299879372639926	0.0964936731339875	-0.0210878576675156
-0.00428383964424126	-0.361470803038293	-0.0226956174615487	-0.159954757452881	-0.0256263626684108
-0.00190739449174564	0.24739863904846	-0.0223248485826581	-0.0181096186681331	0.0234724165974425
-0.00186768275290852	0.133471059693574	-0.0109086857095561	0.0398379846737193	-0.0182497876824405
-0.00248418225705912	0.281381662992637	0.0921739176420478	-0.0187598231647045	-0.0194512545585129
-0.00548429191947463	-0.000394830517983829	-0.0143529922281721	0.201930910087833	-0.024575840218849
-0.00213425990362297	0.136802461074936	-0.0199072837518438	-0.147224697796804	-0.0218079596565275
-0.00252009499280509	0.074811780149031	-0.0189794883512705	-0.0513754036597098	0.0894431890779683
-0.00344525641175889	-0.324992593591536	-0.0143239552899535	-0.127559709132075	-0.0194274800152859
-0.00300265376565428	-0.0346876709789104	-0.022147705718062	-0.0633429360601351	-0.022950968427756
-0.00396122494468089	-0.265082829712562	-0.0155910597502921	-0.00509915150954575	0.00843881559556737
-0.00462578366712775	-0.231217522232212	0.0533532239936492	-0.173020861799772	-0.0292614598094627
-0.00458578300887025	0.0523543188678967	-0.0111130651079425	0.0133504740778319	0.00539915849131226
-0.00167129927748761	0.233612028846557	-0.0214351859204076	0.04299001790721	0.0376335865862236
-0.00505435595629829	-0.343824267382668	-0.00995053158586733	-0.16951015639695	-0.0264241760317902
-0.00409790045932703	0.104665171940276	-0.0153560396926395	0.118806559119201	0.0780571862890273
-0.00458120283018433	-0.237456328679934	-0.0180823994294051	-0.15290138929939	-0.0248085419884396
0.00108199012836135	-0.149013589301962	-0.0178753463827313	0.00131358488913117	0.00984437536853826
-0.00379373037235459	-0.325608455220562	-0.0179886267690315	0.0653276645407597	-0.0267802166071358
-0.00211000812314634	-0.292274551526689	-0.020080284099943	-0.143912773499558	-0.0246467740658297
-0.00635793541836134	-0.313068338465368	-0.00466493666227094	-0.173946955627557	-0.0272083178777713
-0.0031882245893458	2.06878233176677	-0.0238580217536704	-0.138927374075295	-0.020025417927551
-0.00506801215329165	0.0341480950077573	-0.00572138530683282	-0.0837245455703041	0.0362231185782912
0.00939681227914669	-0.0274225858382884	-0.00288112313713401	0.0209861979673084	-0.0158864154220701
-0.00542672522327883	-0.0694997031293131	0.0201970025688882	-0.106881268088035	0.015115433537337
-0.00302277233923716	0.133503801131486	0.00739017334352112	-0.04519863372362	-0.0213710606120761
-0.00467600128710661	-0.0818733751966514	-0.00493009516507325	-0.0606473610355804	-0.0120678598022623
-0.00382393142550955	-0.159975514963935	0.0112492531158248	-0.0650984646920009	0.00101585112903328
-7.645601609128e-05	0.102200884764985	-0.0182123501447017	-0.0432420971718916	-0.0135892086740608
-0.00332438437820121	-0.205574765625264	0.0183728767025346	-0.13024068172398	0.0704841821011655
-0.00479391218577657	0.0435756395935503	0.00514354508084434	-0.0531807516760552	-0.0249418530808786
-0.00359664618084544	-0.292241926138776	-0.00952194839132373	-0.129976898487748	-0.0143537446694983
-0.00492802414653933	0.0160472904846941	-0.00597573102486703	-0.0814696763110968	-0.0241412670043992
-0.00293828289205946	-0.169635989265336	-0.0204603702756096	0.00138465941077108	-0.0259787462260806
-0.00150755138943637	-0.127010039510558	-0.00973653779168018	0.01530502550668	-0.0214135349422818
-0.00408442429893739	-0.0750915307243625	-0.0157433272009793	0.143388271693704	0.0881056186558482
0.00605526014079224	-0.102500051698331	-0.0231393760769383	0.00898904622189558	-0.0161069921153525
-0.000573829110112366	0.13981136464288	-0.0225181111013742	-0.0012651130881793	0.00171710499376568
-0.00351159952603894	0.183730881794095	-0.0207384793366386	-0.144546063741652	-0.0197377039468029
-0.00609186265292979	0.173063432473669	-0.00841918388726847	-0.0699147504191805	0.00556795698308343
-0.00457021305754051	-0.0361095397318024	0.0522326784875973	-0.0319382023196499	0.00169200138239641
0.000112109727500349	0.0293086087055073	0.0223876419244798	-0.0621468315140714	0.0296949099952398
-0.00235677691163715	0.152157629206757	-0.0187858778068347	-0.0459569952532348	0.0490159978633746
-0.00255976676823344	-0.198418803254829	0.0151049961434799	0.000486220062703427	0.137532182204308
-0.0041198819139558	0.257091009643277	0.0105699634886126	0.079786793876776	0.0413787594408087
-0.00387242202566796	0.113658147652806	-0.0136946722618604	0.33964757432894	0.164364117847027
-0.00370929453104519	0.125142084901677	-0.0136514857815709	0.00228185419327814	-0.0165057003453164
-0.00132135961507393	0.287585722593405	0.0382583811134549	-0.0448734533908563	0.0361290766108428
-0.00185718999127145	-0.292332218828236	0.0492188753978723	-0.0400505606798711	0.0442395422719931
-0.00307747690386569	-0.0505397499260829	-0.0141192097191123	-0.0526942948072182	0.0195979903604445
-0.00287159704572445	-0.03161781585347	-0.00941850001160459	0.0177838068474248	0.0294032444005519
-0.000691226002411267	-0.0577782700971437	-0.0279377344146018	0.077535841979123	-0.023757109000364
-0.00526975263366668	0.0687608261290122	-0.00815141505774106	0.00691477662999744	0.0199262096741955
-0.00266310838699619	0.359321846679899	0.0204989799538701	0.00446685309755858	0.000439051537668323
-0.00287805575836203	0.179326432525805	0.2687958313897	-0.159737467329187	-0.0261661002399612
-0.00250853236679288	0.106818540562015	-0.0189414383299517	0.0956302360479046	-0.0217760082944922
-0.00464400273615298	1.30733952576615	-0.0144012054688637	-0.164330186175694	-0.0251983466552697
-0.000770457552258718	-0.0990186510979763	-0.00944982964260071	0.0942802144127978	-0.0235140989428236
-0.00328826028161281	0.354906824667892	1.14271623089463	0.238424254028715	-0.0279968549799846
-0.0031804406299599	0.0949341792361636	-0.012069829321442	-0.0596033138575337	0.0310751497133935
-0.0053156479468315	0.104728333362181	-0.0156838071700682	-0.0473865120353989	-0.02810897537042
-0.0026451306150018	0.809040086143982	-0.0132740276282679	-0.147798382223506	-0.0192794951307657
-0.00207575689508757	0.0160593378624241	0.14111580338157	-0.0839683121891396	-0.0221497821042023
-0.00253585410066519	0.0619017678917627	-0.015490575647178	0.0432525599817491	0.0218778105610361
-0.00552524899073387	0.027745982371014	-0.00502748637332632	0.112971101797712	-0.0257546553383562
-0.000928710783983035	0.139381722858704	-0.0231321678841768	0.0879581243220651	-0.0214297712223632
-0.00256320192348864	-0.0418368075568899	-0.0220915089523532	-0.0435552343008377	-0.0186710603045058
-0.0040833463360947	0.474963680501431	-0.0162690719542981	0.0184268374543227	-0.027856164254564
-0.00351047133547838	0.153158339053792	0.115657330366414	0.0834717421405989	0.104358559932463
-0.00480445503295576	0.0448776751670105	-0.0150011544601977	-0.026217093936911	0.0659267416880251
-0.00427576756245532	-0.335009214656665	-0.0164736291528279	-0.145656717532377	-0.0186629394488667
-0.00514117718230984	-0.00387564777380808	-0.0169964857459713	-0.0288101649167983	-0.00781006114699573
-0.00582930037693113	0.305739588983999	-0.0184310993570217	0.26769668907596	-0.022019473339304
-0.00363311864832259	0.211417453821717	0.0196635562823731	-0.0436227091044042	-0.0215532189153481
-0.0036539861812495	0.161370908684324	-0.0241710006332729	0.145229327303873	0.130449839322436
-0.00236078127833613	0.144372918451327	-0.0156192848082833	-0.152640575506542	-0.0200892198318533
-0.00338756907800622	-0.0154078110117752	-0.0103420305332987	-0.0481514111730128	0.000665477122951287
-0.00428941028265079	-0.159545286227493	-0.0202072055133031	-0.0158183409176862	0.00420701191810582
-0.00555951318612539	-0.10133069421618	-0.0120494825428823	-0.0558591909180564	0.00371503097435593
0.00510398734067351	-0.00853274651372287	-0.024075507730515	-0.0535303593478506	-0.00798283486675311
0.00076584814496163	0.185236595803176	-0.00571192164509413	-0.018935054087012	0.0136570227816597
-0.00297627051963147	0.0222402230220908	-0.015288489247582	-0.07987810894241	-0.020119550237035
-0.00504749189550642	-0.0901026459358311	-0.0244744924498113	0.0198875088263726	-0.0103853668800927
-0.005862583409929	-0.159582268935136	-0.0159296941859961	0.0334759101354011	0.000852842397680345
-0.00249723886672141	-0.0360615804262123	-0.0145249926466727	0.11264037087196	-0.0207855326351874
-0.0045331038266845	-0.0356189263945116	-0.0148555937237232	0.105916841071649	0.0459508163804998
-0.00675297818454056	0.0609012269525042	-0.0208064219848847	-0.0716743191479543	0.0865667367272329
-0.00340149677258195	-0.145927056877381	0.0140174472863865	0.0788539982015829	0.0371375240517128
-0.00451628992446631	-0.199468765689483	-0.0188617371484486	-0.156978017891437	-0.0247875830826673
-0.00442849912959349	0.492055382283556	0.0675533761608291	-0.0596140510029835	-0.0211734199063132
-0.00430327755062805	-0.0182365176155994	-0.0215326631257352	0.00302518570644009	0.0131183548325716
-0.00270021171899175	-0.0185395435284198	-0.013022839496495	0.0552617457668456	0.0110798400744058
0.00640123603697185	0.117637772552067	0.00423661265592256	0.0225640857497721	0.00598632394967392
-0.00127012173070616	-0.0410788770462306	-0.00676239718202166	0.00702839709847156	0.0140773442036078
-0.00717595550254008	0.314100093768191	-0.0107621520319182	-0.0610633478642458	-0.00603945698957361
-0.00246426158443041	-0.110811852322725	-0.0152892838857171	-0.0607173482721264	-0.00125538478623553
-0.00590658868975153	-0.0101843476402335	0.0118662272096565	0.0193749452488107	-0.00351217657023889
-0.00186653687942	0.0719849457335789	-0.0155899190805599	-0.0652705436508652	-0.0245239669931386
-0.00530213823415618	0.0368288125259073	-0.0157206547424666	0.0931200842727359	0.00921381864336069
-0.00306676127902207	0.274723276267919	-0.013004813179835	-0.0668287761443834	-0.026507048819663
-0.00583897845116802	-0.00434765191192453	-0.0179724107921764	-0.021645550092392	0.00291307242086319
-0.00424922172125067	-0.140057272034286	-0.0186825566210617	0.00423169443205888	-0.0270385575987539
-0.0027764361841027	-0.0937816779678362	0.0162433531221195	-0.0134609701442875	0.0162817100497792
-0.00598734644766734	-0.0229634409232593	-0.0135079081850303	0.176949990677234	0.158237009971969
-0.00181463009016739	-0.122629132831055	0.0188116623796643	0.150498897696273	-0.0206803228116157
-0.00243219469322149	0.138244557935074	0.0117317645973939	-0.0504042293929718	0.00644698180315262
-0.00264393499550103	-0.291206608423827	-0.0126110239338664	-0.121140500278171	-0.0144372955021237
-0.00485693900239781	-0.051226045709195	0.0670733307865748	0.0205734888574509	-0.0259195297153519
-0.00426292803209137	0.262603467526034	-0.013247753809764	0.0561890443394215	-0.0256739652734489
-0.00380005167493536	0.0904257674305746	-0.0202317526136918	0.0164013893371286	-0.00708706201409951
-0.00471135388500533	-0.0461482545076797	-0.0168386868260362	-0.0558988685584317	0.0260624552506481
-0.000585711051861596	0.0553131976198437	0.0204699937059565	0.0260551023689411	0.0238924059340495
-0.00264577449377956	0.257947226117511	-0.00730944277209898	0.00246988205334868	-0.0220389517392989
-0.00160876964315843	0.358173348374382	0.226703049438974	-0.00621763077425417	0.0170194809430901
-0.00173449989396168	0.0242025204366501	-0.0175452199161086	-0.052863315535173	-0.00567854970232125
-0.00145685170254181	0.0807803449714105	0.0218502099431684	0.0724084425140138	0.0496587768383007
-0.00437024851167568	-0.0613314409523696	-0.0226264801413737	-0.0914788023351077	0.0302221429116449
0.00887896736510458	-0.0261243943228027	0.00801461678665281	0.00840175033678418	0.0377768320191593
-0.00533458473321784	0.250000675297652	-0.0220660147971519	0.0574126071023397	-0.0244173201744214
0.0159375284506981	0.150698837496113	-0.0187405568453972	0.0181470882835317	-0.00615720441407784
-0.00404022001786402	0.44532479135912	0.396389813670718	-0.0389299842987126	0.0636402318492532
-0.00539654920367806	0.178526306663946	-0.0165766758594557	0.208204240977201	-0.0278047621076986
0.0212388700546179	0.0741325186450209	-0.0144877833437329	0.0707929289465134	0.0147294915642689
-0.000957683483771009	0.233412629120361	0.011002192315459	-0.0171507527358902	0.0074667919485158
-0.00214226364623254	0.275752692785804	0.014469599166887	-0.0718469688793929	-0.0227527362431835
-0.00574360981304849	0.253098642896696	0.0726777801250716	-0.0985887406128708	0.0629065277451079
-0.00220362373462214	0.581756797731771	0.00388736234905719	0.0662127743246781	0.0160576873778927
-0.00255580843436202	0.0230686289544483	0.0494370114999996	0.100875124852177	-0.0212578910642477
-0.00428399189994405	-0.0529125103190594	-0.0155774372420998	-0.0407727623460414	0.000784786860487601
-0.00299923993899972	0.0459984486015739	-0.0134276345208625	-0.0809498061794778	-0.0213957899856503
-0.00278986703268144	-0.180479627407879	-0.0219972871772355	-0.00243390999887225	-0.0231587132231731
-0.00520660269867488	0.465213796919632	-0.0125845765296709	0.0714763413736232	-0.023032067641639
-0.00156330676020983	0.0525650325770622	-0.0258544151024571	0.0179242145209779	-0.0209368672413385
-0.00430235303092334	0.474069185151275	0.119912716889591	0.0353869007105407	0.0425302528596924
-0.00562051196750059	-0.148651996941509	-0.023489939245773	-0.0314813680788297	-0.0233885308569482
-0.000649181031824092	-0.181149192845941	-0.0218450350508314	-0.0501863508176373	-0.0130541205436971
-0.00346848039110573	0.274794114185575	0.236253208004383	-0.0451027371519741	-0.0277007872639925
0.0757753916985883	-0.168693924673954	-0.0125915763858543	-0.0906593256230452	-0.0283330522855444
-0.000845546348307087	-0.0914093125091081	-0.0150950842087814	-0.147542455840725	-0.0198010490352383
-0.00295213428707508	0.0131128144266706	-0.0167448033789779	0.0445476081616245	-0.01526486041791
-0.00453525096635632	0.122043155383142	-0.0162423863949985	0.220636629972939	-0.0192354491057701
-0.00360108763173766	0.341382880966904	0.0555414310636221	-0.0757658573939335	-0.0204706949672391
-0.00543967202557588	-0.152300362057854	-0.0178185871421412	0.064077697708872	-0.026371104016493
-0.00483764864144438	0.192316999236536	0.0453551035516773	0.103350151535401	0.00858106876827217
-0.00546775188307603	-0.0123749975508612	-0.0106384445650093	-0.0328064382063612	-0.0269916480127242
-0.00389645069780955	0.0506485796169715	-0.011634141569459	0.0197011411190159	-0.0116615833498988
-0.00428371897582913	-0.0308944751480183	0.0544251310171135	-0.0153701642050025	-0.0223775430490012
-0.00265769709093866	0.00990955542529616	-0.0204209344208276	-0.0310736589907023	-0.0177685163807779
-0.00465926641589387	-0.0312753160804828	-0.0237179611376045	-0.0749581580970794	-0.0267997286187853
-0.00387368580681724	-0.179846108303411	-0.0178931414006087	0.000399406042285802	-0.0276151292290241
0.0269824821674762	-0.0754741872185051	0.151068619235575	-0.118554958172117	-0.00126646299598996
0.023462401581078	0.287674226255507	0.0309836116555646	0.0660118035348435	0.00133239411721
-0.00219766042419936	0.112071433636026	-0.023199846236545	-0.0136476627250626	-0.0264488458669604
-0.00539010300462136	0.0727171644060646	-0.0189660255982612	0.178834088395611	-0.0269731987993224
0.0918012126457026	0.548082514577826	-0.0187665310653007	0.0285001317140579	0.0754644829608326
-0.00292326997364872	0.126933687297708	0.0575991765163543	-0.0780765210451034	-0.0259643805707482
-0.00381492667869816	-0.142867524911281	0.0512808789255455	-0.00726919819982758	0.0335508856712516
-0.00270860361526346	0.376513758366904	-0.0131902518325509	0.102051201506798	-0.0220716279571963
-0.00251500898942602	0.302844726238935	-0.0130483151962313	-0.0173884765248976	-0.0213629878397372
-0.0052671007682152	0.133831009308669	-0.0152538724945109	0.026149220101879	-0.0200309262415485
-0.00408775280265941	0.722296146984429	-0.013208718584921	-0.0398733853380356	-0.0201348335494409
-0.00455686380572197	-0.01512962246451	-0.0103146851932251	0.045979230981747	-0.01824736838119
-0.00206574638670583	0.135625404446168	-0.0197017639614227	0.167729938841961	0.0434201220808829
-0.00272964460323161	0.0527815010378972	0.000634336556960177	0.119984026004142	-0.00308793652185205
0.0429370414924408	0.0823560871629485	-0.0145360939066721	0.0754791714261896	0.0633035528381573
-0.00575706206526258	-0.0701786360963035	-0.0144023698806773	-0.0137843778169026	0.0130007104353675
-0.00406979559114584	-0.127334487442811	0.0434425282774676	0.0236000156704146	-0.0198131537531406
-0.00306547829863899	-0.351666269953946	-0.0180333859931978	0.245618356662526	-0.0253768358065412
-0.00182589879756594	0.32355624223031	-0.0156788918479098	0.137900511478511	-0.0208766872252624
-0.00206608525372961	0.244065604904792	-0.01811614599906	-0.000559433350976799	-0.00832343475312121
-0.0024341896618179	0.356142569005725	0.0173464949523718	-0.0236514612734162	-0.0284374586786169
-0.000579034394211278	0.0253126661537394	0.00700913511473312	0.00875689250228155	-0.00939834257695545
0.00583447959332645	0.129660335806458	-0.0152180512855589	0.0121845755626448	-0.00144746902448136
-0.0036807226738761	0.0702805029742032	-0.00768645772913591	0.0298325839458825	6.02521427008905e-05
-0.00246082506400107	0.016606323435711	-0.0246474879358752	-0.0425411443035684	-0.00380424690089523
-0.00338579494205904	0.235475663805953	-0.0127949052728963	0.0895769965852001	0.0348232602571372
-0.00410750118157324	0.40207945911316	0.00430477101985649	0.0550991418343792	0.00999198878923198
0.0100119660385107	-0.195450104472258	-0.00304097440587889	-0.067716915458682	-0.0117388461122246
0.0336821027165407	-0.237833786271046	0.0892575553834235	0.106116683801384	0.0570105495279623
-0.00193376742958111	0.0946610986907245	-0.0191251811208736	-0.058553204586643	-0.0161600866139556
0.00129277884004465	0.280283733575689	-0.0173763228326194	0.181481533404604	-0.0215068299325678
0.0165269341381457	0.115945513302002	-0.00147464603180539	0.036349669274134	-0.00957980784038608
-0.0015333723239703	-0.199216971117919	-0.00894334504406015	0.129856941036747	-0.0239643981299271
-0.00162022873656476	0.0293379483719041	-0.0119786763848399	0.0504707629766853	-0.00718357203769307
-0.00558686657908768	-0.00458965980679616	-0.0103662319926383	-0.00931547436001387	0.0697004638375252
0.0187014179688158	0.270854722858649	-0.00263246399998175	0.0860257784871896	0.00929478885481166
-0.00482926226075844	-0.192135584662719	-0.0193587579323231	0.0674388356362184	-0.02345702406818
-0.00236340830314772	0.398382537317161	0.0909729178868619	-0.101084371438947	0.084404516074799
-0.00438776773369162	0.203205384599609	-0.0214531169192474	-0.045710544834355	-0.0274742340004326
-0.00600825827081612	0.253802023893861	0.00067856234676597	0.0295886777196061	0.0651593955053157
-0.00564262680789999	-0.137641997142288	-0.0241258860994401	-0.143050033589687	-0.0245535320323628
-0.000677234128443659	-0.288968775067097	-0.0178992427135323	0.0106821624717662	-0.0234168142254158
-0.00679274566731154	0.42037661450905	-0.0180383178967883	0.0201714205213029	0.065344795255475
-0.00329763600338434	0.313038060588367	-0.0264838259108227	-0.0431587027484747	0.0294662756019993
-0.00410956134691188	-0.163963200816121	0.0597753927539724	0.0696442222241213	-0.0213631770816957
-0.00257825332497224	0.750419089080378	-0.0290941313283841	0.0115559296678142	-0.0220929963314766
-0.00364829532390901	0.0556772742016415	-0.0197314973038871	0.245383261803421	-0.0273478802608981
-0.00372621394191266	0.14994017588234	-0.0219519743574769	0.00407935006085513	-0.0264603497898263
-0.00118467311524521	0.158155079449984	-0.0241640099033732	-0.032988782014088	0.0186515042199387
-0.00206115309017056	0.137814594905369	-0.0159429604114914	-0.0975776631841739	-0.0301675176531112
-0.00426354727228078	-0.0451545405368227	-0.0164108686437695	0.140733939874425	0.486529593083143
-0.000946768795249584	0.0306601052056834	-0.000550102570680441	0.0921974250288001	0.0261177551892364
-0.00288628498248331	-0.0890478423715578	0.14595328775854	-0.0056542836707652	0.0680513174119263
-0.00539542548111202	0.0159737335492288	-0.0241634702053965	0.160163565033572	-0.022230467947349
-0.00330427436964971	0.096239766266997	-0.0197261184603066	0.0445151228989713	0.016197641064461
-0.00416332954808094	0.190386552269996	-0.0183941424302214	-0.0353761870608701	-0.0255364048774231
-0.00530835331611961	-0.0790416506657396	-0.0146411739681095	-0.135982572440864	-0.0198817757618641
-0.00498463632698352	-0.334134501689629	-0.0111032427637407	0.233045901160196	-0.0268773620976836
-0.0029059264028873	0.778983373109078	-0.0170999016936472	0.54151548100887	-0.0194358310155736
-0.00349138642052821	1.24778203764034	-0.0150445059058469	0.134885448059409	-0.0207016539759268
-0.00317143648013748	-0.323996457348029	-0.0169432048137707	-0.155645396789193	-0.0266914239508518
-0.00299500892446671	-0.0754533089793081	-0.0180824625871868	-0.0152661224127936	-0.0158039880016047
-0.00448594051541194	0.258837455457056	-0.0165379285719101	0.0622089057841297	0.0217765549130442
-0.00520377750668253	0.0673108938196178	-0.0117284913995984	-0.0886320144793693	0.0314293843577162
-0.00331959061612355	-0.032850409507453	-0.0198999467881687	-0.012079254981454	0.0511317788334385
-0.00307016455412699	0.180625983905987	0.152155752824047	-0.055156765659682	0.0436682081441734
-0.00229124222506316	0.154362973336328	-0.0235377303754506	0.0958132459888487	0.0124101828521715
-0.00449825535632736	0.0300368586224023	0.00316996612443348	-0.0291394470876188	0.0259884524651045
-0.0043598465120545	-0.261076021110018	-0.0224847447661304	0.0172035214897395	0.0613746306406908
-0.00441590109477065	0.00919109273903811	0.033547299679102	-0.0406340648454974	-0.0231902016242705
-0.00554260988881828	0.363621085364018	-0.0198052013237539	-0.00317228384996431	-0.0211966453324929
-0.00132515495297086	-0.0225624716886091	-0.0119460159334054	0.00921011319593517	0.0818278051524751
-0.00231488462254237	-0.0141863947977086	-0.0187193269056723	0.0241853827859403	0.0381146058936263
-0.00205420367565172	-0.312690893773059	-0.0143651977665986	-0.131195849925302	-0.0203819496638425
0.00892523499632426	0.769608304019893	0.0237908143120395	0.115709367624767	-0.00857905559699099
-0.00493220999873903	-0.357219985513222	-0.0191955342610617	0.0958311693876634	-0.0148481316289107
-0.00305195191775205	-0.0349821580883387	-0.00991466067500352	-0.130183269214491	-0.0182146231324603
-0.00248527332815528	-0.303591276981263	0.16031908433703	0.0451137258659796	-0.0232731909486458
0.0818312718506181	-0.00356439704439115	-0.0157189254819515	-0.0485456831110541	-0.0196883576489408
-0.00459515885707491	-0.371110119241752	-0.0188810058020153	-0.162623154832481	-0.026537979990226
-0.00267197228381425	-0.338300722241489	-0.0166007112413826	-0.171332999696232	-0.027131770500877
-0.00294375440735197	-0.299593748001713	-0.0174711436682672	0.120407929517755	-0.0295861662168231
-0.00229390695395547	-0.278221393008567	-0.0126364683441908	-0.133710693484747	-0.021711566453909
-0.00257813670230454	0.0912791917468672	-0.0165625024016762	0.252364354616478	0.197212854885197
-0.00267964377758021	0.395965405110906	-0.0144271333605676	-0.156023490268862	-0.0263037011405373
-0.00429511932200934	-0.329163159024849	-0.0197346610287817	0.554445203653305	-0.0183767778713336
-0.0030309567563411	0.0468852237116981	-0.0196778770823317	-0.014885619306367	-0.0267350527388408
-0.00139999761659495	0.00261458599940819	-0.0155874344232733	0.257136849379974	-0.019860376062778
-0.00674635973648772	0.344756013526878	0.106621082934483	0.170477823162086	-0.0174378239621888
-0.0033281391606287	-0.327271539518492	-0.0179197673043177	0.3734124160837	-0.0159967111876415
-0.00301555141932756	0.0615861116977809	-0.019904380668291	0.129239155302273	0.0774377992528485
-0.00249818525582219	-0.0613913040968357	-0.0232933780026846	0.0528637846597932	-0.0239930617623717
-0.00151609389270877	-0.0477896307452461	-0.0215073217957711	-0.15648880509478	0.106696589401646
-0.0009063032112967	0.0801634242798169	-0.0162905585658409	-0.126924550523041	-0.0168926200511243
-0.00427213172826583	-0.191851118862802	-0.0231789631742744	0.00481609877208124	0.0113441742128412
0.00913288578000552	0.106691580702773	-0.0206758174724742	0.0828556346566074	0.0228590190579411
-0.00537995993888829	0.0637027247625898	-0.0124138628368989	0.153940763066798	0.00819684590680876
0.0330066810037636	0.109363861123625	-0.0211371372393282	0.139303441998158	-0.0272155028893731
0.0404655134751791	-0.0100578332041839	-0.0196860743979356	0.133635987533049	0.025257146668976
-0.0044564953842051	0.321709513436659	0.316939878880251	0.152926339639958	0.00988897268151741
-0.00474097806312986	-0.146093111920304	0.0135187303098132	0.0907182623763363	-0.0230452456925944
-0.00290113266702789	0.0973866576043601	-0.0169168533124814	0.21821710456326	-0.0204322971926489
-0.00502548312736387	0.324586074502564	-0.0145213426037169	0.346626921473279	-0.0246951608628556
-0.000883171846587494	0.628539709468812	-0.0181489379892135	0.228112479988723	-0.0176146695647454
-0.00381833099235868	-0.33563636387289	-0.0135346609712267	0.304598711637222	-0.0260040068973533
-0.00313978405621599	-0.338744733876543	-0.0223709235847011	-0.152039895585459	-0.0250161393528583
-0.00258756652469954	-0.00673178652707783	-0.0235161969697931	-0.107135897106329	-0.0186443105911317
-0.0024334197503387	-0.0270966886963111	0.0140959205508174	-0.116164192601004	-0.0198272401774584
0.0135773674129157	0.118267583553556	0.0181537853517122	-0.0129374147579952	0.0243669197308116
-0.00586740437237621	-0.144387947706726	-0.0108995305891977	0.012179525176811	0.0100855527950267
-0.00314268304982914	-0.0542941216712848	-0.0196787119504285	0.0684961737629209	0.0392852307057769
-0.00273117259265096	0.0653739538581015	-0.0158576730895801	0.0872178777757246	0.0391718633106243
-0.00163882896373621	-0.105069660505141	0.0291582820838073	-0.0268220122551291	0.000953757466578675
-0.00478166128781004	0.169851176360986	-0.0165529375805707	0.0345088420135173	-0.00892399952075323
-0.00492165846760675	0.0882558101627102	0.0215118514889289	0.198806319196158	-0.0226190744045355
-0.00364233783310048	-0.0587063313910914	-0.0209756189634883	-0.115759993253528	0.0165430689337805
-0.00290692179595535	0.0897322718314454	-0.0202593621149216	-0.0804817340789715	-0.0229562804582001
-0.00237594002032991	0.0203908486845369	-0.0220867269324235	-0.0862557477644978	0.0454109949586114
-0.00414044538111457	-0.210564867206423	-0.0219621797431402	0.127337913892192	-0.0279966859790097
-0.00439634979313132	-0.17646108246449	-0.0206262941052425	0.184734301356652	-0.0246880941244836
-0.0032230284540367	0.000414503959908074	-0.0212909216109847	-0.0653159344676303	-0.0217178740072136
-0.00467625713273416	0.34117643553347	-0.0226263554070237	0.0518859907604782	-0.0243357270248377
-0.00326201947679043	-0.136067107194282	-0.0119415098702575	-0.0370390910914456	-0.02423321812106
-0.00745516621575418	-0.0662100287851106	-0.0127122734715416	0.0752217782610446	-0.0262889648126635
-0.00620705990996475	0.514632129598319	-0.0159094742865409	0.182238294947926	-0.0240038007351087
-0.00363935795357532	0.183245332284134	-0.0185512098611973	0.0424985191369688	-0.0182186517444403
-0.00304207346597824	0.54026942184861	-0.0114221507899533	-0.13102798952717	-0.0199098554799492
-0.00285545282605616	-0.0384383721373384	-0.0141501203289737	0.049791244353429	-0.0212113811607099
-0.00287213472931733	-0.313841293466525	-0.0215562977236351	-0.0177833711188279	-0.0262960925714837
-0.00257261356503673	0.00735291265891917	-0.0143953788648401	0.16332455731235	0.0667783890194934
-0.0015730560793494	0.10561989350582	-0.0157015134428357	-0.177205028651948	0.662988486334602
-0.00318879756362149	0.105685768299189	-0.0236024274942277	0.194451152545082	0.0350036535307057
-0.00415165483533997	0.37741915378506	-0.0188848070148824	0.038866347349661	-0.0208491895267071
-0.0043156459650199	-0.241823867699042	-0.0211263950360728	0.138453792354642	-0.0255499322290789
-0.00387993087588458	0.112362846419001	-0.0217044070575274	0.13082609842261	-0.0269151443943668
-0.00494191082074478	0.043727470338762	-0.012598516281593	0.015202590451558	0.0375934881952132
-0.00226185606227984	-0.0916085711474914	-0.0233288044622047	-0.0446255350475227	-0.0208577283442265
-0.00345110699157054	-0.0429990989023315	-0.0157189389695494	0.127211220377013	-0.026950976223521
0.126972163669202	-0.200633684083644	-0.0077277554442538	-0.0348198642362322	-0.0256584360674258
-0.00349297036102782	-0.22581140179434	-0.0197699840310333	-0.0357918313614593	0.0380798345036729
-0.00213489500962886	-0.118945621473587	-0.0153040450345459	0.183853269068943	-0.0200838992168952
-0.00243427490600344	-0.318800176928619	-0.0128344980851548	-0.17230363843732	-0.0277809221411055
-0.00543261268963751	-0.35284901628234	-0.015069813836402	-0.148988230418127	-0.0227226943291294
-0.00398214160537339	0.327593004016022	-0.0230714659546885	-0.14888098505001	-0.0250725648276136
-0.00441953299701735	0.366989794427293	-0.0212015231581232	-0.149252389277094	0.671563705457618
-0.00292225507866317	-0.0778570627973033	0.0741963574220704	0.0754989551153197	0.0738252707151724
-0.00392188886282344	0.408821138707753	0.0074757728050111	-0.025022635108113	-0.00635225981588595
-0.00265090398869271	0.124829594168133	-0.00686375588028733	-0.0839583467816371	-0.00361718295843697
-0.00607212017488438	0.0117495508728098	-0.0180164419950869	0.0260417812718507	-0.0200447250985428
-0.00429862405692993	-0.0196828683867137	-0.0127171767265777	0.13255616248934	-0.0203983417570741
-0.00219297020871703	0.0908135875322235	-0.0135630948235629	-0.0618841993012453	0.120821560415642
-0.00469846138362953	0.0714075700929331	0.00737913763065909	-0.115584272226437	-0.00879228502249415
-0.0014186090550951	-0.179587001211026	-0.0166705087366997	0.100497318968325	-0.0207336142068972
-0.00243085665822106	-0.0641547618991268	-0.0160673641543068	0.168629771810331	0.0364799297597947
-0.00465918138561952	-0.225735220298431	-0.0190431349283096	-0.108741569562478	-0.025709239023082
-0.00396159972978111	0.47385222143282	-0.0194981475692924	0.0612532461186998	0.196411196010506
-0.00237088645755106	-0.304730569778262	-0.0196728308858471	-0.128139845639471	-0.0213336555000999
-0.00384857446450073	0.0953620616387891	-0.022329039360772	0.136314714213761	-0.0231466205009506
-0.000872184582500949	0.19166474031632	0.0171562539536452	0.0341051711867919	0.0144713196354584
-0.00191118877628571	0.0811386398186264	-0.030686826204755	0.0105626631442852	0.0194220086940212
-0.00326187213884148	0.107478323238488	-0.0259340850327851	-0.0154772245869287	-0.0222274443722845
-0.0014707639476976	-0.0339739649201883	0.0183876126226423	-0.0144655221021298	0.0370415784903875
-0.0046489881359923	0.0736788884040452	-0.0203352563944303	0.153681832222389	0.0615380454657014
-0.00402642579730152	0.861128179786221	-0.0217628077114102	0.0203622159904786	-0.0170413706523097
-0.00522620689762591	-0.264169191388972	-0.0213584722484263	-0.0511033583011827	-0.0186208181767285
-0.0055368671990271	0.0242399716130204	0.0578711019672942	-0.177843326780568	-0.0279054850195797
-0.00507509430244823	-0.025419194260727	-0.0122643925652425	-0.161991550210255	-0.0252259446956295
-0.00391907214521278	0.0729528198929182	-0.0169693023767961	-0.0475098875837028	-0.0181813676402882
0.00143124265871607	1.01127397310181	-0.0207438059792844	0.0461382786670549	-0.0145248828393249
-0.00451302437043864	0.0672377135096378	-0.0162373339227437	-0.154808228284642	-0.0249901919616814
-0.00180240551920336	-0.280816278941489	-0.00801997081541617	-0.132484757537068	-0.0202131893676028
-0.00256299537700129	-0.215940357370818	-0.0179603964698622	-0.0604540774029922	-0.000862977953109313
0.00825225017707767	-0.182047195436214	-0.00225272133292493	-0.0424332133744355	-0.00366242682846112
-0.00315614616057707	-0.0377060804164486	0.00207376197029643	-0.00752906405039306	-0.022756498964156
-0.00296620387605166	-0.100945801684619	-0.00695949340244549	-0.0966812495004806	0.0215071417030895
-0.00291230174504653	-0.030834196745918	-0.00685290041355848	0.0430869356165124	0.00042467776154101
-0.00540170251781701	-0.278769110841407	-0.0114573610158583	-0.0879418910799065	-0.015712793619252
-0.00345633714131975	0.430885179953729	-0.0177777251512162	-0.143287574749489	-0.0185303965780871
-0.00293804528289735	0.0173553177687916	-0.0122749590255029	-0.0713930302346091	0.0103319077887794
-0.00298363863511891	-0.0206690253084506	-0.0119678038516772	0.0257393427600233	-0.0197312238411894
-0.0018377204223167	0.150367456942401	-0.0225994054189841	-0.164599027474947	-0.0296039799734739
-0.00533048827508681	-0.21293157359744	-0.0120620346391519	-0.055666729085023	-0.0197651932445832
-0.0049276476670861	0.0506737053277498	-0.01181857531644	0.230751062354396	-0.0263792876390497
-0.00310095530230081	-0.162351638339177	-0.0186167355196343	-0.0183441710459681	0.0467870423814281
-0.00407838159816494	-0.113675805739242	-0.0148423945381267	-0.15664507882216	-0.0194114984126795
-0.00433884524247465	-0.0556453245397437	-0.0240588306419195	-0.144346911050179	-0.0190989715175928
-0.00376009232778626	0.142028075424466	-0.016430017730692	-0.0161664691626426	-0.0223536306121908
-0.00391824139499217	0.0110043068390673	-0.0200751913204139	-0.100346965635892	0.00541486788888999
-0.000980906905344622	-0.155995667691746	-0.00168613417117965	0.0269123206572712	0.00575310019362284
0.00370541170924146	-0.227563602408392	-0.00144241890216833	-0.0236269710763318	-0.00343638534571256
-0.00277107046401723	-0.192080229687683	-0.0164762053096178	-0.0428977678569787	0.034377954303771
-0.00267043635668885	-0.14298518787989	-0.0138962493265908	-0.11663341667931	-0.0293686577762826
-0.00439238212579473	-0.246144162918531	-0.0115764098607262	-0.160849571136653	-0.0202107218130361
-0.0038463416912617	-0.181922199826981	-0.0167552344886485	-0.0743402649301218	-0.0261649789804142
-0.00429517124717496	-0.129689619365487	-0.0202857091554951	-0.15729330070883	-0.0270771369118154
-0.00182730976264976	-0.282888049965876	-0.0205768033638171	-0.172777066529755	-0.0311165538713491
-0.00517320135994183	-0.00710135327802221	-0.015939428659925	-0.164795528176536	0.259400707056443
-0.00396084374801235	-0.323719358626768	-0.0160388839707069	0.243913627895121	-0.0275098221259026
-0.00231756704344045	-0.20797120245762	-0.0261353905268916	-0.0820381148734954	0.0074801917849044
-0.00465008709178904	-0.244813631173479	-0.0153763460263837	-0.121879933986612	0.00345380418272308
-0.00395337667352898	-0.12268663703321	-0.0171262661608999	-0.0631277997579141	-0.0201877320114805
-0.00134145400178166	-0.096288532931928	-0.0137869350792286	-0.000848883208871662	-0.0196619730352326
-0.00313427317284458	-0.15910547245189	-0.015857155664084	0.000804328006294489	-0.0294547054666805
-0.00407033124213576	-0.157459393645234	0.0221944838816653	-0.0366262229447437	-0.00389029485434544
-0.00170319591013	-0.150502481714959	-0.0126537741576159	-0.101534738416701	0.0411777479325199
-0.00305351556970194	-0.0801586441804491	-0.0240189078079004	-0.0141964101592969	-0.0266735159120303
-0.00198391860654042	0.0191273071400275	-0.0103563739768997	-0.103556844697295	-0.020793516151283
-0.000979989104869892	-0.275817890740824	-0.0271579333431389	-0.0695023767576332	-0.0256823519153731
-0.00328553167079511	-0.338129654238297	-0.017856421827087	-0.159840610983468	-0.0266040615666531
-0.00390267594833501	-0.307504999551246	-0.0240627066274402	-0.145464219011794	-0.0216663091216765
-0.002843308458049	0.267180464036554	-0.0156975373563494	0.00361673507184984	-0.0218451512036219
-0.00376465667878258	-0.0594951696976775	-0.00619876628692648	-0.0395536568008276	0.0151977988546221
-0.00294016494334845	-0.134729751753919	-0.0142020113735901	0.0183057169965581	-0.00302205686892144
-0.00163797397583208	-0.0531054476697775	-0.0143345010123968	-0.0138323868598977	-0.0250240183236616
-0.00309986692893469	-0.299817541401104	-0.0301919995275937	-0.139870351257519	-0.0222398888315537
-0.00128428138166632	-0.0574082753390441	-0.0180100601072115	0.0248624345366938	0.000990005097495463
-0.00255365766503146	-0.309833637782394	-0.0172393833778496	0.029979429945813	-0.0223750597255611
-0.00327455953977476	0.0536006982390497	-0.0183705510487878	-0.0358343319245024	-0.0211285232178732
-0.000742607884700983	-0.29259366039534	-0.0157815422139334	-0.0556334028349141	-0.0120737511273163
-0.0051719308840785	-0.361541595123429	-0.0162494846460726	0.0393255462654636	-0.0254018182537443
-0.00358551798919093	0.182683448892726	-0.0217811310732976	-0.141133718547891	-0.0237591189389566
-0.00248124656343202	-0.321094763471041	-0.0177650821324574	-0.175902901793643	-0.0299183569981481
-0.00207384819081362	-0.280814171023241	-0.0125780768946604	-0.123597976774785	-0.015180789209484
-0.00163704445635296	-0.0456480814068744	-0.0160565173918646	-0.10650197771845	-0.0202566417981267
-0.00384726440015168	0.072529535829401	0.00289235394600013	0.0746032851982121	0.000520391522936391
-0.00355490541516367	0.0372268392892985	-0.0241617596750057	-0.0752779200458479	-0.0196602760544637
-0.0016748968977238	-0.270375571440715	-0.0131570066969167	-0.0242561531417185	0.0888247565868034
-0.0016139043846725	-0.278906975959459	-0.0171192653796416	0.100710435385647	-0.0156928026385773
-0.00376611875219263	-0.0692575894731975	-0.00708907531113153	-0.0312216054811195	-0.0230795724351861
-0.00262298267004342	0.0886006891889399	-0.0282250611230052	0.25247519546978	-0.0274817977325357
-0.00494783409585383	-0.0710860004744306	0.020566862521159	-0.0698303730165579	-0.029426274271114
-0.0030971106631571	-0.241868873090779	-0.0160097504384207	0.00297220971008002	-0.0226001641017855
-0.00563396950856853	-0.155533218897328	-0.0207047705433035	-0.145678811336961	-0.0239040237280209
-0.00199202537776394	-0.0420438886441784	-0.018436158727232	-0.15774734908104	-0.0218532111235539
-0.00202462145357179	0.052164182121185	-0.0132924513332447	-0.125859535705955	-0.0154793271132495
-0.00419528522441793	-0.145308237111213	-0.0124996388315442	-0.0230427199791566	-0.0182320091391228
-0.00466299184617322	0.460578322006462	-0.0242907532471419	-0.148976300954129	-0.0257674331139173
-0.00482076762393695	0.369022293758108	-0.0191784366283138	0.188827164692692	-0.0206129224207566
-0.00590240693542726	-0.398611613220724	-0.0228856407937037	-0.147385078355188	-0.0239143230022429
-0.00410541952376053	-0.352332090079841	-0.0210428819434251	-0.14624946282542	-0.0241585684667762
-0.0035114900901878	-0.186587191462587	-0.0215925861861504	-0.15008186799011	-0.0245619306985179
-0.00069581461810984	-0.252150143621414	-0.0213359061242732	-0.127687085805279	-0.0182651085000268
-0.00207820221312254	-0.280517457784906	-0.0136816737059808	-0.13180390907174	-0.0166696827710409
-0.00308474216217514	-0.274903361979317	-0.0252872608995386	-0.151280311234717	-0.0238097449909024
-0.0024404131598203	-0.308004637576175	-0.0142276591790878	0.0888214448747111	-0.0216823506753811
-0.0034312095425917	-0.287171579167643	-0.0153615680486603	-0.157636964268632	-0.0215178607768635
-0.00241924276912836	-0.28791447626681	-0.0153250421945054	-0.00948268591592597	-0.0243339131282555
0.148684728762072	-0.306626321533899	-0.0124002947187304	0.120394348384803	-0.0277114203375075
-0.00349307265899515	-0.323277267793386	-0.0187546254138898	0.252359298330947	-0.0205154851490132
-0.00392631198756311	0.0705259143948678	-0.0144810239271875	-0.0240203311023826	-0.0210159346384874
-0.00503909107646327	0.0549216146356098	-0.0203046341539656	0.0177772047080327	-0.0254561927929904
-0.00289201821415188	0.566916693731656	0.0645395416013748	-0.121383822030631	-0.0137291548782178
-0.00368008547683877	0.123074959714699	-0.0133433316143338	0.0046641080287966	-0.0188755961554992
-0.00613013023563917	0.00958293182499725	-0.0166455685933788	0.0567748309106756	0.0030872833265181
0.0302635058022286	0.194633471921283	0.0188116402156725	0.0542248944369654	0.0136294098811322
-0.0029295868965671	0.366674779201627	-0.0178050964586247	-0.0845497997916467	-0.0271988678661639
-0.00157610775189145	0.202392155995418	0.00320621579089539	-0.0485495710885502	0.014563217705831
-0.00280808072229252	0.0234279648740163	0.033746599809707	0.00918462242757431	-0.0139452038478783
-0.00477800258552673	-0.164865565797619	0.0379361502204156	-0.0985031746147567	-0.0264176577670254
-0.00440782563723685	0.00332077237804871	-0.0178693196986219	0.0576307588117898	-0.0187845637960169
-0.00142214320762374	-0.0272345671515248	-0.013096603962397	-0.00332556939420164	-0.0117731567682866
-0.00583734210067509	-0.248933041790288	-0.0151909881672744	-0.147725758606006	-0.0220957026188884
-0.00498784967241799	-0.157885895131183	-0.00915066164676784	0.040928401305603	-0.0197428465911869
-0.00239129909449601	0.0384314554915786	-0.0183673717744794	0.0633195958504652	9.59873336314494e-05
-0.00398485298156785	-0.120837868547068	-0.0131621452566415	-0.0369423507662091	-0.0263412971940699
-0.00395975218808018	-0.136781558211845	-0.0095111162450709	-0.0652811923252526	-0.0253632838299322
-0.00124891285216992	-0.142520385124602	-0.0140544329815273	-0.0461157817088673	-0.0130000617540479
0.0167979921789578	-0.170612500551775	-0.0137733479279034	-0.0399515692049558	-0.0243289182637274
-0.00430015544327061	-0.298445566732149	-0.0108435929680464	-0.0506675443705199	-0.000496680235365644
-0.00201872236876515	-0.17950653307352	-0.0189709928008825	-0.0496301239295831	-0.00360403718719016
-0.00206243217539674	-0.10893855636194	-0.0142030169511399	-0.164241439117235	-0.0274937581131427
-0.00505180874027386	0.234092640649936	0.0930157410584255	-0.167364708888585	-0.0262919735465992
-0.00307537782077876	-0.252437765112715	0.000965074779371549	-0.0442640275644376	0.0150533544859822
-0.0049187723559374	-0.234978220072672	-0.0205341887474958	-0.157113910414371	-0.0249013211888265
-0.00136172250537237	0.0345926983863117	0.0235192139392256	-0.0660652816538934	-0.0243084523052832
-0.0042680655830406	-0.0278878299673713	-0.0176848068777369	-0.159129215607153	-0.0267774279807432
-0.00448040684159692	-0.0724113422867149	-0.0149423441769305	0.068164255010563	0.041346328396761
-0.00203820905442686	0.230073602590096	0.0216195928821384	-0.0516509112362829	-0.0235609724281802
-0.0048292434949072	-0.367822689413496	-0.0183184991471953	-0.137965626519076	-0.0155795325226669
-0.00297198198256906	0.0918401399884083	0.14028790800106	-0.0733113977323329	0.0199485952852568
-0.00173356505762216	0.168010098025356	-0.0134885850715684	0.0694957933460055	-0.0158896279951694
-0.00477695523841398	0.0569060630203716	-0.0147454256794686	-0.151797739683184	-0.0239326978649966
-0.00148521378178661	-0.2413921730853	-0.0163033832326084	-0.0238805856902943	0.0063531585409178
-0.00373374132627312	0.0671713142855702	0.0141737668167395	-0.0100762274952674	-0.013386789831264
-0.00323521826171723	-0.037030597613621	-0.0123636587826344	0.00945237539754541	-0.0147428243914887
-0.00227938582482846	-0.316042869124093	-0.0220152088077226	0.143455705594863	-0.0206316422507626
-0.00593389520949138	-0.406749841857254	-0.0206905428661775	-0.136899723356003	-0.0201382201174349
-0.00293083964981302	-0.321219858093951	-0.0162646403253979	-0.126239877140153	-0.0202603127906161
-0.00490914958832427	-0.314420802587958	-0.0174130090691806	-0.152425300256453	-0.0207083383958548
0.00723013311799621	-0.122227294267665	-0.012174768941005	-0.0496900655274018	-0.0219183807582515
-0.00419066296695513	0.0978213943591718	-0.0102738252062985	0.00610966734255215	-0.00677823364320425
0.0128597942541171	-0.159024185653067	-0.00522833430690179	0.032285824506365	-0.0119059561985263
-0.00322494099121249	-0.0679601890079997	-0.0125839717274621	0.0809480968263374	0.0233280141822812
-0.00231633174464829	-0.1435804310705	-0.0237023328872081	-0.0839294511273233	-0.0295139636988475
-0.00425086089442353	0.750900866797139	0.10017143090209	-0.0365803407659075	-0.0250616284634129
0.00761984914297393	-0.0559391088020788	-0.0160474529525894	-0.0533082220697849	0.00616401251149275
-0.00561712401397983	-0.0412478698047403	-0.0146849394784894	-0.0157869537923905	0.0208566431379063
0.00729990281296284	-0.215827336679365	-0.00983931113519324	0.100984997416373	-0.0182928510272
-0.00370030212138586	-0.193844095950158	-0.0248822302887921	-0.020257237673248	0.0416950974394481
-0.00225073131867085	-0.133292203353836	-0.0153292177515115	-0.0993360248091148	-0.0250471986921933
-0.00555768442372598	-0.300327413398624	-0.017935888195136	0.00433772484907859	0.0800057891112769
-0.00611436194854541	-0.045665251306729	-0.0224359036448303	0.0543423984937228	-0.00121094244356197
0.00678045925991146	-0.030168824826703	-0.0143663208904837	-0.0341825037207989	-0.0106954701586913
-0.00436921301857626	-0.114012044631569	-0.0225005101448852	0.165153761529116	0.0535842478963401
-0.00244818302178069	-0.127228139604228	-0.0170129843785542	0.025183734368189	0.0256755115082113
0.00814950399589387	-0.0454385203368648	-0.00870163399953866	-0.0420127253486313	0.01096869532574
0.00549436360477381	-0.0557132142675087	-0.0125517098345257	0.0136229112786256	0.0485631200198667
0.0212198474441015	0.0884612144185548	-0.000346852578904016	-0.00619605363835105	0.0237270543052267
-0.000706055667534146	0.1472488341491	-0.0188434067649999	-0.00882316091801789	0.0132558366764276
-0.00564068336907795	-0.118981755092639	-0.0188598319517737	-0.0658330319181547	-0.000679524388281848
-0.00489767809046731	-0.0928917642542443	-0.0217938102506718	0.0254979511552308	-0.0249740804867743
-0.00408712351797552	0.200021606306497	-0.0157327841768418	0.00966966902344181	-0.0193173508235525
0.0289942761483952	-0.156260882659025	-0.0222669153899871	-0.0543239783807188	0.00591212510190018
-0.00362807242197404	-0.221241780314366	-0.0265498361531279	0.00417635357058304	-0.0265895662040724
0.00780675139536019	0.062952801716161	-0.0190153299028553	0.0456284410489101	-0.0286735017306248
-0.00482342792104166	-0.156705925293169	-0.020758403206016	-0.0174901156997557	-0.0152228104477535
0.00339038752671609	-0.0976251971489018	-0.00143790052702371	0.103116894751839	-0.0202934802227834
-0.0037883761012566	-0.0606092481607238	0.000848233073874854	-0.09040272264455	-0.0203958293963068
-0.00338539545718244	0.153612194167834	-0.00532453848936272	0.112640728396518	0.0253099294209613
0.0103968532597362	-0.0137285129148161	-0.00400236974830943	-0.031492345119496	0.00757588481491958
0.0431328315966475	-0.205061807131592	-0.0195847861552503	-0.00519322340239638	-0.0223012105326884
-0.00079328563530089	-0.277653108450793	-0.02264338657162	-0.17190371422757	-0.0258058985866883
0.0427286655109273	-0.150334239176586	-0.0227624613191145	0.0739095999142656	-0.0187502793969967
0.0111516164629274	-0.0333710549243159	-0.000416878150707365	0.0223097597854162	-0.0186910975567952
-0.00270315373615233	-0.298120552433915	-0.0153268870586874	-0.0929730694572661	-0.0209967445633261
-0.00414237995957011	0.757081512496796	-0.0135601225691508	-0.145111489723611	-0.0225359990057064
-0.00264780388317434	0.80843426225777	-0.0169392446936791	-0.132122428344441	-0.0174471770198061
-0.00320909940232213	0.270436534261927	0.0147040874341799	-0.0253211500765659	0.0999921868334386
-0.00347921916956723	0.107812006842849	-0.0171579245032182	-0.0343491573961758	-0.0201976948741626
0.0305558739066875	-0.225284945952569	-0.0136944397599296	-0.114470016983229	0.0384997429206921
-0.00322176604122098	0.0402586679276407	-0.0188526415069421	-0.113093029837381	-0.0215522498216799
-0.00456737468271216	0.0564091418305307	-0.0103273711424936	0.0525391329406632	0.0491971518371586
-0.00258957382690157	-0.23963919650672	0.0598514593114422	0.00660487768811706	-0.0207601464413358
-0.00535374703028051	-0.16423777395044	-0.0228326634348151	0.0240427078144648	-0.0222354299743581
-0.00354765215166398	0.201782484136173	-0.0194824969127452	-0.000160894041830494	-0.0259262171721074
-0.0015017564534231	0.628342822251396	-0.0146042873641151	0.0917210182463288	-0.0159862891971493
-0.00412187664740384	-0.250697666328222	-0.0234354250305965	-0.0355247737096164	0.0781887934811584
-0.00224627946554612	-0.120370176501762	-0.0139953740666106	-0.143335370858134	-0.0238273642861734
-0.00346929822233051	-0.302424002663462	-0.014750258035672	-0.152951853825172	-0.0204658316227343
-0.00617038443732963	0.112936505898936	-0.0120696915398071	0.142283405399982	-0.0189011746077076
-0.00309644496834807	-0.111122683573949	-0.0148306927051978	0.031502647596524	0.0154411832148332
-0.00173691419327008	-0.278121511204666	-0.0180211639931149	0.201107339892052	-0.0232870392306169
-0.00488845797035219	-0.143052342638484	-0.0134829242523306	-0.0316191835002775	-0.0257517513524278
0.0157559945665792	-0.169449132137963	-0.0224143768431396	0.0143418248999889	0.00166164702617368
-0.00261690209776286	0.155809110225022	-0.0135774717941647	-0.0158371140938663	-0.0218160727857904
-0.00529969227545101	0.0628832035746853	-0.020685653635361	0.0613376152266695	0.0894580283928798
-0.00131200450684262	-0.0442479801398666	-0.0250571895826197	0.0317479784307448	-0.0182144837347961
-0.0023909594394547	-0.235592823993245	-0.0219785843763658	-0.104723120692355	-0.0254940790154453
-0.00622946884154895	0.238713343477082	-0.0176388836846725	-0.0207257525231871	-0.0221235553085949
-0.00323226214061718	-0.164296647045992	-0.0216773853704079	-0.0148040900248617	-0.021604295273208
-0.00382925785888686	-0.16415175701171	-0.0110888312964273	-0.105217678857009	-0.0232126576165993
-0.00418146136981801	-0.051323162582389	-0.0198274053325249	-0.0605301254865465	-0.0186541121433676
-0.00372115865838205	-0.228309347273283	-0.0187752786553644	0.0809234663542538	-0.0175704920156603
-0.00386987842341668	-0.088654574899621	-0.0262091495276186	-0.031897852673258	-0.0244001897100284
-0.00128635597185412	0.0372319815037304	-0.0208875621792967	0.00238410082618194	-0.00293850096261572
-0.00461036736430362	0.00862565654711614	-0.0166062308253437	-0.0672391789837684	-0.0225147423024202
-0.0033974579463767	7.52661875526708e-05	0.000837337985018648	-0.042592785386296	-0.00982602090667635
-0.00297374934754534	0.00866848168983387	-0.0110844850667596	-0.01123863320786	0.00949252254851454
0.00441260650680504	-0.128972228740275	-0.00755105859447002	0.00227429925768887	0.019666247142435
-0.00448986570591111	0.0263804250986384	-0.0104251756503111	-0.0365437697955243	-0.0240744222205167
-0.00367927838563103	-0.125574511783302	-0.0185158721019651	-0.0880229386785549	-0.0188399760673539
0.0254521499045799	0.185140048564148	-0.0138808298530019	0.0522881034900572	0.00238889907524982
-0.00124772090141464	-0.125174752172972	0.0143667663490851	-0.124471962985816	-0.0244226588747038
-0.00215280978485792	-0.236358939555028	0.126181107300993	-0.170354958590544	-0.0288579584335835
-0.00186896298728921	-0.0835392912866596	-0.0132132702866214	0.515175337892964	-0.0294906353774716
-0.00163855781052043	0.369833033956163	-0.0179149501941788	0.228352670540175	-0.0289121735492795
0.00537947705277322	-0.114902898564032	0.0060637095934759	-0.0607561422188284	-0.0241011826076377
-0.00151635613367899	0.00401548246801498	0.0157741153091647	0.00985415272697203	-0.0127774974631165
-0.0015630507129506	0.0404167013170307	0.0245519008074278	0.103252042976921	0.056488065678557
0.000678896894587224	0.0356955505284533	0.401686449125293	-0.0072009616667538	-0.0162567040814219
0.00306069253286123	-0.0660028150027952	0.0185163333609675	0.00203822967981474	-0.0106665233132304
0.00818273487341404	0.0775746447812227	0.00629381310711405	-0.0481592464418663	-0.00934686417225876
-0.00560764658238558	-0.175395399072671	0.101820898042922	0.0351886259203444	-0.0128818621749148
-0.00309692868768484	-0.126196688400754	-0.0144222547528094	-0.017388404617653	-0.0268476259169524
-0.00403270407265015	-0.0547878547266634	0.000807380676721105	-0.059199523929834	-0.0219969876552856
-0.00105576330310642	0.0729630685090486	0.148952551174431	0.122983538133182	-0.022921064633911
-0.00462150910203761	-0.00110137066335599	0.0258429478999066	0.234259019485917	-0.0267810560935455
-0.00321304841530192	0.223907179932022	-0.0205305340509711	0.0420989247338358	0.0315200395262967
-0.00440600476125807	0.341865555387502	0.846143849307413	0.0204290373151315	-0.00275944971040245
0.0115126744767927	0.0638480119792141	0.0130754676539348	-0.00672933359868305	-0.0198534706135356
-0.00391930426509895	0.135575967730301	-0.00343272599697824	0.0292245716753949	-0.0265191916562808
-0.00646523561325719	-0.195837053439935	-0.0186585717846092	0.0927147092247907	0.00548994109062732
-0.00300933187495858	-0.177777797965284	-0.0154829012434734	-0.00792577106430481	-0.00752135217619811
-0.00478726179802412	-0.179581035198596	-0.019928409883308	-0.0752170125230249	0.0289033665906804
-0.00239702743552418	-0.0615304124201688	-0.0236074795435261	-0.0118309950541976	0.0132552484799811
-0.00693573001667692	-0.150564152558965	-0.0120120042743928	0.0816116831864428	0.0206130155697155
-0.00183941097827838	0.0135000577141266	0.013346638201821	-0.0894630766041447	-0.0153043341958482
-0.00359657135977299	-0.184607694132737	0.0520897694989245	-0.00124529807041739	-0.0190948136147737
-0.0051806702148773	0.00454463873504771	-0.0107911039142089	0.006878430682986	0.0185412856598884
-0.00102281882917296	-0.00244875205738171	0.0175299429293802	0.100443042421384	0.0679090870887884
-0.0039781655535764	-0.112357784590131	-0.0150978430598642	-0.111714413941214	-0.0256127048882884
-0.00633100229766206	-0.379004858592663	-0.0198238530966356	-0.150204801101634	-0.0254629127273727
-0.00597249905106355	0.490311597743807	-0.0225679774641857	0.0338532767745267	-0.0254778424853846
0.0237363721679768	-0.138009427107383	-0.0199925464714664	-0.00209029519641975	-0.021405280837813
-0.00361164735671121	0.136262388519759	-0.0135771481391393	0.0760501185510455	-0.027193008493743
-0.00259036670220906	-0.14919762818137	-0.02640288365123	0.0805327668041977	-0.0267356140636899
-0.0013016678000455	-0.0119150608051713	-0.0169275132052023	-0.0322147152043047	-0.0249023344714039
0.0712167921101067	0.168537415437635	0.176370595659538	-0.00896162515545116	-0.0290779593857196
-0.00186048214529462	-0.29075895326175	-0.0229780268325255	-0.159707019741972	-0.0228935367009819
-0.00365779945047422	0.175048304183544	-0.021799841786738	0.127359059529736	-0.0276383409885768
-0.0034546679562997	-0.188028800671801	-0.0217139417141601	-0.0230095754935656	-0.0274741260047607
-0.00254550775530165	-0.271256138582174	0.0492621027124814	0.191800520222542	-0.026780716378897
-0.00696463603417491	0.61448527585136	-0.0110640136480586	0.0174974985932949	-0.0264519462323132
-0.0035321531312715	0.761594841879345	-0.0204585714756425	0.0945020313243647	-0.026009349356481
-0.00359286636532099	-0.308330566218963	-0.0170572676114412	0.535095975257403	-0.0208573453490342
0.0217383369749087	-0.126009794374676	0.039019972242556	0.0104985874240165	-0.0214085637876778
0.00625800486289117	-0.10575956462861	-0.0127126912651549	-0.0465958654309838	0.00142225623999603
0.0341727171280384	0.172773735687755	0.0143640042748238	-0.0326406343861652	0.0179213842109819
0.0358653274211013	-0.220664955106449	-0.00427591162424416	-0.0179027126691132	-0.0179502703559908
-0.00129103703597514	-0.15839985760495	-0.000189440478926878	-0.0117148388068929	0.0424470413023531
-0.00581438699406706	-0.236003709573246	-0.00739597057119602	-0.066326876452145	0.0712403056208854
0.0165700713342132	-0.00139417231430888	-0.0190802940924538	-0.00787295759480094	-0.00161552792848803
0.00612082171598484	-0.0678431099500731	-0.0056398645167512	-0.0290025474076974	-0.0181140532749739
-0.00403150169719444	-0.145529092797215	-0.0190752614718432	-0.0701568096848217	0.0593149801527771
-0.00158571093977001	-0.179883322520029	-0.013092328692883	0.065993208611064	-0.0226338848385588
-0.00464494864573729	0.161775630420251	-0.018013523465755	-0.0954730809861885	-0.0234782517759946
-0.00333615187647702	-0.187298661164644	-0.0152554870600257	0.0258288028387568	-0.0198201475136567
-0.00594403488223513	0.100603967825665	-0.0213190613821784	-0.00759392037682265	0.0263277819918512
-0.00335652506225749	-0.159933536947806	0.0105392966424478	0.061701265697304	0.0535183595908661
-0.00185801306999507	-0.034810003128152	-0.0118414255295933	0.00861789081685532	-0.00424339920487231
-0.00172654741741675	-0.0677851787028278	-0.0184621926523602	0.0838580748256977	-0.0192255678957588
-0.000879491958752333	0.209001726238046	-0.0106608432143117	0.00611765972549218	-0.00774293457634943
-0.00224111262018831	-0.0213356320506616	-0.00219992124775084	0.0848628037354887	0.0173098780757096
-0.00236990570107488	0.132960743245713	-0.00915994392719421	-0.0464192971350765	-0.012052472170424
0.0155991043357024	-0.131457598729484	-0.00702488600331933	-0.011450422805955	-0.0195390105635336
-0.00219318518657362	-0.028504564601416	-0.0128611036122083	-0.0282080169821434	0.00436204367961052
0.00299559953857658	-0.167943532712641	-0.0157931886086261	-0.0223953138360379	-0.0265108940776536
0.00460662229673434	-0.106905308669005	-0.0227395991213568	0.0259879874490891	0.00808090971126325
-0.00191837270125535	-0.104001141242054	-0.0139077994478949	-0.00237249758113122	-0.0225034662799498
0.00585612203718434	-0.136928991752872	-0.0153278653106971	0.0031141459520172	0.00335059401772268
0.00944695446802257	-0.122207592026439	-0.0228290772308236	-0.0992385595728316	-0.021236446034223
-0.00156302403269624	-0.0794142345368573	-0.0128998100382153	0.051668090928478	-0.0233848233553438
-0.00389585638162806	-0.0232609771492775	-0.0133167447296654	-0.150554256915449	-0.0211944843570803
-0.00284654353727955	-0.00421839848628958	-0.0154587101780171	-0.0288106357902087	0.00678318595589084
-0.00240665283069047	-0.10253506181952	0.00207296978666155	-0.00425252880315925	0.0124367312437776
-0.00625172549250765	-0.199281797752691	-0.00137202505534814	-0.0281745511576641	-0.00336147158951908
-0.00602137878990297	-0.0597442510432865	0.0148940886586689	0.0651588390982355	0.0221137528726406
-0.00203668114285383	0.105750076437894	-0.0157455030339955	-0.0566403790715927	0.00664787830910402
-0.00418128802211161	-0.0688335792310703	-0.0164902777528447	-0.0688307097004299	-0.0219083153122215
-0.00366752048346424	-0.239722642118972	-0.01890970896224	0.0323707277501423	0.00789335090030428
-0.00408611065289818	-0.177598427160756	-0.0196753045514465	-0.0401264616312441	0.04065687192243
0.0106572006878043	-0.295351784353861	0.0120232149466208	-0.0054520361577029	0.0238541152355534
-0.00202526268034748	-0.0448431523314107	-0.00284831355443221	-0.0467491592807752	0.0398625531158197
-0.00337450243912104	-0.242723063688246	-0.0169606695915929	0.0151498736784955	0.006152089807125
-0.00479170250438776	-0.14894035799768	-0.0114598007196053	-0.0460787500666177	0.0222022605574754
-0.0056783180671708	-0.107467181459723	-0.0209354374067202	0.0501867733791086	-0.0248440078226323
-0.00284399986068014	0.0248555845517853	-0.0145136857332408	0.300179719840384	-0.0285082937978004
0.0032219338228481	-0.254998650736127	-0.00562210740487962	-0.0109523308110626	-0.0136627094567597
0.00477734465487701	-0.199465121656615	-0.00177788139187535	0.0305833160260516	-0.00910266765088813
0.0189621138440915	0.0404457093606281	0.00370631564188571	-0.064859127160143	0.0206993579063712
-0.00436315687683729	-0.0846760878059009	-0.018888150182858	-0.0664575569374295	-0.0239524093826946
0.00848666789095916	0.0312119092069219	-0.00402038555611054	0.0272220930081462	0.0237675514159826
-0.00230120153859613	-0.0141212907182245	-0.0118081163138995	0.0586704861783812	-0.0146157465934438
0.0177697026448473	-0.0828606318277221	0.00734628138681449	0.0206774265830911	-0.00274842881843195
-0.00133766608212804	-0.134836815768212	-0.00686348399061848	0.0506476406137784	-0.00224671404903616
-0.00383790933584399	-0.183198710644719	-0.00953889909234521	-0.00986930658727019	0.0363716146103675
0.000683052704731936	-0.132264717642189	-0.0212990092226874	0.0189265543620682	0.00663727513827915
0.00394331389394243	-0.0724019998730518	0.00544403611433835	0.018382646954169	0.00228075795920885
-0.0062199661750088	-0.130492825900602	-0.00972797852272715	0.0378001625042629	-0.0105943931500179
-0.00383218054197271	-0.298622081478759	0.0763976150688768	-0.0281833072714262	0.017487853054538
-0.00399201780860427	0.105363219705799	-0.0175967805526897	0.0579790594070076	0.0048296304578666
-0.000327236544299453	-0.0684752235936865	-0.0169561962362563	0.0915906225091413	0.0131232188160543
-0.00161858378401822	-0.096210176764753	0.0180949962699993	-0.00711651540170543	0.0220040612147836
0.00406261968333837	0.684628295943605	0.00310655100767311	-0.0120068149332957	-0.0123409508106017
0.00922805705017839	-0.0170235803218162	-0.00569581713215123	-0.00173939268539017	-0.0132867609028439
-0.00221632664384415	-0.098257929131965	0.00758123630040377	0.027011094553111	-0.0229097989205056
-0.00528875413940133	-0.0770515124864506	-0.00472546760184818	-0.00720783976784415	0.0126489163312209
-0.00410160787662888	0.100002334318872	-0.011336830579423	-0.086091019771556	0.00513494645854297
-0.00337478216224201	0.0785028336477541	-0.0128313611745023	-0.00265867778381544	0.0251565729131549
0.0178842984900327	0.0456971379831494	-0.0137265282761567	0.024581139539728	-0.0238809218085966
0.00362221289741157	-0.169243954051313	-0.0143468335063711	-0.0459810382610508	-0.0132151907100993
0.00152382880931148	-0.181087004320386	0.00609932634977607	-0.0368964533368205	-0.000758762421616878
-0.00347156004515239	-0.178563035582386	-0.0149554367667806	-0.0240669200151892	0.0120025709545898
-0.00176354157408725	-0.151645862057632	0.0341490649419439	0.024484720277558	0.00693566001614123
-0.00198415555224145	0.0392766364105707	-0.0128388932626334	0.0288692931193679	-0.0256664933943548
-0.0030655027679039	-0.060376662574175	-0.00736018701261978	-0.0642625223810546	-0.00983438841902919
0.00962999852866341	0.191988509987718	-0.0044472234443032	0.0283708686676206	-0.00735302616251735
-0.00354176966895041	-0.0667142085127143	0.00589595024124522	-0.0345446201664711	0.0351592905344622
-0.00264381556175748	-0.15996407301483	-0.0154716547318341	0.039441211813689	0.0205610257409756
-0.00248825693456969	-0.0803313554783362	-0.0172260621397324	-0.0233974200289556	0.00642113978695602
-0.00515291639562616	-0.190041467470262	0.00239435344309848	0.0559839613804607	-4.86554062017148e-05
0.00580548275602227	-0.115987562087686	-0.00364856612326841	-0.022797153236814	0.0294900310471617
0.00382384581986141	-0.0233531339715271	0.0547930122169002	0.0345191666040193	-0.0140121217944858
-0.00153250575560517	-0.0429175287949915	-0.002332168272615	0.0408936645963408	0.00206530191713122
-0.00172280270151867	-0.14611938333011	-0.00628881687168365	0.0014235486651481	-0.0161074285870929
-0.000702429480587063	-0.166356025831042	-0.00602681429985121	-0.0116902219687078	-0.012452671442719
-0.00214674445835204	-0.114951862718339	-0.0217829712101014	-0.0462839012634771	-0.0231492630176671
-0.00349769059461424	-0.172071401973281	-0.0224923657751564	0.117736878885039	-0.0276906880895135
-0.00158554839621909	-0.104143338417917	-0.0156640303007632	0.00584303453094705	-0.00571102829419886
-0.00371131925637242	-0.0175361466763241	-0.0198309155700253	-0.0067167935024141	0.0111832164271543
0.0102789628809014	-0.152914551153019	-0.0125248241939145	0.0170712968791513	-0.0233385765641435
-0.00304372809001815	-0.0675894056452786	-0.0129840661510616	0.021003707144522	-0.00356999118201423
-0.00430515172391377	0.0438456082783354	-0.00749503389039461	0.0600859240233895	0.00745491972532071
0.00631958830598389	0.13996822231985	0.0248177904285883	-0.032540832800161	-0.00363977047871067
0.00601861051988376	0.0388449827976377	-0.0208545092247982	-0.00104007830362665	-0.0196773580269811
-0.00476099809296988	-0.080595063985531	-0.0101033173576519	-0.0645432045171973	0.0206295822391202
-0.00171331224814983	0.118025265717472	-0.00806385253599764	0.0184016399090776	-0.0150884309834454
-0.00423081919313161	-0.119826496938087	-0.012435626606964	-0.0897018081610647	-0.0196938024245979
-0.0021305647428489	0.231656499110947	0.230198710421017	-0.0737026875867819	0.0754280136732089
-0.00345046231884112	-0.142946677427474	-0.00875555648595161	0.165613762993198	0.00267132322073241
-0.0071012568521142	-0.144070145568074	-0.00664506316459002	0.00910838880479824	0.051837612295463
-0.00181480113551134	0.0461125776954959	-0.0126464203861892	0.0807362230223061	-0.0151754409739531
-0.00208335934906446	-0.161056677884875	-0.0221630358417483	-0.0505139031761643	-0.0222864034768911
-0.0023676180485436	0.00199210014559696	-0.0162331998634815	-0.167882070008715	-0.0263044368526038
0.0488706963453319	-0.1212446381663	-0.0185308353809576	-0.037409331869444	0.0375832494401842
0.0324564498538099	0.510886721124875	0.00033998732205085	0.0140342455591325	0.0176803488564037
-0.00265573699260188	-0.111882343606046	-0.0324803104363892	-0.0402257707494041	-0.0289515373135048
-0.00584501607076912	-0.114362044410367	-0.0188193270357549	-0.145806339852151	-0.0188189425637807
-0.00156385003711341	0.0305182739922476	-0.00804039093069733	0.0334785283088537	0.037493627380684
-0.00301444386653848	-0.19899521523418	0.00872667458077639	0.0473449367697886	-0.0252337321148239
-0.00329425311281617	-0.0492034983315901	-0.0183003945519829	-0.0852048625666757	-0.0253028696501671
-0.00452099423710322	-0.162246812108167	-0.0134261715500941	-0.0272597564818622	-0.0260996805267008
-0.00121322778776389	-0.100640239289425	0.0174382258646953	0.14290313177454	0.0184977904712911
-0.00221524818720739	-0.231612641671045	-0.0152529055475578	-0.0793968527561134	-0.024976277886067
-0.0034826529128646	0.0179240385009484	-0.0157378337347937	0.0337903120985331	-0.0202373037378031
0.0102429843829284	0.158790458439835	-0.00570448501113306	-0.0245246919059864	-0.00150837320565883
-0.00320389884012875	0.08837312938683	-0.0235214026908936	-0.151882207912626	-0.0230539543786865
-0.00343081421835695	0.0391074933335324	0.148977169008909	0.0922883408876546	0.0628145936373789
-0.00154889763764584	-0.129072411057856	-0.0169401899939232	-0.0918740761385259	-0.0223420597609092
-0.00239989039229237	0.512606569966832	-0.0188039204107629	-0.011124825916339	0.378111254872463
-0.00555839771203655	0.690308991497723	-0.0178213464056172	0.0995718203182778	-0.0247264041350298
-0.00333147012762906	-0.0522990286557906	-0.0124970728677532	-0.167622075528423	-0.0276616041749854
-0.00215049224449171	-0.314409628224198	-0.0189262475345785	-0.164400140399605	-0.022511556972047
-0.00395277080503349	0.312254417913396	0.138882674825213	-0.141494487754413	-0.0184368795757999
-0.00273009205946823	-0.318723802160322	-0.0282200559021382	-0.154636024342606	0.126519089584101
-0.00227047946587217	-0.28823507746162	-0.0169165454656089	0.0266825499703841	-0.0215668962463721
-0.00377016649286656	0.250429241803885	0.203761829381769	-0.164232533371965	-0.0284097194863882
-0.00596190005393482	0.99789135370498	0.672236293554072	-0.153297740726025	-0.0244432593493876
0.024085209744228	0.0572129631607553	-0.0171058827616545	0.0819119470403572	0.0272131625302655
-0.00160196496715026	-0.000931326619694752	-0.0281781931735995	0.171993688106257	-0.030278133513232
0.0106631536908087	0.121757691218348	-0.0142454417943449	0.00310934612983779	-0.0165869958418225
-0.00685509385506769	-0.0517826804677616	0.0943806942587738	0.034169517504332	0.0392136710009906
0.0505187008275409	0.02600380330815	-0.0172701411615652	0.0281300518105467	-0.0186833991460801
-0.00364358257720544	0.260430892097136	-0.0186146177440128	0.0512662066917132	0.0841576689147487
-0.00237416720099503	-0.111757184336937	-0.0170623709988397	0.0750018125710086	0.0388002722557113
-0.00533292191164454	0.00406365913055733	0.106001129967929	0.0556272504793505	-0.0255014259108666
-0.0023335704456974	-0.0574587577209165	0.00924895561556181	-0.0727547474302507	-0.0154656850706598
0.0539528807075176	-0.125737292119104	-0.017328701013855	0.0777495502343625	-0.0151864746002929
0.0288682195651723	0.206242077476632	-0.0224942629359017	0.172220336984752	0.012973260673575
-0.00164905632908982	-0.303843745769664	-0.0267058359290422	0.264862354595429	-0.020202548640554
-0.00696343020361471	-0.151911347806379	-0.0145031296312937	-0.00104616565120121	-0.0239323743641409
-0.00281779193901339	0.128880335955824	0.119863298812618	0.109496407268563	-0.0217525326408392
-0.00576903359816447	-0.28297697839444	-0.0142936185802833	-0.160371511251384	-0.0250137711642268
-0.00211652871067341	0.0346840612526232	-0.0133587582001491	0.0227143177431526	0.0696515132586588
-0.00535665056936552	-0.37611905392381	0.131456519982479	0.00582317061740211	0.130559560623258
-0.0045164283006456	-0.173971884109865	-0.0210108413252607	0.0391815161059672	-0.0186823219541324
-0.00416229566978958	-0.229163699520222	-0.019946889832163	-0.084920696204565	0.0988438534832376
-0.00234349875989256	-0.304417046662048	-0.0232259168276779	-0.155745256198878	-0.0229927889306002
-0.00365743759821708	0.0602602636789116	-0.0171420847092969	-0.157268558691855	-0.0253457644269599
-0.00203000123087805	-0.173244932949366	-0.0205061575585701	0.121099470619304	-0.0224778412846474
0.00143115025893621	-0.245357062165629	-0.0201996091122327	-0.123723612649838	-0.0160177603279503
-0.0047749855417596	-0.23997204861599	-0.0158500327489268	-0.0514890316383508	-0.0192250910462742
-0.00357351850686609	0.143993146979463	-0.0122004693897207	0.0538065179780401	-0.0187499872258647
0.129801275959179	-0.31858959040383	-0.0178260155569152	-0.131479540278866	-0.0171106844388189
-0.00164340149661376	0.0668350655421928	-0.0173169842880934	-0.0205221830364876	-0.0259048548526648
-0.00209206031029889	0.130148486014263	-0.0153420593542265	0.246876995609489	-0.0233980438556351
-0.00512148011493096	-0.316640139228233	-0.0127775133063969	-0.0176264342855929	-0.0188647666339576
-0.00255353581330349	-0.0776272934006154	0.196203001326543	-0.00133989189092207	0.0108397581488756
-0.00456113352448725	0.0392066246797116	-0.0219639514423753	-0.033356327726816	-0.0210818806809955
-0.00599748348110214	-0.118839105134826	-0.0179507478894189	0.041408145424366	0.0481174535442266
-0.00279831834687947	-0.028744468180025	-0.0118519508525904	-0.0502072973161767	-0.0190960794137348
-0.00318710949543205	-0.194859694455376	-0.0173712925374591	0.220467931875695	0.0467809605962084
-0.00201655689188071	-0.224890185243429	-0.0208941156393481	-0.0350436954651285	0.0875773460886846
-0.00297838784651043	-0.222823819261336	-0.0206101696494179	0.323393898154462	-0.0265258080488319
-0.00545242173376063	0.203433628576974	-0.0201003107258878	0.06770516612628	-0.0154160621415293
-0.00517172436535231	-0.346097418604021	-0.0122804965742421	0.0406752777608871	-0.024483887400223
-0.00342122333003985	0.185039911993498	-0.0170213527171864	0.105834780133826	-0.0222519967024565
-0.00488562955799772	-0.36475071059757	-0.0199606397728126	-0.133531336629	-0.0220732913486258
-0.00195214860642878	-0.332218678523495	-0.0189758510736991	-0.156132207625893	-0.023962844437493
0.0132227055958761	0.140990769144481	-0.0110246280922738	0.0692064381754196	-0.00201662648601434
-0.00279798125620889	-0.11992927895072	-0.0213992261463252	-0.00945492002079187	-0.0192486195245791
0.0194488894630957	-0.105336418476639	-0.0231909474877389	-0.0475581394133845	0.0259816787686659
-0.00418584241388219	0.214999310063943	-0.0082136841396535	0.00941338961956462	-0.0279141789422435
-0.00282950996775672	0.0549425128042232	-0.0147065553453008	-0.109525718778439	0.057024616146159
0.023444989800967	-0.143817560909014	-0.0206184493689269	0.0118421854908731	0.0288332643795215
-0.00251612904546633	0.741918601141803	-0.014372112446774	-0.040196499291501	-0.0227368407788123
-0.0039658212886876	-0.21260349300257	-0.0141971240983411	0.0226958871536458	-0.0277717143694329
-0.00430753440263457	-0.16059199524738	0.0893845834037665	0.0547838772025458	0.0838158152664053
-0.00404187984818783	-0.00501451945114352	-0.0202579143473689	-0.0363443852678146	-0.0209241039246023
-0.00533405620783945	0.0312750157984337	-0.0169855395368221	-0.147998902458527	-0.0220454421147294
-0.00371478609949893	-0.15129812967627	-0.0175441615240334	-0.150175706705241	-0.0221806779590481
-0.00341693499639431	-0.313953795845983	-0.0159168870844523	-0.150928567908302	-0.0196112629968679
-0.00284237031883127	0.356837955335719	-0.021506013895256	-0.165551884851912	-0.0277867808624325
0.0104225721214986	-0.0952410704233842	-0.002281248831265	0.0156469392816091	-0.0211729660480749
-0.000618805560568086	-0.0315178296511523	-0.0235168935680177	0.000534721305493176	0.000417591159016188
-0.00224255930462042	0.134057882479203	-0.016256838475346	-0.0162250032347058	-0.011259539229404
-0.00198371342548515	0.0676610821144618	-0.0179444706017736	0.056280989658243	-0.0203894343118085
-0.00341019597641188	-0.128674701015158	-0.0172121230014801	0.258276654583322	-0.0205526781811394
-0.00340155685321063	0.0959090382737438	-0.0129925333804096	0.0492986059298547	-0.0227905861314184
-0.00166333551626019	0.0349385864030752	-0.0192181560724697	0.163950132562593	-0.030196794874579
-0.00293331543543009	0.119480365699616	-0.0220822931867251	-0.144454609087162	-0.0191786596628548
-0.00485924015310242	-0.211038624994809	-0.0206315404962372	0.0706181227220109	-0.0254826652426008
-0.00212486070168438	-0.0712735750894678	-0.0118189843707897	0.0224729037151618	-0.0137286402441874
-0.00488534634450614	0.105914510663551	-0.0228428016568057	0.0200218714529467	0.0228977457961725
-0.00495696735919145	-0.294478687053511	-0.012772777216537	0.343710880158447	-0.0280104828832369
-0.00274362547879049	0.300272851850158	-0.0245634845657058	-0.155549303030098	-0.0267419337037554
-0.00581956985833981	-0.110292225989693	-0.0142508152199271	0.135943602539263	-0.0207022975870062
-0.00364212066742944	-0.0388944797835154	-0.0180501914152825	-0.1545045214218	-0.0268409730160798
0.0181906265680189	0.0676371411768209	0.00296717411486002	0.102535063589296	0.0639580319002407
-0.00195008481461594	0.716402163708539	-0.019579217168603	0.0328801371966788	-0.0208995257703417
-0.0040328294765062	-0.220552691181504	-0.0168890171092527	0.123690534433155	0.0112727608962023
-0.00223572808988938	-0.139657472762299	-0.0125504118275399	-0.0273254423495784	-0.0224455901697327
-0.00249052262951046	-0.287709880989655	-0.0145447683722031	0.239219711834131	-0.0224349359530324
-0.00315412715439278	0.0202478441989856	-0.0138518457712235	-0.164757589622277	-0.0266229816170256
-0.000738243616149782	-0.126271222513723	0.0711168270074591	-0.140249432406974	0.0062080642486989
-0.00623396853995817	-0.206373614666094	-0.0144909640117507	-0.16000003406512	-0.0251193750084596
0.0690869015487721	-0.227212044191099	-0.0201824267625145	0.109488223020607	0.117718751154502
-0.00300210306165869	-0.0992731815584468	-0.0149554908771606	-0.16106010244137	-0.0246583619581968
-0.00232679921543803	0.370329664646541	-0.0226043854101483	0.122136685502888	-0.0276034161352742
-0.0043817541069502	-0.338062024665669	-0.0280528194044421	-0.135418736010413	-0.019824388761459
-0.00168153461041265	0.397869607999182	-0.027989103148592	0.00317624550901205	0.00867161498999659
-0.00343692521996376	-0.156188300905219	0.0382877259140976	0.0193570029398464	0.0376002210751435
-0.00297221789563552	-0.0991380494290895	-0.0203938381633838	0.0472529261712783	-0.0214614613153045
-0.00345581909735369	0.128500067690123	0.0526509835437099	-0.148277123966536	-0.0216493429632545
-0.00487465290911498	0.476334784053995	0.0850563004906448	0.0722724860730494	-0.0266353673370655
-0.00437629034767387	0.112724438110323	0.0187398494731771	-0.0147197914070659	0.116326925006954
-0.00232432693927577	-0.246838188842342	-0.0190641021117616	-0.162723730943545	-0.0261877749138719
-0.00254273473851168	-0.279134937698159	-0.00959273665449812	-0.129240879334694	-0.015168287562028
-0.00289519942636626	-0.328305442877255	-0.0252754576442839	0.108312314800476	-0.0239551048759218
-0.00269813249345724	0.080277274671242	-0.0182459853421622	-0.143477244988301	0.101173927374094
-0.00305186108396145	-0.244997275588321	-0.0177865617003235	-0.0202270397214184	-0.0261078201658394
-0.00403398829749549	-0.0737389404365657	-0.0208051083781467	0.0202149552472118	-0.0254533604561681
-0.00195779598945867	-0.197361417505575	-0.0164018364143213	0.186195237813737	-0.0152367210138687
-0.0049470173322652	0.0524532334153165	-0.0105940836333996	0.100946205791211	-0.0225580886169408
-0.00566362955150877	-0.392911745283778	-0.0187802994218618	-0.146374579898482	-0.022855800908669
-0.00309967385239604	-0.0768417581512669	-0.0148125110496659	0.0893396218248744	-0.0211377895332105
-0.000699772421829156	-0.0405948642875151	-0.0174321029764921	0.345326343805939	-0.0189484076089252
-0.00412584657539003	0.0360896716842483	-0.0165313217589486	-0.0154748114216896	-0.0196788771706862
-0.00293718834243202	-0.336052914534553	-0.0201435497710417	-0.171887167505482	-0.0281526650984135
-0.00280522424480277	-0.0542813780197342	-0.0128196185991903	-0.047604508696489	-0.0303117613079968
-0.00534803367242378	-0.342077734001304	-0.0102961712952286	0.0274434396051012	-0.0227086488748943
-0.0044750220742967	-0.334797574523396	-0.0183739399185847	-0.156795713548019	-0.0203765547867877
-0.00243837247027296	-0.005961878130358	0.264690086363106	-0.133999870902128	-0.0183819120574336
-0.00533020160222722	-0.375375917725632	-0.0203150457422181	-0.137338410265357	-0.0228405615964744
-0.00489862537206182	-0.354456956952132	-0.0173669896445495	0.0686596122838904	-0.0247165499535708
-0.00377801369086711	-0.27388177285837	-0.0163522406214738	0.00603289928299345	0.0514626720654107
-0.00157256078168734	-0.182888739252376	-0.0201261435674969	-0.0398770059071261	-0.0207611621835278
-0.00327626370579357	-0.0653110557017378	-0.00691695124645496	-0.0464436857534175	-0.0220914129952354
-0.00251247779503775	0.0590123383079402	0.11617060319925	-0.118697181238345	-0.0136369181669824
-0.00253847889396476	0.355883534407992	0.0012813123825211	0.112650297292725	0.00448418956121639
-0.00304727871251211	0.128278948269582	-0.0194105252361775	0.00332444722471141	0.0137786360999879
-0.00283208057093049	0.374487833251687	-0.0240360021479825	0.0966215213212759	-0.0269178373591619
-0.00130560749943156	-0.273422730876895	-0.0148468315553203	-0.159585065283008	0.26515647407871
-0.00461235291606291	1.14561466647926	-0.0153778112342331	-0.136428952980928	-0.0208474764136249
-0.0033724579840412	-0.162809348955226	-0.0184995155943804	0.0306184578591938	-0.0252156743940156
-0.00581094848044355	-0.149293257061523	-0.0162855000130728	0.0507034425983277	-0.0184482295038157
-0.00283858157773376	-0.342298172933096	-0.0144658651485895	-0.130403967880551	-0.0187315791435732
-0.00361352180560012	-0.32898100643181	-0.0168494214795932	0.244606499739111	-0.0273350054726053
-0.00340239588177914	-0.194378843576474	-0.0196668247486075	0.0318472916523399	-0.000191136802804372
-0.0044401859900451	-0.21849797928131	0.110288348787063	0.0167782200024707	-0.0191298781631213
-0.00281378039262469	0.0529049749147185	-0.0138231199042298	-0.0622166466806678	-0.0170503883446563
-0.00489174930055516	-0.10979125572012	-0.00401267167130202	0.00905580496245047	-0.0028072500163741
-0.00628506893040192	-0.188398455874299	-0.0108887460604917	-0.00343133193458381	0.00419403056550331
-0.00454151591860151	-0.0287876145886571	-0.0176669808124736	0.0141984667472345	0.00533952021730403
-0.00288481456793007	-0.242098578106179	0.0212640712418067	0.0538720963480664	-0.0270322819642928
-0.00284622881003487	-0.155451641259367	-0.0222261349229906	0.0856827227310732	-0.025009654122584
-0.00355095079681461	-0.138637163829684	-0.0149715652227152	0.0139167074702688	0.00183799606485934
-0.0024344439125569	0.0260498100671183	-0.0172157280748664	-0.00405513759754261	-0.0197067135534123
-0.00244214265287285	-0.114052614790873	-0.0247605364830603	0.0447935108362576	-0.01933829578191
0.126173349108306	-0.407528993278488	-0.0161525219621577	-0.0113860923592269	-0.0213411184075662
-0.00473846589382397	0.0775196919301659	-0.0222772533745051	0.162710207653272	-0.0269259578067643
-0.00171859648237567	0.524883653689925	0.032366615388757	0.174668342331461	-0.0234120472035468
-0.00409417694592977	0.494706488690232	0.0691893815560838	-0.0109403666793541	0.0565831497236999
0.0643483532720031	0.468550889232281	-0.016060640863655	0.032545471060641	0.0428406969916816
-0.00200055258997474	-0.0723244941841138	-0.0128013382632729	0.0687421415600145	-0.0255205332901328
-0.00503362009865769	1.03219376217689	-0.0115267431164791	0.276496301743042	-0.024786101661799
0.112497954163188	0.0921319271735337	0.0431296607894613	0.0642920728438887	-0.0269210488858558
-0.00441798348638309	0.413595288233113	-0.0153422063868498	0.0542164400943034	-0.0274158586615113
-0.00357089945359474	0.536116991379731	-0.0194967333553133	0.0893757306609857	-0.0258027870832061
-0.00488489409140101	-0.0309142370978273	-0.0166407645074527	0.0262981444030084	-0.0247264438790037
-0.00553377637946932	0.564455323726821	-0.0193017863945168	0.143526356187154	-0.0194908753849562
-0.00287530090069835	-0.0253458601515151	-0.0151883309716677	0.0214392978033724	0.00221452607538697
0.0110593947810746	0.956083243670984	0.00132694653690668	-0.0475289281359522	-0.00759490609036809
0.0134691377224458	-0.0671243021651075	-0.00388729696288045	-0.0162196616687042	-0.0054533632487889
0.0280370691816256	0.225550460781504	-0.0151388097603043	-0.0601613085367853	-0.0244651609272617
-0.00391853542865618	-0.226492126241573	-0.0205964697319706	-0.126473412224951	0.0446624643780026
-0.00351082197674247	-0.0323556045460023	0.104152696576234	-0.0537673212375841	0.0508911898609376
0.0224048961191752	0.369802589476041	0.0284198420469962	-0.00923226467344196	-0.0119061711249502
-0.00279527202649133	-0.0445921960278066	-0.0212342938911398	0.0739248723130898	0.0449575166245107
0.0170530348006832	0.302968999850258	0.0655539908438936	0.0597871902147179	0.0362951898252023
-0.00374094182223947	0.480540151006536	-0.00205639463144149	0.0278617116799621	0.0278787389049038
-0.00272756896297679	-0.173059126061784	0.000815741873906689	-0.000535971987062009	-0.0094208554308488
-0.00558356240378706	0.0525619654111116	-0.0208238923017542	0.00726879493538252	0.0257257948262952
-0.00578976847245161	-0.0858419502372689	-0.00874963784580364	-0.0545908564893696	-0.028222862702307
-0.00355386656722284	-0.00350412045770584	-0.00757899200728452	0.00961416059982564	0.0514108488233218
-0.00281730483550944	0.0570733560440587	-0.0271696022314422	-0.00410966628678958	0.0187482925281193
-0.00200517392582352	-0.0986126448079319	0.0201501492405342	-0.051417310776181	0.0109817411300343
-0.00249756419421624	0.381840214800508	-0.00460702900887419	7.36366259738293e-05	0.013561249031093
-0.00302512237560818	0.087306718057693	-0.00707675739542273	0.0624413005880561	0.00548504030745396
0.00451923217481521	-0.0347774010713243	-0.0087854791203613	-0.00787458774283347	0.0222513470563762
-0.00392363701512294	-0.138360816331935	-0.0160325069669229	0.0656401763863457	-0.00586439018356633
-0.00164576903125002	-0.0536747632628126	0.0134590722359585	-0.0308665614086908	-0.000825310201141882
-0.00273153516253348	-0.0978418487587338	0.0129654670714231	0.0734630531823112	-0.0170693612673914
0.0146429526398538	0.403684724620618	-0.0179964118162374	0.0380797998944173	-0.014441075427121
-0.00339196078636528	-0.15969167164865	0.00325924408233601	-0.114130769849709	0.00206924351373382
-0.00268837663272186	-0.178233614047154	-0.0152130833152967	0.000168132219913477	-0.00507254470023494
-0.00398696595407874	-0.0309821801191226	-0.0184836244454065	0.0629811692021482	-0.00899682440102294
0.027540946811479	0.0554697523073571	-0.0168609049226631	0.0407808361261469	-0.024139793471543
0.00264058540270472	0.133520408931029	-0.0188949444666712	-0.0059361208940352	-0.00617441928781782
-0.00361761165036484	-0.138607467185589	-0.0246205278123752	0.0726276456332143	-0.0261466293024307
-0.00446292436011613	0.0140610207885829	-0.0160307010343852	0.0590019902099034	-0.00911930411290082
0.00586365551435684	0.210160176401264	0.024591594720264	0.0358698283812865	-0.0258721966250036
0.00276793556721146	-0.0338130495891018	0.00396698436240265	0.135879269391559	0.00262468749690306
-0.00423353270508728	-0.108936542639953	-0.0246561456416696	0.00744582872659173	0.0307439764779745
0.000974846642569915	0.00862018919226062	-0.00729214100251017	0.00483645257828833	-0.00339460202085844
-0.00276249152539974	0.0311513709837916	-0.0270035286593995	-0.043796609564236	-0.00605012932432481
-0.000252868053685648	0.0242029486123642	-0.0074119778194511	-0.0138374102400376	-0.0160468308587596
-0.000498860360932737	-0.0960633992624532	-0.00996088116232497	0.0147069070749018	-0.00201662264107525
0.00108661399950976	-0.0353301224844009	0.000355776681610566	0.037355805938188	-0.00682173694765388
-0.00337007918907584	0.158195272976407	-0.00229623799178851	0.0341514522954614	-0.00722466729971326
-0.00173201343833578	0.023097997119375	-0.0033002005163441	0.0507420916952178	0.00207091031312927
-0.00234622472429194	-0.0515553438525375	-0.0135870520558824	-0.0550311041640197	-0.0168065640288644
-0.00277612624301305	-0.122595621028002	-0.0103965723888942	-0.0209368063178455	-0.00753351173094166
-0.00296445712842402	0.00011276212652803	-0.0194691309647962	0.0309041671487541	0.00530504466904084
-0.00363263088998443	-0.130147963553761	-0.0140317880718634	0.0187631557603398	-0.0219524014644842
-0.00249251148050017	-0.126123317376274	0.0195036356071676	0.0134051244019185	0.0325556650573904
0.024768004545308	-0.208646298807189	-0.0234294871100617	-0.0104563972926245	-0.0190824780129535
-0.00407105460120492	-0.0133942483301758	-0.00512499880990425	0.01395321477171	-0.0222314682909254
-0.000595015811527337	-0.0486002461986198	-0.0133069156542146	0.0778766927970261	0.0210166316237858
-0.00407480447988788	-0.222621060178026	-0.0193821863771338	-0.0892671308947052	-0.0197352904658521
-0.00375779139083016	0.149054335751242	-0.0233877108877923	-0.137400244840146	-0.0186868937305411
-0.00296510042203803	-0.187522357904224	-0.00961404560967343	0.0890613925134558	-0.0205959044262461
