ARSA	CTA-29F11.1	DDT	FAM118A	MIF
-0.0297756251072764	-0.104147301545066	-0.219311457226592	-0.0307954771757981	0.14029033937735
-0.0381230944066458	-0.0882264053792038	-0.32439106202702	-0.0437892034416195	-0.651212374078929
-0.0344101911846004	0.0443179527185844	-0.174741260558864	0.0970618594911633	0.262782414147108
0.027260781654024	0.0193223370437015	0.159635332651168	0.0837024005485099	-0.186610329634439
-0.0331470763598638	0.00706716940838702	0.129225489149775	-0.0389469928621553	-0.15582858240407
-0.0310448597763183	-0.107871468553477	-0.222099475752367	-0.0363413569612746	-0.0328910711539269
0.0829478256867722	-0.0755625348923276	-0.0991935525182409	-0.0393967898125124	0.14586087439363
-0.0300211708334377	-0.0974956781790018	0.00898141727847255	-0.0395448763029724	0.0334307835716419
-0.0378987225164887	0.0687991644988538	-0.0357005882026009	-0.0406281968806017	-0.0959822414739665
-0.039912808724726	-0.0906365681513189	0.0522684473526784	0.150901479048186	0.29136756752995
0.196941859677692	0.116182926507639	0.0696755227362773	0.288143976422525	0.0785940923134768
-0.0294824651938657	-0.102311196399393	-0.0147672658906796	-0.0319552353700727	-0.482318839612833
-0.0378721354594792	-0.0960086293400241	0.349577851735934	-0.0444126466658623	-0.644937055143506
-0.0369447101130889	0.103942796323543	-0.130965554285747	-0.0404119024226418	0.209743644171892
-0.0345437616472456	0.0339111493494072	-0.199831560748907	0.0235921995005251	-0.154633625928529
-0.0316451618903483	-0.00561089877396827	0.203083194430965	-0.0310743434181699	-0.203844988550908
-0.0309177164622042	0.0243566453943909	0.238844690965359	0.00467451137965884	0.108282630657892
-0.0364184745471653	-0.0916262103118957	-0.319928111463075	-0.0418746817706462	-0.368823682192186
-0.0373348461024048	-0.0293907911635415	0.156031593107836	-0.0444396039680251	0.273409635478334
0.129991032173195	0.150785757629438	-0.00624672530523777	-0.039446914893265	0.157670392849681
-0.0328538747131208	0.270206869446987	0.212752241192037	-0.0394747755294255	-0.0438181093234055
-0.0340004044324723	0.03850230267557	-0.283437461862058	-0.0396756943500555	0.205013638515085
-0.0332707810728592	-0.106538608409152	-0.0679966344025939	-0.0377673612781269	-0.238953513084288
-0.0276689302070151	0.22685906586349	-0.134969462864738	-0.0403955333826828	-0.157925670125947
-0.0398775614117457	0.379689750816777	-0.19130745016101	-0.0445729885361715	-0.408969719246399
-0.0306195112497396	-0.0736032609055413	-0.127270481523235	-0.0283562124040851	0.103051833992926
-0.0303165510674771	-0.097825662081863	-0.33224596340196	-0.0306186642070319	0.241481382072992
-0.0326081432543778	-0.0225712320680401	0.35200870995784	0.0464819818657317	0.0298951239329805
-0.0273491572441499	-0.0871880627876425	-0.112532324185402	-0.0324780387585608	-0.0399479315894646
-0.0297998114294517	-0.00232870140373633	-0.164926939438031	-0.0381104753743745	0.158160672320059
0.00304033432270334	0.0248664873895768	-0.0303200675678834	-0.034876921306094	0.264284592120173
-0.0340612470044544	-0.0849415978867362	-0.0448539328706277	-0.0405151028029147	0.0362396790309939
-0.0303439912282221	-0.078783216852447	0.0725101276984646	-0.0348244980515227	-0.388682082613196
-0.0364659229573258	-0.103892962789704	0.221450046592057	-0.0368548279794763	-0.0961298639790041
-0.0335196552178992	-0.108715976821534	-0.338059128286221	-0.0381694380701615	-0.14352501331743
-0.0243879489053293	-0.116275131311064	-0.135275000829551	-0.0329033359047139	0.356516181515833
-0.0374968938048836	0.0458725834291553	0.0422466043000975	-0.0477642095161082	0.0720095383215084
-0.0386918420851643	-0.0782459193305094	-0.320162551935043	-0.0459854240385937	0.0363404587994875
-0.0273488812091323	0.30483989474217	-0.328342033296428	-0.0369483218918724	0.0297681356853776
-0.028083113238462	-0.110200850007035	-0.331243310112803	-0.0290968641540852	-0.386727820162232
-0.031787090921419	-0.118992647269235	-0.339738516775537	-0.0384179382807699	0.265628767819522
-0.0330277618458181	0.0946366570358016	-0.104342452316248	-0.0376735546042054	-0.0261209211408963
0.0500551155997428	-0.0875020652788457	-0.102933611472643	0.27376825749376	-0.17105430665635
-0.0274505172877017	0.158945398530813	-0.0100199641272534	-0.0381495821111931	-0.0373038722543586
0.121144007191827	0.186023035698687	-0.307209011145094	0.115401048566306	0.0260557023584555
-0.0309600405221029	-0.0389518796453716	-0.0546294861754704	-0.04064785927835	-0.141243674539141
0.0504941837748597	-0.117448952080176	-0.063426081422228	0.0493387354960799	0.0973854145304018
0.027562658984812	0.0967711665320887	0.088058400939164	-0.0343140208304754	0.163855708579684
-0.0262878950744476	-0.0110698191131234	0.197571445366574	0.122054454467416	0.108150630883604
-0.0335573629118942	0.0974961970241219	-0.0683724652018778	-0.0390367900655253	0.0299979492176591
0.0180544541653369	0.320894193071399	0.242428756233514	0.063102584458404	0.0869800625174151
-0.0302062156933323	0.131601688878548	0.176212900212474	-0.0311005010115239	0.20415572511574
-0.0291954412092819	-0.102269412850305	0.407061793725663	-0.033891358389697	-0.040894864434247
-0.029714344961484	0.15304970667941	0.136274701685776	0.035739605052869	0.0738169686947468
0.659127261789255	-0.109488945610409	-0.334963248041394	-0.0387723658927677	-0.655235126870753
0.0402646739573586	0.0381293438542855	0.181619598154409	-0.0340185213847485	0.21415105051789
-0.0274689733112368	0.0983488730076055	-0.151982332501722	-0.0376935894921414	0.119392660067704
-0.0302791509162871	0.137539582385177	0.0238282844448501	-0.0316709437882572	-0.213844849389682
-0.0307483316652305	-0.118448641786678	0.134620667982536	0.0451560117501751	-0.20691249337139
0.119281104422732	-0.0879970360734253	-0.155002000059224	-0.0397884008870004	-0.381653681911141
-0.0326185322795539	-0.112248895094416	0.256716090257074	-0.0390994624486506	-0.134799620800635
-0.0324202820916351	0.246305888582106	-0.140850191976856	0.144620010381192	-0.195425182773549
-0.0321138433056409	-0.100764449785841	-0.153833313557485	-0.0318875372327787	-0.0772381092632462
-0.0296424626240278	-0.0924529644024112	-0.0432311455745479	-0.0381177258295999	-0.374687086962674
0.0425356150174387	0.0773563999911388	-0.111955350753173	-0.0404097553235569	-0.201000755247446
-0.0339967218375084	0.201899265646451	-0.319304734680014	-0.03938178842386	0.0288275092524267
0.147470176977324	-0.0990849807515134	-0.3407048963369	0.145003258034153	0.0387462569951783
0.0409939275528136	0.143298661838078	0.114331027320418	-0.068374137409602	-0.127208352227014
-0.0319790641902412	-0.0776608343185567	-0.347770010147349	-0.0398924988441217	-0.649440920055923
0.00938143626750302	0.206563072218374	0.034576399599243	-0.0446465883811161	-0.132849904853828
-0.0283127287464901	0.00766427507157218	0.157015542386532	0.0755644522670653	-0.229854538747644
0.015645832839968	-0.00875954515344432	0.0337489112688673	0.0116208471379919	0.0597632898317021
-0.0340385836309863	-0.00200490787287072	0.0871010912412034	0.0540138116684425	-0.0868149507137257
-0.0337315352861221	-0.0086141438754982	0.119102717252241	0.108547415554386	0.239474920833473
0.125686796213123	0.0614060941374717	0.0843974274486612	-0.0332194259568926	0.0184346085045462
-0.0363114294327084	-0.00139422176690768	0.100279718158685	-0.0407882040734243	0.101961051634486
-0.0363079572760228	0.46539933899229	0.0722965236209346	-0.0366049364554924	0.145180113881735
-0.0305893970657597	-0.0826548721329952	0.333481987345107	-0.0375461251101454	0.264044755297243
-0.0371038648535448	0.138357083970644	0.0814385287461541	0.51449551813799	0.0421239299071606
-0.0322339431229689	0.00982631387492624	0.0888646433598753	0.060031129582527	0.107285626826159
-0.0229056856158793	-0.107395079216627	0.0218326706403693	-0.0345070330723971	0.0509859733079031
-0.038059101643754	-0.0962437447345027	0.144545771356046	0.196223376873486	0.00602077838039972
-0.035834427922601	-0.0253434436166502	-0.0612552161085719	0.0907326461676586	0.0324853867118103
-0.0251735881214176	0.00876111829549343	0.103542891871151	-0.0346459636593953	-0.223151851493194
-0.0360277284500894	-0.116302177333625	0.219443811216838	0.127640792549107	-0.159616323088466
0.0256604552997437	-0.0533450327290466	0.200656499945658	0.0187046897597196	-0.107361721251281
-0.0381993382054346	0.0157062879051738	0.0648852986875588	0.0215617861045468	0.0428260552116926
-0.0363641772994957	0.0332102497675873	0.0778792099941334	-0.0429263401148546	0.261637027906821
-0.0390823670038554	0.165284327072905	0.00871810908495687	0.0935629679202597	-0.116793928757098
-0.0300440025316947	-0.0055119894349192	0.0548879066271277	0.0106990321361334	-0.166654619993097
-0.0309902710775152	-0.115374863481393	-0.113136046695903	-0.0363523062961936	0.440275555627288
0.662002260936361	0.587942086269476	-0.338635190561377	-0.0349307764447419	-0.662534181412145
-0.0357001405667834	-0.0951411527245805	0.18779279438363	0.0401177951442353	-0.0148478943740876
0.0223824025472019	-0.0458055660065917	-0.024556246005103	-0.0383515084868001	-0.0155110228371273
-0.0332287903124454	-0.0850882873451451	0.0198257154013307	-0.0441563307304542	-0.275342164386771
-0.0244987147703037	-0.0267131298232385	0.111035184093326	-0.0278758257597142	0.054417112729886
-0.0337509248308157	0.0120234020167833	-0.233643896850037	-0.0411899130571173	-0.0191860052652773
-0.0280913505179373	0.120121685812502	0.204028609762633	0.18881901040759	-0.0612055364874902
-0.0307579159227132	0.0297844471422428	-0.00190889111655417	-0.0346060023494389	0.0379830405212149
-0.0441378230901437	0.241455360068333	0.122075728925975	-0.0544438121847239	0.0837731767273488
0.0110319097037697	0.178476130441338	0.0220068288370328	-0.0367672246668285	-0.0556212001244001
-0.0328243564884122	0.224651453059258	0.157155613302532	-0.0295381617977476	-0.313422115571988
-0.0278891485257765	-0.10904953223544	-0.365963631360659	-0.0372676968611083	-0.237756920254609
-0.0300634844069348	0.0315396618485905	-0.194622971874898	-0.032387794437227	0.205173883741116
0.0898220640814534	0.0566598305692362	-0.199145152505896	0.197874968993271	0.366540539284653
-0.0318480929322301	-0.0982493462892526	-0.0624891867217322	-0.0373543846702134	0.195018472658625
-0.0207258275078627	0.190049567316948	0.0880037839088179	-0.0257310062960324	0.342029751463661
-0.0296474126163682	0.142977426689988	-0.0938122593606922	-0.0412453163687773	-0.0538760946434332
-0.0260013530221039	-0.101714744182164	0.126387983912128	0.153646326520456	0.114760300324691
0.0809903576799821	-0.00659604223994229	-0.062271115730205	-0.027688193234987	-0.299371088270829
-0.0433767189963933	0.0844259888492598	-0.0522458385153076	0.0473764392522155	0.191697730649467
-0.0352702348144715	0.0657848734173028	-0.194243502808334	-0.0382844133031389	-0.053052400621428
-0.0307652430079297	-0.00288382658886562	-0.0541154673384748	0.25287261575878	0.138502268947216
0.0261989890185813	-0.0993204031183156	0.0838599445466316	-0.0438820632123375	-0.0593383234615395
0.0620760880426344	-0.00706247964430765	-0.0862495092843908	-0.0303620126154256	0.0608967611791398
0.0882488122023295	-0.0865400937307022	0.126548058108896	0.0172444182108382	0.153275744270461
-0.0232463071652787	-0.102258394597958	0.356483078920333	-0.021598067618041	0.610794765025136
-0.0242580962393702	-0.103775195272331	-0.35116408691263	-0.0292346883470209	-0.669962064707355
-0.0320165799929595	-0.106396915219326	-0.34728322555793	-0.037252595674524	-0.652487127475183
0.0146226135218353	-0.0107372533335682	0.117768408094079	0.0145030398451794	-0.10144828924969
-0.0319227428928328	0.0283048549322901	0.173415450404161	-0.0340730626946049	-0.196186080381221
0.0209868239602343	0.0240801294132037	0.241361071928957	0.0175685208399128	0.224359656543235
-0.0300675285699606	-0.0750656086596432	0.220726925565354	-0.0281706656010885	-0.00187817931439964
-0.0314164118862052	-0.103780067961437	0.0660027997545764	-0.0355080884954905	-0.0328276026902058
-0.0306814431269741	0.144027959543648	-0.066039231271261	-0.0404094158263393	0.0998893368234709
-0.0346394928966262	-0.102021853457544	-0.22724407144686	0.183839496834103	-0.161779787985233
0.127583961128294	-0.0505532347256311	0.0253106181011804	-0.0254930421949037	-0.102920099256293
0.0671279872039031	-0.088213368499281	-0.0171268622047075	0.0679153663228414	-0.0398767416348809
-0.0268447736571806	0.00200322586573416	0.0898165943971712	-0.0307883965325316	-0.110697798975359
0.148285928353227	-0.102928552082004	-0.0155151299237618	-0.0400414127605483	0.229298186014476
-0.033825348304534	0.0247958808682538	0.217187073234931	-0.0315826755803053	-0.186641183730902
-0.0227559740745564	0.302306401510028	0.26028956226734	0.129266591656126	0.0949082890477169
-0.0297217655005572	0.0701866905362419	-0.348348712034412	0.147338687262268	0.132987267207038
-0.00741555184287111	-0.120710779954809	0.0628586363314874	-0.0595652872892129	0.0626473181851631
-0.0266271160615346	-0.00173422093684523	0.220095353926005	0.0281638304314324	-0.137830091060757
-0.0371265264521213	-0.0859716218107024	-0.0742201465913002	-0.0365671499365635	-0.0827800412136034
-0.0326397857633766	0.14398741228365	-0.011283713752594	-0.0398698787387155	0.160645352667636
0.0610773892777989	-0.00190359967010561	0.186277610825812	-0.0422317726191164	-0.140667927895362
0.244697320147775	-0.0926494812946494	-0.0725532655837936	0.232342919755846	-0.0923262781263201
0.0981928800690947	-0.0329189011178714	-0.014217337778118	-0.0285549078724416	-0.0440654989861961
-0.0341879238814084	0.0169187596303032	0.202713033796832	-0.0407032849625773	-0.0138763582706687
-0.00135032164981036	0.0312629978555904	0.0210724056665233	-0.000383207061505744	-0.141639640561386
0.190207229103068	-0.0951032889469425	0.0795067412832272	-0.0409230233743905	-0.0973390717952161
-0.0382967255361086	-0.107654141737144	-0.0883638204544328	-0.0470403323651277	0.212802704800695
0.659125084809243	-0.0779261012729596	0.369477981829449	-0.0351217339097659	0.0199511320908873
0.0673653136959599	0.16630992327844	0.11735821912834	0.142421527786494	-0.0588299507539661
-0.0327424488481477	-0.0954462968295906	-0.00712961063672048	-0.0309306507794946	0.021961581892411
-0.0270226043150973	-0.0966657949282926	0.0635194108491849	-0.0266970600047112	0.015863676447578
-0.0264139314022447	-0.0867414017407194	0.0703661532036511	-0.0326900641163318	0.0215703114534449
0.00900166849812656	0.042369765273643	0.100821593692868	-0.0377979249318208	-0.0478953604844241
-0.0380571641996419	-0.0759541349892743	-0.00610536191126243	0.0147430425576055	0.0878445779273828
-0.0294179077604078	-0.101632563431322	-0.175432832799259	0.05959673331517	0.039614114019694
0.0690951645746124	-0.0846083850042208	0.0750630430309202	-0.0309713418985607	-0.276902902082003
-0.0293142322611096	-0.0933665308608623	0.328122119798829	-0.0313561823859966	0.109298460426486
-0.0279986765456385	0.0463629791980875	-0.0769171255575313	0.255231531640054	0.12202920130081
0.0394670036240212	0.0516365271969456	0.00350789206961675	0.110109600701819	0.174982877091966
-0.0329577968119534	-0.0928405809196001	0.0703033810623386	0.148467743268367	-0.0793921833560998
-0.031894418196225	-0.0970620782172624	0.0210662964274348	-0.031109203074713	0.0218876800731794
-0.0263805579753516	-0.0952778275092482	0.0566619334584627	-0.0283011185060975	0.0199074634232012
-0.0281396722191886	-0.104829505611559	-0.356650964791459	-0.0360237304461238	-0.247025243820647
-0.027007726604125	0.0342959068468751	0.156493340828379	-0.0293423942533423	-0.0568003417029928
0.0612154097546006	-0.0983132799363505	-0.0880209457581394	-0.0368367058450707	-0.18569767760539
0.00661281371038461	0.0097121484138217	0.0684300451230287	-0.000744937315193953	-0.0899334830981939
-0.0209527520034425	-0.101662728814936	-0.350271527347018	-0.0207434149862637	-0.27829344718162
-0.0314125320095144	0.00624892244538395	-0.105799239491971	-0.0369447985616826	-0.142493172572351
-0.0260355917990782	0.113073969755253	0.104117876582689	0.254357909955142	-0.0967845015361434
-0.0314960789990842	-0.116053470062502	0.464668025616284	0.148939291076236	-0.334825612584932
0.0433441844303225	0.0464093751198802	0.155398269958191	-0.0366687478736959	0.17161966478706
-0.0334466389719749	0.0267201286814923	0.202007129994155	0.0304082544723821	-0.149176563321093
-0.0385122468218732	-0.080767126124914	0.175288951046257	-0.0474079464564701	0.201995628829014
-0.0298014725048992	0.233954459634326	-0.164067131348579	-0.0323787807407447	0.0311355074492818
-0.0351379793830522	-0.079830752454405	0.229199920874552	-0.043237845656268	-0.145765111518885
0.0300635907647828	-0.0842952333385114	0.0724351379113804	-0.046010399334781	0.0846451983881712
-0.0389880394699019	0.0813318274139775	0.124796042969859	-0.0438691915962945	0.148332626641757
-0.0339150298721628	-0.0674068199510929	0.00847625774039453	-0.0368437670464558	0.0366007132833756
0.0367130580836409	0.0345319449484617	0.230419453061338	0.101155068094182	0.088142900820447
-0.0327548401606597	0.0268468452890278	0.301035793389988	0.0922014070102556	-0.117509859570203
-0.0298644493435118	0.0752098911167546	0.23987859000901	-0.0347677265389255	-0.186409704638613
-0.0307098259935366	0.0057411626167596	0.0292777012260706	-0.0312247101447334	-0.191297690480151
0.0430482027360166	0.080103221919624	0.0203033134741885	-0.0524097039683413	0.114438122208843
-0.0273776886782238	0.144343180790371	0.0983330347619581	-0.0316175676367619	-0.0396570084218552
-0.0307457016143227	-0.112522910475168	-0.230266661055141	0.0800169120611698	-0.165687098574152
-0.0218047737815977	0.00424661007020143	0.200087562491729	-0.0295390034075231	0.117818335898253
-0.0324321794723301	0.0612844200243413	0.0586897203691194	-0.0324855065996868	0.176559848703343
-0.0311008749882579	-0.117661212550993	0.364080641974798	-0.0367031010000516	-0.324729026978171
-0.037628998211865	-0.0829351803145344	0.357569077525826	-0.0470505319227351	0.0501148524754247
-0.0302402104637281	0.0351280653459179	-0.0984396066954363	0.0855907831256719	0.0113752196727359
-0.0373238211955975	-0.0942960144291657	0.339838014026667	0.653990281550082	0.0503408241367293
-0.0274425154134893	-0.000549036598033052	-0.0691110013113585	-0.0322604633456539	-0.148380493383595
-0.0310169276909586	-0.0573069244350058	0.0292776803214781	0.0827851675188324	-0.0304958856434953
0.00520818793108889	0.120918498772991	-0.130184626692764	0.000716794989951553	0.0388071773573205
0.0245895813575898	-0.0321354945092264	0.0236006171682338	0.0791077532411167	-0.0623827383279693
-0.0356342865851693	0.00355872917894455	0.023505919611908	-0.0446271032916212	0.0608379514226189
-0.0303469033120362	0.024407842242802	-0.0196976990138812	0.105572648876309	0.00421319412647358
-0.0296855808418572	-0.102052388608423	-0.206367145233341	-0.0301472443158559	-0.416693950425568
0.0810894802277203	-0.0910431076286385	0.0303103628847523	-0.0233001293390069	0.0568036916181484
-0.0333153732988689	0.115996053538874	0.429812770850557	-0.0410736286965834	0.294671624339433
-0.0291717228252321	0.02713576342364	0.0205988463607559	0.420285752764405	0.0235483591877221
-0.035390880780245	0.0311500520710137	-0.216809985323056	0.0688998450284768	-0.238415038821784
-0.0288828022062279	-0.0870109143185619	0.202848905301511	-0.0274876573332489	0.513596172027749
-0.0286950683503666	0.0307720625359696	0.0978850715855679	-0.0329073602766552	0.0990078388618264
-0.00454237859374697	0.0653192250725047	-0.0184419403423272	-0.0326574321422345	0.11085160082185
-0.0259626711885074	-0.0406900588491584	-0.105439817825145	0.0169244582186046	0.0518593542905954
-0.0286538654178541	0.0844158190043367	0.341216144245484	0.154338053872129	0.0190098536915476
-0.0312761093756114	-0.0937607842519816	-0.121328529117653	-0.0425595461751428	-0.327151770535851
-0.0377561878562938	0.111404581978143	0.0442503235519368	-0.0371008191586338	-0.0606983578718441
-0.0312469029450659	0.00359353928283803	0.0787525373975727	-0.0390264668049893	-0.20223452362737
0.0363009404213722	-0.110911560425441	0.113261234562567	-0.0391777578391768	-0.199963277718968
-0.026965347360676	0.0452909848674357	0.059013938607664	-0.0309377752047335	0.00166886834522392
0.0380306507131144	-0.101527087102369	-0.149705109377017	-0.0333544000290042	0.224735553356374
-0.0377215767977069	0.0562520027649534	-0.18654730628149	-0.0409670423259558	-0.137983436055907
-0.0371306140585784	0.00150927463243765	-0.0888496409158839	0.221425345648059	0.0503402698459506
-0.0394879782793688	-0.082673901595433	-0.0586682901328167	0.236273266446353	0.064491947120163
-0.0395913684919692	0.122098594687783	0.224836961706229	-0.0456102840866633	-0.0154300696716493
0.0727929805016074	0.107413131039088	0.289697532525564	-0.0329911905905606	-0.0337952795237706
-0.0409581091074054	0.107927240772042	0.219552454022797	-0.0434013502706371	-0.0657236104882748
-0.0296178957152392	-0.0964490390204669	0.0494623448924193	-0.0344375687588063	-0.054643907833247
0.0597209496941515	-0.00294835959384927	0.184311731517084	0.00585580465856056	-0.0586408128938358
-0.0266478521813346	0.053324358304876	0.0829439315368731	-0.0317886324221199	-0.0525198739834384
-0.0323155348147887	0.0866823936766267	0.118888735187953	-0.0350334312435812	-0.25606769584606
-0.0290402475127716	0.0722172179845686	0.0673148142455635	-0.0332142892714615	0.0102354780925865
-0.0340298295845629	0.223192201729618	0.00485069621915274	-0.0385751802865348	0.132876549389053
0.0403953031152578	0.0992990488830779	0.016711634507558	0.0319136135870416	0.103311749824183
0.372084937328987	-0.0898141718510892	0.35885534185741	-0.0451920114762171	-0.242749020845651
-0.0270859628318962	-0.0973983304789103	0.0547144148061378	-0.0295719660721741	-0.109962146044165
0.0423379516111736	-0.0510130027059247	0.0694394650564588	-0.0323601759993435	0.332686570330207
-0.035571128817565	0.0138113548619379	-0.133422165390701	-0.0372485271119318	-0.414375426652735
0.0612233960581587	-0.0911563292623653	-0.160046515318653	-0.0343735810706406	-0.075153629996987
-0.0295215974635701	-0.0865357530613541	-0.0595718674448935	-0.0376255697714575	0.114861294199534
-0.0315107863981446	-0.107805187519658	0.339282666465568	0.184342762642737	-0.0855566421701191
-0.0387746434120527	0.00736300145696382	-0.108475250236155	0.105198822769849	-0.196024735668186
-0.0234897710592686	-0.10886784732624	-0.060184293118098	-0.0282166828529446	-0.518152763613813
0.0216752172961732	-0.0896362005258515	-0.100808331314329	-0.0614932947795354	0.152512968878152
0.0700227885973241	-0.0882211453743085	-0.150761151010176	0.0636518395142443	-0.146211565005538
0.0449241226299826	0.0877482883361358	0.0365562747000866	-0.0513485735711176	0.105789560646339
-0.0318665241573809	0.0918269388190058	0.085124292894797	-0.0363755725829934	-0.198554441363105
-0.0308175028380727	-0.0899085814444485	-0.192521691083283	-0.0376252605114839	0.332846970939464
0.0183073364094298	0.0250658834637756	-0.148245023829863	0.0590737159063836	-0.0196865290978744
-0.035881317693968	-0.113502317133773	-0.104339983733725	-0.0399211913918618	0.0386429651375193
-0.0240957513081417	-0.0441631985108702	0.211858234463206	0.0363327854816411	0.0413859684905174
-0.0334618173341429	-0.102950670779062	-0.195971261797478	-0.0378192775063937	0.0414892788943303
-0.025386240443066	-0.0345467775185855	-0.0859759900876171	-0.0324897905053123	0.0332876916186706
-0.036665610929706	-0.0593739685443028	-0.0933754598346986	0.00279930699244884	0.0872814808141104
-0.0289951512991362	0.00121263407365116	-0.052672158136175	-0.0300665454131243	-0.0321874815384082
-0.0292055421959614	-0.0870825798875409	-0.162094726247148	-0.0364287099389391	-0.178493576228574
0.0916349754092102	0.0797464818359941	-0.0445952799603517	-0.0363316818102273	-0.00265183506686098
-0.037070404126647	0.128224306583899	0.207808519137465	0.033085843659848	0.0250207854585508
-0.031395748493924	0.11698291554537	0.190503913206717	-0.0335536701619604	0.0187181382052401
-0.0260826498741992	0.0743146304050835	0.0521714773967922	-0.0304630817287964	0.0303154220706286
0.0256575696041704	-0.0425215533196716	0.0452207492711925	-0.0310475240706198	-0.171760546442833
0.0649605944887041	-0.106471562567654	0.151743103093956	0.0117889188195577	0.177148069483046
-0.0364207716717621	-0.0198617692912653	0.171620222289052	0.164996261245432	0.124233518245986
-0.0336550828343871	-0.099768467123609	0.0450781747744984	-0.0405463238539157	0.275767544457139
0.00475474649774929	0.0255787296461594	0.0392084841840763	-0.0130939102537983	-0.108915782132855
-0.0340632889594636	-0.101445920740371	0.511738674010044	-0.0328520757696201	0.182566662428874
-0.0344565728923027	-0.0864503488525605	-0.0953412080601575	-0.0410636619167067	0.0297266068257398
-0.0284482953640175	-0.0213456004623242	0.185242187180543	-0.0355144428327478	-0.0510311405688749
-0.0197887207479385	-0.100320411452306	-0.359621756462879	-0.0255265942461093	0.0170822263922334
0.0232386004302196	0.030468506742596	0.00672994400738575	0.0137266087541867	0.00473635494150417
0.0607947234166775	0.099492855469611	-0.141299914287897	0.0565635447644282	-0.132626272917633
-0.0245427777442339	-0.091430390804939	0.0637676731816177	-0.032631764791249	0.0251040257508252
-0.033254928411533	0.124631647770307	0.0615476645580516	-0.0327319822875579	-0.0553341179544985
-0.0305673437726541	0.132843416190703	0.319650108562669	-0.0301856307346645	-0.0339492634490152
0.0496752571585971	-0.0928900912048046	-0.0519501025542957	-0.0388074488934347	-0.145637785326855
-0.0293062620281842	0.169234799057586	0.30787646822882	-0.0291722841425679	-0.0746741639478237
0.0231454588268833	0.00372510738280266	0.266933951254121	-0.0336651994007694	-0.242754563625904
0.0746906591138241	-0.0911590731711798	0.20896483219705	-0.0474738181655962	0.0606412171336243
-0.0281368356860089	0.268418034145583	-0.0704507788778258	-0.0301323737697162	0.0788561378873923
0.0158274880764308	0.00721466881722642	-0.0179529344389304	0.00859404040133059	-0.24287479339671
-0.029989767928057	-0.0550013859028423	0.184025027501371	0.0120217066426011	-0.233923318828779
-0.0239824750773375	-0.00619736287162298	0.055591501076281	0.0675282798362511	-0.0158308192218165
-0.0256810733911456	-0.0567078233890574	0.0931454446234505	-0.0346047659364364	0.13950070165577
-0.023036064821109	-0.106147542047773	-0.0208938341905552	-0.0287091029983339	0.120883651871582
-0.0326669872505638	-0.0270301719416064	-0.022507461299858	0.0034882954200584	0.02736561692787
0.132536381141713	0.0620780023813393	0.00756355242066534	0.0372267062036117	0.133484059068407
-0.0271569161174818	0.297781760207779	-0.0469425711934061	-0.0291156009549768	-0.163570879437526
-0.0372749354017861	0.0548297514908742	-0.0584401203312044	0.0411040206779242	-0.137215911785645
-0.0465636672070391	0.0216490988042525	-0.16809671848558	-0.0586846981599417	-0.303504019832237
-0.0370065406962864	-0.0846588899613753	-0.104308299968528	-0.0398156520736004	-0.255224024641256
-0.0326292231322163	0.0662368205169022	0.147241591531033	-0.0366412610529478	-0.250770666270379
-0.0365044212069722	-0.0340698155817036	0.324492137683657	-0.0411070152311028	-0.14172296241882
-0.0341431108644422	0.151553202072913	0.395095210793183	0.0552932020633461	-0.0803592909164549
0.0664544648038043	0.000804440403486878	0.18868169383805	-0.0372410612602188	-0.0143036238634292
-0.0369314765873476	0.0216976080914056	0.212175506510457	-0.0391973291565132	-0.298152371798239
0.0439493106851817	0.237402651336209	0.00349711583488928	0.0370139209947547	-0.0159241934732737
0.0757815938712347	-0.117261792904386	0.0169789450501658	-0.0379418849325337	-0.0720206318516443
-0.0385701905930631	-0.09642204120164	-0.12277361229707	-0.0453817721265006	-0.079732660450955
0.00490059466701794	-0.0657663792030082	0.0640860178436647	-0.000771813913859938	-0.0850262292327698
-0.0407052453038924	-0.080830755015568	-0.00489022737369481	0.0677409210473779	-0.159016084472214
0.0747623319616112	-0.0323768786899313	0.051619303941141	-0.0317786087109017	0.0687507552767125
-0.0313959074522378	-0.0173347017011842	-0.159656797073891	-0.0359534667164636	-0.124816515554279
-0.0300282964088386	-0.103390358033204	0.356756911581674	-0.0318410102381531	0.0234569119780171
-0.0320466307597026	-0.106259773605545	-0.328960536037023	-0.0323127920879157	0.717686489591298
0.0395501592161392	0.0644908796649911	0.138933232541848	-0.0448856821128384	0.0051484071794396
-0.00851629640146643	-0.0177744498874711	0.225058976813498	-0.0370715454688929	-0.231787747178336
-0.030666611801097	-0.109175907258264	0.0655789892488273	-0.0367144748447826	-0.1989010431722
0.0244636328141096	0.0371376161493704	0.135540435533048	-0.0326638050020943	-0.0984692364076579
-0.0352154383889547	0.0401786821605072	-0.0227000134957286	0.0720210544249763	-0.329086396842445
-0.0393197645074415	-0.034508779795447	-0.0120089350525153	-0.0451856791486793	-0.126837821068359
0.112551254356593	0.0303540318339346	0.262873517961059	0.106126591682582	-0.0383494304304804
0.0446131837140536	0.0353757329785391	0.133877218326996	0.0377176942833671	-0.17859343911836
-0.0290837520602891	-0.0897403356889994	0.0671658011883215	-0.036612776765699	-0.101284718969191
0.304881496665683	-0.100518697541107	0.00557600793197227	-0.0298398135145576	0.110065427066665
0.0276148165317034	-0.105961867946432	0.146715740701832	-0.0355016070381064	-0.0323318937402786
0.0731553931325979	0.0493776051069404	0.223397676800931	-0.0380220298442982	-0.105357155210914
-0.02349490024725	-0.101658471148956	0.0862418357940286	-0.0258845864296887	-0.129185403792481
-0.0372899418271464	-0.0869059096520948	0.150718993889283	-0.0430685012513029	-0.189920435502531
-0.0459775251778507	0.117370275804681	-0.0109852925236008	-0.0508200029380429	-0.00119535884481362
-0.0301956498821475	-0.0602506035473595	0.0113122364629909	-0.0388487056563135	0.144725065981458
0.0243683059135157	-0.0972123140636173	0.0471841299332134	-0.0431529951262554	-0.0271703807583948
-0.0345594702334321	-0.108322572054562	-0.056975517671694	-0.0375398957871522	-0.136424896354034
-0.0355751744355564	0.00688321694148967	-0.0700734966296116	-0.0437142280424439	0.0563383445698867
-0.0303668743235823	0.0263243546042219	0.325503373277438	-0.0287310022687966	-0.118707019173502
0.0572392159284175	0.0867353127384316	0.125064990687229	-0.0412197325130911	-0.00283095573289852
-0.0309017576670783	0.0628895173059659	-0.179522326418791	-0.0381033847512687	-0.148684391351662
0.0410130794572081	-0.0136888131429657	-0.0110695649622569	0.102972304958435	0.0404703057953381
0.185228642541541	-0.104488012318375	-0.12306638993533	0.181497886906482	0.170830823663332
0.148006587758995	0.0278927130920846	-0.225836257386547	0.0292685645164529	-0.00115469861167951
0.0388191642548127	-0.01709176233575	0.296342016744762	0.0305870208667159	-0.247155554683848
-0.0341190580908709	-0.0717999892959463	-0.0357948503605399	-0.0333976473761252	0.294292213582357
0.0765429998053333	0.00509126093423393	-0.022709900553846	-0.0327026280573392	0.181903029864941
0.12882382459869	0.0402479934477743	-0.0576664095699497	-0.031991553690162	0.182603618026605
-0.0344289158766203	-0.0909996371817406	0.00816590380141528	-0.0370820288038193	0.137310138450952
0.134192128553633	0.0617215719197281	0.15729642353136	-0.0325619240171635	-0.29298270679551
0.0557571420983401	-0.0566453637155079	-0.0469751657355246	0.0284029763976414	-0.0142222773131639
0.124348695435936	-0.0407546920069939	0.25296923403933	-0.0430420654968975	0.10933000076858
0.123318240204699	0.0467766227729646	0.252382912847784	-0.0365925154128322	-0.141916348124222
-0.0267897388524415	0.0954607235412723	0.0803142515608085	-0.0338178982677634	-0.0919582248849402
0.055837743624181	0.0946685841726228	0.0602117916995804	-0.0417755528007408	0.136977166948391
-0.0351800535696205	-0.092732445437674	-0.0945766904453341	-0.0405729789578872	-0.255574352196114
0.0756806213798671	-0.00152669382386352	0.221648952482702	0.0170354425675638	0.147185068206336
-0.0231206461464502	-0.102395834541737	0.325890702074318	-0.0306216418339957	0.0330890579265194
0.194105652191655	0.116317919361157	-0.127712256992653	-0.0344437964180837	0.155260607978183
-0.0341512737839921	-0.0942429606205206	0.120368072219991	-0.0316407810191895	0.209629322624518
0.051581355232716	-0.0765443521544737	-0.163909762541264	-0.0391809198934229	0.024934620154849
0.0738753520455159	0.103619449891617	0.0617850965170029	0.15960853764532	0.103468852478704
0.0242328097028942	-0.0401316504061592	0.00740785301669846	-0.0271915183160746	-0.000447191219569861
-0.0420231025277548	-0.0482338344321866	0.0786326837166377	-0.0503942168263518	-0.0476690903807409
-0.0328649685062419	0.0248642020766787	0.0433190043993214	0.0779938046871551	-0.0183808473883947
-0.0347442831919655	0.129669873646412	-0.326086610420682	-0.0341421952343474	-0.174230314465141
-0.0334688195424053	-0.02856558016444	-0.0816537847255731	0.0343560355570732	-0.122170285498492
-0.0266704472226533	0.176371342231417	-0.0781978219623797	-0.0342303233075919	0.161713746717953
0.0447748068590175	-0.00262628399892841	0.273340675116915	0.114640687593229	-0.0972029851933552
0.0426938054571232	-0.0857863530085761	0.125242914586636	0.0378514855406194	-0.0992425905194727
0.0348544146158493	0.104045402651318	0.131187145579396	0.0290411088738257	-0.256698955221568
0.0192427620352568	0.0130430050480894	0.129465938940348	0.0150486285366193	0.205295895141778
0.0095704550434282	0.167463749142631	0.157851220745483	-0.0414533460798194	0.116682715926123
-0.0261074679856797	-0.0246723479013725	-0.13320270960208	-0.0305401754193256	-0.151268082473387
-0.0357445838336134	0.0160423803172768	-0.0206388722881472	-0.0366724673220481	-0.00151203933242969
-0.0283769055317314	0.121015602890791	0.219996229580027	-0.028933903897057	0.191768659647008
0.028297424093615	0.0512420441141378	0.0662438291798351	0.125339124535073	-0.0138410129308047
0.0292427070335825	-0.0341792239351076	0.0734191758043143	-0.041069587400028	0.0164541273729706
0.0199100526814063	0.126084097650915	0.119501089609615	0.0632861709556524	0.327931388925123
-0.037264371805136	-0.0785250242952432	-0.132106051505726	-0.0423345473364154	-0.291150805986403
-0.0237624759230854	0.103966018886088	-0.0225353941512349	0.0473219544430237	-0.0211505723616728
-0.0418567595571997	-0.00808477431401193	-0.0837354176032926	0.0375708028823139	-0.00729453363783348
0.00910348257188588	0.111677103293319	-0.0530607064532345	-0.0407443005713885	-0.164804415618917
-0.0278665260458153	0.2313976879374	-0.00768132077663298	-0.0328731224238735	-0.0521051257075315
-0.0290518119834693	-0.107562253070748	-0.128184296717896	-0.0360441263208264	-0.336194678214772
-0.0300127713896075	0.00921934389978901	0.0571727653950647	-0.0337903464637093	-0.170708710443206
-0.0313351153215714	-0.0125689747219336	-0.046184757573882	0.0406773833651781	0.036656090639497
-0.0266202521565768	0.1279838895084	-0.0723571702543374	-0.0373108035673079	-0.0475803526754273
-0.0274141787318347	0.0481017009118065	0.0642214468606842	-0.0273432101538924	0.0202992365155303
0.0271787531760726	-0.0918459187220765	0.0476777099083071	0.263632076111925	-0.232782053401096
-0.0258776580002789	-0.0577096985576025	0.130365538506851	0.0610676324753658	-0.00204877161397116
-0.0346962437207416	0.0500055647709011	0.154128052628327	-0.0431699523451142	0.0561929263193647
-0.0392516363514304	-0.0823625637912813	-0.327188431816812	-0.0459274067461802	-0.649266446638187
0.131104991732256	-0.106252677448805	0.138665537844273	-0.0328495227572488	0.194020318567918
-0.0276966847162141	0.376431740166259	-0.095572725140444	0.0906596833188641	0.326052525698684
0.0885936411198204	0.161442835444634	0.0260011154052714	0.00783096211827418	0.156755646014487
0.0770828913680146	-0.063308887858233	0.0554782113228772	0.0192176068733984	0.0915659018788356
-0.0301184689832987	0.0108135777158904	-0.0529714865434057	-0.0383482074672092	0.286909386161472
-0.0369206052649999	0.0200970976666926	-0.339886303907585	0.0775996942090855	0.265678508520363
-0.0320354193616596	0.231606125185355	0.245087181698096	-0.0365548716291796	-0.187154982488533
-0.0345242409713285	0.0135438357142848	0.101496410021609	-0.0334510130157007	0.463322233310343
0.0447462537513856	0.0342842662261267	0.0897243797167979	0.106734023599945	0.0329203114233075
-0.0326994335925914	-0.0913445304021485	-0.106536970200989	-0.0415912670091133	-0.0260320867101539
-0.0371401108841588	0.186662765726385	-0.0634439880634604	0.244611827138618	0.341194776278639
0.128574974192039	0.0662059849767819	0.0687904583648034	0.12149953220422	0.177223806498609
0.19005916873431	0.313037130239719	0.218372301484665	-0.0307229201888752	0.134803474906142
0.0871173507788333	0.225024173379697	0.154924662969047	-0.0384680629369092	0.256190958004537
-0.0342798673614942	-0.113037610826947	-0.00843370285381613	-0.0412996099887187	0.0983811642833075
-0.0313197788052329	0.0249588191631079	0.0702010640163613	-0.0382943343386884	-0.0822141031174976
0.0253760285965596	0.0904555633044695	0.0866847517550449	0.0270370529050137	0.157235345653442
-0.0358558975759047	0.074841435493836	0.106971025669018	0.0579203625716365	0.0896819194195861
0.045698501210219	0.0527854801708427	0.120341747108244	0.0455075786177626	0.188189107215458
-0.0311551900754436	-0.0713810774680987	-0.0222857855530873	-0.0391599803896422	0.0316901342143787
-0.0244532019211814	0.0735421812288898	-0.00754346779282042	-0.0279114062371577	0.0196870024842319
-0.0339482975318141	0.0450491377587515	-0.184121738867424	0.115128750100942	-0.142632641807337
0.222908681112769	-0.113661409181667	-0.100941121967464	-0.034883824989995	-0.0349056708653987
-0.0322513544479997	0.043554280013629	0.164399085445003	-0.0394403526220894	0.268347775372974
0.156064667975889	0.225309997748693	-0.0362561387910146	0.302190818420317	0.145513775733049
-0.0346135290131362	-0.100530796404342	-0.319514683154714	-0.0431200527412818	0.0412870963030035
-0.0288052569718091	0.168952349071036	0.0673720257305317	-0.0351993118325404	-0.171930732719842
-0.0263961624369448	-0.100715037315522	0.0374959470313299	0.0284372329525016	-0.00662656030788155
-0.0303140706949523	-0.104396264441221	0.0444660636562578	-0.0357047513153897	-0.216114750846121
0.120558551990181	-0.0227206163204718	0.145938937659533	-0.039309789068349	-0.126865370726114
0.0376753027181066	0.035831366978009	0.180115344183239	-0.00547941711873312	-0.0079928877826468
-0.0280779914664003	-0.113704797748735	-0.0893921007896453	-0.0348816910203245	0.181279737607192
-0.0388777330980149	-0.0900069931109113	-0.341347302961946	-0.0396067264154666	-0.173359685851664
-0.0267938953034251	0.160843137585037	-0.0728338380041965	-0.0313046697236734	0.0142339880780833
-0.0422241100275299	0.199123416675647	0.0847253306616579	-0.0522888245805249	0.118205660738518
-0.0262414643199905	0.0700257111269871	0.119271971121849	-0.0320537711378079	0.127702619351908
-0.0316297979204503	-0.101955578371283	-0.0145497521534624	-0.037116946851945	0.137313937199939
-0.0343757952264653	0.0889070612230953	0.141784761050297	-0.0432442373314239	0.0414683960729189
0.148975171940373	0.0887347944040201	-0.0092566275299463	0.148693074831036	-0.332496999228813
0.141335171426406	0.0508859376998275	0.0885981604452227	0.0573686020977994	0.0288734673127229
0.225019796483476	0.0651383157620348	0.0380091057050945	-0.0383138144554826	0.105539438307578
-0.0338250255700099	0.0491476607198527	0.035597458111278	-0.0426212558388136	-0.410725587254498
0.0558391040819641	0.024341432063403	0.106779327543964	-0.000743255857625937	-0.0299819675191782
-0.0375473665941282	-0.0929851773359972	-0.0113969717383877	0.123497328626476	-0.159215852837227
-0.0502392108363575	0.122728626834789	0.228386026729517	-0.0652811084205732	0.204368917186881
-0.0317219526653837	0.0441904454982699	-0.0257317026858886	0.102065027053744	-0.223965271553379
-0.0296756895233581	0.0878441660744207	0.0611583489578868	0.0778566265300862	-0.0628021976232405
-0.0325919873771366	-0.104528105506938	-0.344778277522884	0.146692378404215	-0.185480536345233
-0.0220390470593907	-0.0997947977478934	0.0604044671571625	0.200807533205407	-0.279274172995306
-0.0301688691787652	-0.105551252437873	0.217101316824108	-0.0350145850182445	0.0326524605339959
0.190661892930778	-0.0867910965591657	-0.11998784711242	-0.029883175123286	0.00978904506454488
-0.0307071521551935	-0.0917403519984207	-0.350050744262704	-0.0286519784441516	0.420560432425962
-0.0344916584928901	-0.0991351129866243	0.108019537127042	-0.0435228092137322	0.240152143855876
-0.0352255282915342	-0.0818290197396916	0.126192461479961	-0.0408492243215703	0.171944634925288
0.0525219940936509	0.134690085036506	0.0101594316180723	-0.04181395823701	-0.19591716471443
-0.0314973115405388	-0.0699775304037903	0.09271221449289	-0.0274800143039557	-0.0612643415882192
-0.0258283197854206	-0.0958820023281731	0.044376270714528	-0.0324836883219414	-0.101638723385862
-0.0325547559593762	-0.0789196406181444	0.187213152846994	-0.0335098953108325	-0.169177013175571
-0.0271515900426402	-0.110080289536841	0.0406222678919823	-0.0337494436737885	0.0446885997030696
-0.0319150446435457	-0.0919017885256059	-0.0403970513220811	-0.0381720298895079	0.185220895635134
-0.021686724459159	0.0138986847303172	-0.0364116941136484	-0.0252759675261497	-0.187662018150511
-0.0253390335572541	-0.106931426884667	0.0592709919982151	-0.0270762205050357	-0.112274466374769
-0.0305734277234006	-0.0908418451899832	-0.027428417072654	-0.0329995051633839	0.170530639459364
-0.0379887332929426	-0.104140394779614	0.753519584054244	-0.0475176578993305	-0.622526286103909
-0.024613844240527	-0.09087717187823	0.07356694965393	-0.030703982448971	0.0166458739809066
-0.0279735508741058	-0.0921294421293682	-0.334767195184688	-0.0357220352644798	0.722614737889018
-0.0329468698893876	0.189644399437188	0.122062521067613	0.0904764706686846	-0.232005978085381
-0.0376953309934708	0.133714231723388	-0.00624125225532001	-0.0450122970682211	0.409665364181356
-0.0200402563634737	-0.10754783282157	0.0353897614781079	-0.0286731118937859	0.517456496406977
-0.0287562066011433	0.168580133598635	0.201910152850906	-0.0363834608427432	0.0761157108546465
-0.0291458084188493	-0.109676267354652	-0.346159291719395	-0.0344629815489264	-0.099278914579349
-0.0337208405994757	0.0906333927547817	-0.153027104510803	-0.0346154299042463	-0.195812801804234
-0.0303516959731774	-0.0994094290564323	0.106547120489431	-0.0397234855606525	-0.0197240573691454
0.0662868866373999	-0.0713557055101851	0.0793526143889517	-0.0298495397834233	0.00105375002156323
-0.0234284104127614	-0.0897281585074756	0.122135980649833	0.328508295901251	0.144140468844544
-0.0272909594921661	-0.110635923106718	0.0751602234920853	-0.0333628450003475	0.0353551348473014
-0.0334531804342428	-0.0713796571960777	-0.32583709950991	-0.0326677675671399	0.611643662943044
-0.0319288163957556	-0.117336465316321	0.215384751021813	-0.0392884937347788	-0.423313422136338
-0.032836781853004	-0.0883584973846654	-0.335800399809713	-0.0394908351771384	-0.249747789815097
0.0875997877507553	-0.0443692084610961	0.0475174754325716	0.0163532383837677	-0.0348770554863177
-0.0301450601107059	-0.109595364515583	-0.167829017264508	-0.0356083105898768	-0.183332370984568
-0.0373878936865475	-0.0552690822731374	0.00810061798606944	-0.0354731265273841	0.0691484516607512
0.0559546345541209	-0.107595234615246	-0.157019341661424	-0.0269869436095459	-0.098815969012315
-0.0284672414975549	-0.0893130796888588	-0.00787806696225034	-0.0346240294471247	0.293217996843612
-0.0292391809744268	-0.110886809164244	0.338454395299748	-0.0362337641877019	0.735685435844416
-0.0325727951536392	0.0778790631653344	-0.159984816431337	-0.0342970031677346	-0.323392519722426
-0.0423473824936616	-0.103957111903313	-0.0677781697606464	-0.0511808495938579	0.229418076702283
-0.0362839161512459	-0.0889416214627224	-0.315995006093085	-0.0438603443336815	-0.252659433950772
-0.025791688888685	-0.079679353499015	-0.337512160683039	-0.0302940097658095	-0.68087517693358
-0.034261680638629	-0.107567320854718	-0.0692487160784299	-0.0430326415919194	0.138349369880634
-0.0297082996179877	0.326167503899718	-0.343907035092701	-0.0430989094991161	0.0392633010697707
-0.0237492316887688	-0.108620288760813	0.551315080220955	-0.0334483797005046	-0.654371855364106
-0.0320095047982843	0.0255947858529493	-0.0420403962811262	0.163457063128139	-0.0376892783800973
-0.0424435649122182	-0.0795713022072258	-0.0592714441187648	0.647342665231361	0.0562992179295729
-0.0386156381318524	-0.101427679807002	-0.100512713026299	0.0152144934116327	0.317566800665392
-0.038354500204566	-0.0865712724911658	-0.321470369280102	-0.0443081822224792	0.0404680143188513
-0.0250898359993187	-0.0915909878846545	-0.0251192078698647	-0.0350673865060323	0.0911533385359623
-0.0295529692578048	-0.102191900625704	-0.068153310547959	-0.0344911268548897	-0.368028273327733
-0.0267169436998759	-0.105678048018494	0.01446192993426	-0.0300584050680667	0.216910027770893
-0.0412020353497626	-0.0854917418383064	0.136242098575461	-0.0506753374669272	-0.0272578506650232
-0.0255749580973847	-0.095169777265936	-0.00910587040749762	0.299983382296626	-0.188511844271977
-0.0365163308636977	-0.0949466528116569	-0.338851779057656	-0.0391703117477227	0.440500961507166
-0.0326598538504391	-0.0843049722617696	-0.0355123672576602	-0.0344973247992434	0.419482109187691
-0.0336334447271278	-0.0964266674311252	0.0124133412900559	-0.0348722704248179	-0.30751155405692
-0.0331959194306301	0.00407415614179088	0.0450050377191727	-0.0363411543497639	-0.124777360260146
-0.0236726027586322	-0.107216848632877	-0.192803299467898	-0.0262920059070907	0.242615849483291
-0.0333665256633434	0.0110587678629217	0.0902286682825837	-0.0368118052742883	-0.0333726985608405
-0.04054233358416	-0.0945133490583614	0.0532444799591408	0.357062107591801	-0.0703006146169092
0.0306002254576909	0.0186982240843183	-0.19844250460947	-0.0429943830057517	0.152208089517477
0.0427866347454545	-0.00789245539708734	-0.0126026081943497	0.0362440561952538	-0.00930020048165703
-0.0394117831644417	-0.0835814093041187	0.230018979617771	-0.0433405613027595	-0.0944192497540366
-0.0279955350101424	0.107086868184252	-0.056731810786047	0.0667699941477462	0.40649285222462
-0.035911173216815	0.0580917238332816	-0.315776026002634	0.361481260900171	-0.252111250174396
-0.0319447759006359	0.39940025882925	0.182819580044436	-0.0351844319012788	-0.378532378910877
-0.0326376031255706	-0.0843263317448005	0.367309673157495	-0.0351591007621895	0.0172411934720002
-0.0286236885499556	0.193127606261156	-0.343464058686367	-0.0264462814618498	-0.393753141132696
-0.0294996418739593	-0.0968835362931564	-0.113600108243103	-0.0300015414509832	-0.227261981687868
0.0087069643453207	-0.0534629524393445	0.063620626471616	-0.0379974876140116	-0.209526310345055
0.0363930339669569	-0.0815356638626444	-0.177856930611803	-0.0461574226422731	-0.222559429753329
-0.0369579710986773	-0.108005783543647	-0.162478095313293	-0.0418271980866774	-0.305015844872102
-0.0279892533180184	0.169867317528241	0.123079100864693	-0.0332987537740016	-0.0572150944905701
-0.0248492019969145	-0.102686346838973	-0.24171655864062	-0.0358787611086225	0.14812859579136
-0.0337244517404732	-0.0285662815569205	-0.0214438800669714	-0.0385464953199828	0.0395751831638828
-0.0330166932125268	-0.0250133408368274	-0.0199789786019935	-0.0340584329883816	-0.140234311782243
-0.0370410529949448	0.0292865767598857	-0.3355564899697	-0.0419972615505838	-0.0296298832444574
-0.0398331035002914	-0.0743559663664461	0.154152846722365	-0.045441463758976	0.524055903792229
-0.0321577024512537	-0.0830329230890822	0.182739835357107	-0.0353332307093545	-0.163343748010822
-0.0374212229678238	0.186643715018318	-0.352475191728263	-0.0425957747519121	-0.126610975457015
-0.0279066811158901	-0.0902830277956563	-0.106234691492792	-0.035491923764935	-0.109931692546721
0.253957363851404	-0.096804365221404	-0.337408116276961	-0.0309106903235066	0.306975961957125
-0.0284903701682987	-0.086821464310561	-0.178050085904798	-0.0344728481626534	0.106232212043887
0.10588051068278	0.102792138107909	-0.129658014110606	0.047897178031932	-0.036844294667643
0.0560724095563677	0.113185831322361	-0.163599239723099	-0.0379767297880205	0.013304425723426
0.186712306243351	-0.0722941934335484	-0.204300191972447	-0.0352074695844096	-0.0538850031739173
-0.033907001483391	-0.0898321110514871	0.0293349823651764	0.0733296449848232	-0.162954950705558
-0.0341645157528149	0.101316017901919	0.145515007960614	-0.0348512477528611	0.200336188213298
-0.0357718590643118	-0.0856260585173743	0.251892422262472	0.0675231835026797	-0.0318405892519296
0.148582444007165	0.108837121211529	-0.141720141192466	-0.0325072255832583	-0.350066485925801
-0.0343015424314965	0.042233595714584	-0.0483259951952912	-0.0389084085062265	-0.0922571922131407
0.0322959744261651	-0.042173412457814	0.133681329084615	0.0918328960790159	-0.00696994171849032
-0.0258310378367529	0.182780741352258	0.510825137484388	-0.0273778938221101	-0.167931688986955
-0.0356161099568649	-0.0986950634523089	-0.0165893186162343	-0.0419846340006397	0.313905965769139
-0.0343270768086806	0.196163009097303	-0.0508301387248026	-0.0315425710686178	-0.0685553910441082
-0.0315833770859338	0.0427752058026803	0.173495890102389	0.121180277878207	0.254860915465751
-0.0226966297745089	-0.107427847482331	-0.158216754291422	-0.0280089069825204	-0.0299606824396388
-0.0313990059577236	-0.102945227180121	0.0334435340191616	-0.038860803399824	-0.013452585510499
0.0171827628800852	0.105773533645966	-0.240465263576635	-0.0390603975592109	0.167699765151529
-0.0262863420248514	-0.107811401219825	-0.191936419794328	-0.0334243445576578	0.0990453116134671
-0.0255492192124476	-0.0206242244328395	-0.185708739300384	-0.029219311715894	0.233338096404166
-0.0308696826870148	0.176403588720778	-0.247033039661007	-0.0372927788095863	0.151115359401417
-0.029581334398039	-0.107575703074991	0.215477396591072	-0.0347097770449327	0.0343537042147867
-0.0303462709581927	-0.111904645541665	0.140184964791425	0.0817368007801008	-0.168864995632977
-0.0325887070274558	0.0341656979216184	0.0637973364229817	-0.0442215560866986	-0.0202927798420609
-0.031110218981385	-0.0762955239501469	-0.324001374537295	-0.030108654635831	0.411832292485449
-0.0253484152990228	-0.104903912265346	0.346857674299703	-0.0280064277974457	-0.160805171635779
-0.0382815131567118	-0.0740418313684349	0.0862527739526475	-0.0404060391933074	0.244848592184988
-0.0296226454857633	0.198717024726223	-0.0341954779860643	-0.0321391163875611	0.526616436975487
-0.032632547002408	-0.0834726905025629	0.0597925804471463	-0.0452129777469151	-0.420137263057079
-0.0320167076977907	-0.0878221435176112	0.241968652003352	-0.0366841894797288	0.246550948465531
0.0377599883869323	-0.0059378744063815	-0.00920422404441018	-0.0369029989343239	0.160702001223436
-0.0313695307440174	-0.0776098134830327	-0.0248754188232981	-0.0305113767910929	0.198634637108949
-0.0308237008446464	0.0319193812133976	-0.0420829352856534	0.072746254172124	0.115126169316001
-0.0406248623092165	-0.0767215479852289	0.0694157398992481	-0.0419794670610786	-0.0942231545734998
-0.0337779585644361	-0.0998897086943721	-0.04666067402968	-0.0445773333953723	0.20251768982616
-0.0360477005852476	-0.0960675153831628	0.103301944214011	0.1665353135495	0.0446185257932698
-0.0350570579792994	-0.0978061510854883	0.173718975462299	0.252761419524689	-0.264098763864512
-0.0381709229982923	0.0428599414832234	-0.0482984370446664	-0.0401788001502115	-0.0386318919188478
0.0532536918323405	0.00684158937280966	0.232619102808861	-0.033464153342282	0.213142484591413
-0.0322689939751425	0.0904297622248036	0.25382268249354	-0.0416855424070531	0.304104373155277
-0.0470286368476199	-0.106435877602787	-0.0893579205540483	-0.0570896041422517	-0.298093929314608
-0.0313227809054802	-0.111142298348729	-0.34794050846115	-0.0346372797772394	-0.653747434453928
-0.0305195814679914	-0.106897628998429	-0.341527612031351	-0.0326822194497648	0.0293841003497776
0.025489638987239	-0.0833258894249744	-0.0757079501686956	0.0230557737245143	0.215848163347124
-0.0332134673955111	-0.0994291862054761	-0.0624750245008899	-0.0406622263080542	0.0644102486965098
-0.0302241056241839	-0.0773883570431863	0.0946103222380803	-0.0281174585683355	0.399989221815363
0.0730097757605779	0.0146805820878784	-0.0354278826402891	0.0681385130662178	0.0819133386652893
0.0480652292098158	-0.102384925217547	0.153001415349208	-0.0434530098393417	0.244420918469255
-0.0306540853952091	-0.00635657849539609	0.192680325232459	0.0458894440770976	0.241848181321822
-0.0345986011534975	-0.0826522358063508	0.0838137192086616	-0.0349678785192976	-0.675018116640955
-0.0361343312384692	-0.0993940211143463	-0.159478480826742	-0.0422546299048889	0.140262963038504
-0.0253173569383802	-0.0905008166293888	0.109003512722189	-0.035435726184468	0.335869219782519
-0.0365389154471474	0.113985121058037	0.21406097701334	-0.0384375527466506	0.050451866847804
-0.0300510575554476	-0.106377656448175	0.0610062189598608	-0.0341943757473416	0.149881770221712
0.215889796657986	0.0356329736399773	0.18114077031316	-0.0439646633442812	0.190379694576233
-0.0300504714901192	-0.101199232562668	0.34806970246475	-0.0305361288368273	0.0219290574744769
-0.0316498246151302	0.00963791149971924	-0.0968022304015469	0.029125656155918	0.0978079402573542
-0.027436750794753	-0.0930971226014993	0.0801780507483539	-0.0335501370557351	0.0198484582801976
-0.0403518901981024	-0.0979858039407531	0.105952270329452	-0.0456628300275045	0.0918321371558554
-0.034038246695042	-0.124150518008088	0.16359910842028	-0.038673900287401	0.0960354254539239
-0.0398662713627808	0.0152970095753697	0.082332326027753	-0.0456308859206827	0.376953808149489
0.086625046730634	0.0256477609939058	0.16599837506938	-0.0358918542730153	0.082227275668881
-0.0399040073763797	0.118931936539055	0.12859808506456	-0.0432798285927582	0.222279566691979
-0.0361719298949554	-0.0272900639586402	0.0132115883952962	0.213835122310251	0.36416870234374
-0.0265237836032016	-0.0860550615765727	0.430095987812781	-0.0402416314295348	-0.310743999595396
-0.0226831443399439	0.064803916858911	-0.180831807759992	-0.0276903034396579	0.166795073541117
-0.0348155130153322	-0.0912828195176447	-0.129833722668217	0.0533434910671376	-0.0215446005348495
-0.0318230505247993	0.0438975947017953	0.0939642111016656	0.0975967705040768	0.650846878652062
-0.0345775830143473	-0.114377899265763	-0.333768648727358	-0.0397365086588396	0.0411332541135909
0.038623874162378	-0.0956427323398756	-0.0868552218045246	-0.0386465919647323	0.107985723296063
-0.0295914420526243	-0.0944116796991328	-0.331070907390778	-0.0379145400559335	-0.478245162893882
-0.0386953657989461	-0.0256270674454897	-0.117069653403449	-0.0414585041529643	0.0447004166468589
-0.0366221998499921	-0.0936573863001742	0.126932268019078	-0.0394630855586007	-0.179688423830988
-0.0355115205461297	0.0241646075698849	-0.0931224846981422	0.0296493483520775	-0.104860670085241
-0.0346266757203145	-0.0930544825869388	-0.0072396336793972	-0.037173269826046	-0.185321383974499
-0.0359048409805169	0.137671933752895	-0.0975644180657974	-0.041944500733112	0.256389751002529
-0.0219359930056694	-0.111819371038103	-0.363897508562754	-0.032053557013068	0.0352540002398147
0.378855165823282	-0.0864164852019547	-0.32964251469806	-0.0316631680332972	0.705781922877405
-0.0341828290495101	-0.0842753437096211	0.370708002454327	-0.0380984062822844	0.428313861024686
-0.0261700543654133	0.202794297483917	-0.0663247371952329	-0.0401509806037917	-0.246188891617954
-0.0316075338580978	-0.106560504269218	-0.344198484104494	-0.0331760314576863	0.436722174025932
-0.0363666531231205	-0.0803040530724186	0.187589809271955	-0.040876507633953	-0.149123631243869
0.144022498715214	0.0879951887178831	0.270811172014548	0.137723632693411	0.0406067864605049
0.0649852243537281	0.1595149225334	0.0560976696389849	-0.0333526839350856	0.027701517852174
-0.0301619176257242	0.207409944384621	0.0343010340039292	-0.0339643548395872	-0.16616291858045
-0.0314622092908142	-0.0891262645871157	0.183026980039328	-0.0309756522473037	0.113882425628547
-0.0308778803500245	-0.0896422675642274	-0.319995419634713	-0.0364141556359534	0.0198642557127818
-0.0367893314092911	0.108932669303575	0.0521567509416164	-0.0398735320943541	-0.197462696531075
-0.0320720773506521	-0.104125973939195	0.186239814395255	0.0647476042301392	-0.0190874268057253
-0.0283234444075671	-0.101195247594776	0.121990752169447	-0.0296497220945047	-0.202137826750522
-0.030935312322866	0.0266601240939734	-0.0249992280724144	0.0296536827890913	-0.0324337744522209
-0.0302126511929706	0.0478202379074257	0.00483985418968303	0.0587548872680768	-0.0206233646956526
-0.0310737794760986	0.296209914140765	-0.125259567907156	-0.0372779778623884	0.263698839524825
-0.026622639444972	0.161012318625824	0.00052385045284114	0.145130726497647	-0.0710990162562245
-0.0277713674983602	0.59785280544543	-0.341005376164738	-0.0252218354217129	0.00815945991474831
0.0186339298510755	0.00184592379359272	0.023868979556188	0.0902301259937271	-0.210296234072433
-0.0336103604356724	-0.0981152175423881	-0.0974163327801669	0.0773616721612885	0.0343759785763181
-0.0317227949473645	0.181835389644303	0.0381532391129495	0.0731102339832942	0.268004218638857
-0.0281961803756226	-0.00925469490601662	0.126360656862797	-0.0291233278552447	0.0192975411015901
0.104633866531114	0.0171205349016205	-0.109896957765729	-0.0441397955198328	0.223261725276584
-0.0289665899880845	0.0444641170114021	-0.123260427584456	-0.0323444336645138	0.113528279052472
-0.0395524764108879	0.0367404456964744	-0.0912189961036231	-0.041904214559535	0.113845066171354
-0.0352135176789714	0.158617961676848	0.307052505577167	-0.0410195599073739	0.0295441665675097
0.144039298877569	-0.0687372046676406	-0.335690613442264	0.137525257333684	-0.0662656890463046
-0.0365442628368997	-0.0876987541498273	0.165294013591441	-0.0379016369119404	-0.0265761035725999
-0.034307112538888	-0.100398054617834	-0.00746333415617122	-0.0417879070734613	-0.0964129260956692
0.150674077149468	0.0779908134454722	-0.159217555472916	0.146949172511882	0.29739728074146
-0.0297388810160953	0.13452311994598	0.348845129671789	-0.0419614425703296	0.0427568200890622
-0.0349941693225254	0.152353288386284	-0.163507315418405	-0.0379417004892366	0.0952361338675388
-0.0410852481339298	0.0383143086445188	0.114573546916655	-0.0475242132874479	0.185546030457177
-0.0289678170169585	0.118460644288212	0.0970826262442668	-0.0359640601272583	-0.0936408127064012
-0.0284481201011112	0.119724199721247	-0.350119603581809	0.190839223120466	0.586563250819716
-0.0355750235490031	-0.106948303523984	0.0556023259235745	0.0600119087815857	-0.0994401027867782
0.0548702761038588	0.132406509281369	0.14228109095192	-0.0377929434599545	0.044111511595964
-0.0210251300472922	-0.108187293068882	-0.149312296467113	-0.0300101574569122	0.152850048164344
-0.0357096433602796	0.0291837600512305	-0.00841423755085955	-0.0409476972795113	0.155559814184951
-0.0244619570033948	-0.10433413548768	-0.209384878870654	-0.0327145389696397	-0.0527719831187906
-0.0219534258363449	-0.00630610626902298	0.0944434905044575	-0.0318620455478911	0.177725945317929
0.121486700522405	-0.0906242696222401	-0.18746847135151	-0.0307328560624434	0.102177058502759
-0.0390652177723554	-0.0861987166276819	-0.101647103897628	-0.0483606053185696	-0.238914447379164
-0.0281754364822364	-0.102230864401107	0.750301335454112	-0.031620605863684	0.71756454979647
-0.0250188088157829	0.0573214306677647	0.0619144166361017	-0.0360952335047367	0.186949783068413
0.0643094091600953	0.0526960077319915	-0.0164481787157759	-0.00438790757161145	0.0732019148568498
-0.0310488878653746	0.000545748273165277	-0.172585546503473	0.0629780795906258	-0.0793077665498302
0.0451751334189583	0.0477846011336868	-0.114346821620867	0.0372550179021762	0.133630281573296
-0.0310207861903289	-0.0863304002331753	-0.175867656036277	-0.0330659049136072	0.120718090081547
-0.0277082303121583	0.0565649069306971	0.116403741261806	0.10060645509556	0.214779464258043
0.262407314399142	-0.0952087648799608	-0.047583096714097	-0.0338417244580453	-0.157281806589424
-0.0439546290158101	0.307585141948245	-0.237988211876478	-0.0568696552196335	-0.0635442436950812
0.26027384647429	-0.105426417282303	-0.340590339228372	-0.0292309471504131	-0.67138729252615
-0.0304994228598	0.10710677938411	-0.0193707809413958	0.0807553760580273	-0.338360179195106
-0.0259008426468566	0.0748064611480109	0.108268460584476	-0.0322617181927947	0.299622614333513
-0.030743025663199	-0.0764305128010902	-0.32895961766338	-0.0375104729157805	0.717094990268425
-0.0298456234123367	0.044089138865653	0.0221466721232618	-0.0328321693170751	0.0217973779829514
0.137210519579527	-0.034870126958369	-0.0903881908092939	0.182572011724653	0.174099961930832
0.0585275899011753	0.110758684968402	0.35427874744978	0.0477138779197501	0.22832188174442
-0.020751942756693	0.147126019685682	0.0871298735761448	0.105544530860001	-0.128057089463659
-0.0248058811727093	0.0497371017719936	-0.0812235944581702	0.0712408955779846	0.146455781996009
-0.0393354414908574	-0.0785101903498706	-0.0755544760240767	-0.046247540824799	0.17630592683943
0.00904825181150021	-0.0935241022836864	-0.153638477713173	-0.037417628805202	0.16319802690843
-0.0301083304618134	0.0847050897354396	0.170806899533303	-0.0364977274749914	0.0375047644127488
-0.0264503993250789	0.198504746948239	0.0449048526777396	-0.0261815879830565	0.140603044413325
-0.0362983143603045	0.0546301541506208	-0.0575419207791744	-0.0358442433080419	0.0360204894634118
-0.0357372290074902	0.106626448213703	0.0996932854163223	0.0704264553087181	0.0259231387818396
-0.0310140457395571	-0.0832461211873149	0.219059548544114	-0.0321310435326103	-0.137827279737844
0.19601758802929	0.117133779786293	0.204947884434101	-0.0318802629319386	0.0335553680059101
-0.0299724374828891	-0.117221944287378	-0.321089781558629	-0.0335045475201362	0.0209675586771252
-0.0300972590557182	0.000603678786524034	-0.114678406529607	-0.0353143117527425	0.0837875573092186
-0.0306306239891237	0.0870874511759914	-0.101216125043247	-0.0409173400969473	0.0379722072065132
-0.0304879665601293	-0.097585582954289	-0.351215780301696	-0.0334858257727548	0.0330836481173805
-0.0348069394637569	0.019270742337656	0.00958179859828542	-0.00319635137564489	-0.0782500935322977
-0.0264573414942374	-0.0807650167794917	-0.0423931512740422	-0.0322530380664483	-0.273209069774955
-0.0348132630951519	0.0294034569199522	-0.0244654405686776	0.00524368243122516	-0.0260548870763941
-0.0283467912730106	-0.0132367479167258	0.258152172726212	-0.0400664487310632	0.161212263137776
-0.0322679153901369	0.104257859542939	-0.101355352135993	0.185742795390162	0.35037514752056
-0.0293297244792235	-0.105391702429703	0.143791171683095	-0.0378454723296243	0.274657250808624
0.0912332533378501	0.0367549103489065	-0.14902638166746	-0.0510578518135164	0.0270101477963958
-0.0307425510194451	0.183039453122157	0.163785086848969	-0.0376199535252351	-0.249196221115263
0.105672527185148	-0.0919701240946602	-0.0777810129083824	0.09712056825102	-0.310381716310253
-0.0283857396090875	-0.0299840422000848	-0.00813295960019852	0.0845123564245102	0.293379825501378
-0.0389634163087076	-0.0286854893352843	0.0441414984561277	-0.0480125895984217	0.155313163303619
-0.0270544022894471	0.239985065800822	-0.0227036979009609	0.152431385870309	0.0224601939500443
-0.0317965638634003	0.0737906683322033	0.121491211961643	-0.0359534866143468	-0.651283359464384
-0.0291608206589121	-0.0499533796930797	-0.0295242640872608	-0.0276222862853249	0.0231147754677196
0.0797692585154628	-0.0943977460682189	-0.0688032160904937	-0.0278749296119785	0.0161716749815301
0.0949039243456726	0.191832319423144	-0.0495488912791929	0.0246717371418699	0.0402024031483639
-0.0297610463689154	-0.0937764916500686	0.0836785734116699	-0.0369169681273369	0.164043642624484
-0.0263762381954814	0.130240482640245	-0.338507329189606	0.189237411454762	-0.105554135370303
-0.0329537799272025	-0.0143343960278603	-0.152800290039367	-0.0364663443727433	0.0363505590437369
-0.0366178457256071	-0.0101754503680639	0.131597504939829	-0.0491845530273275	0.0310876528063705
-0.0316207179343763	-0.102903040447527	-0.108504494590875	0.0982690498748637	0.29555544670086
0.169126186819703	0.113077589697091	0.0516687425395565	-0.0347987404695391	0.07143653918276
-0.0347325218756258	0.238128965339474	-0.113113378620887	0.0778165727027055	-0.0297764135250192
-0.0365407607464672	-0.0939875956319609	0.063813320594532	-0.0368333107994773	0.0640372638063698
-0.0388367357649056	-0.084209866107212	-0.214696580147157	-0.0460589346981499	0.518882069467314
-0.0344690117709185	-0.0987593125096674	-0.00348782401121823	0.0962678491548125	-0.109215723610811
-0.0256355521047729	-0.0855214381645462	-0.0289248107211591	-0.028749293447304	0.29061182187441
-0.0354053674812128	0.0192620980712702	-0.0574143371928263	-0.031933940280793	0.0150406875610833
-0.0334721694471854	-0.0695036902271146	0.071633980209958	0.185125191621821	0.342363396465251
0.13700207424003	-0.00801542044562717	0.084116712211158	-0.0411829354480611	0.179090121731621
-0.0308786062310966	-0.0823099450499869	-0.317760376051589	-0.0338326721649334	-0.169316019932111
0.226887598561819	0.149547695825843	-0.222199348777663	-0.0295559229057034	0.0258574224714724
-0.0306706903953636	0.187465630831776	-0.0643070127805729	-0.0332258963558981	0.18115866522131
-0.0358719502139967	-0.0953447329350734	0.361277312830126	-0.0458270592827134	0.0510677708711002
0.151701889962299	-0.0982782039735941	0.0199831319916654	-0.0384735329669211	0.12110683637688
-0.0232672615176089	-0.090046536947813	-0.343788976896188	-0.032580453149866	0.0233008243063066
-0.0328444747593668	-0.0807569811171203	0.0821692808042925	-0.0348551922548229	0.237575772323888
0.00332333917292462	-0.0478961897538223	0.0246315304410391	-0.00386161185246305	0.109270173780479
-0.0353678223358473	0.0177270611761765	-0.122190634205033	-0.0388102502119886	0.225190113597557
-0.0286649717349645	-0.0871813887502812	-0.111516495627621	-0.035378159146913	0.34573277900066
-0.0314408910804603	0.0375026637535749	0.0930206751094479	-0.0396388146284461	0.0344774308083723
-0.034583161921993	0.0887351578147034	0.0255012798032748	0.0315377830913566	0.136140484073451
-0.0306057893437251	-0.0946730234460325	-0.0528782068158255	-0.0282349047442103	0.17035354923482
-0.0359986229236476	-0.0112935888933739	-0.172580039973693	-0.035654110426346	-0.169687632665378
-0.0237544265718334	0.151135479939122	0.0574278850846778	0.141032763776602	-0.0942472076168119
-0.0284664709457781	0.0726233753633922	0.237274628991668	-0.0353876250509778	-0.185613977605799
-0.0344849223103295	-0.0846071242685398	-0.21400187298567	-0.0366229309414159	-0.232995633803472
-0.0315872536692813	0.0255675421808007	0.00417436123952649	-0.0347334527047579	0.0979704054936763
-0.0344792567834876	0.203146354615273	0.372428770163109	0.248540034250312	0.0296414582258959
-0.0366648708201695	-0.105707386000759	-0.116537708986309	-0.0397924879462919	0.492155125952246
0.0655357178387477	-0.0753735259175044	-0.0373401998262502	-0.0440394540367409	-0.149662827449863
0.0291856466159134	0.12817966555055	-0.173664600710216	0.0267303766517771	-0.217183111742461
0.0392701939285793	-0.0302783766767229	-0.18565401143528	-0.034788324359136	0.37419113832735
-0.0294582359943715	-0.104112013274567	-0.0506350667143623	-0.0278847654192814	-0.671961613565388
-0.0324405340908893	-0.0901617821930516	-0.359970333903693	-0.0328482093785123	0.0268315021533534
-0.0321435597754829	0.0902176943192663	-0.342090340829528	-0.028810350786155	-0.206979284621565
-0.0342164644194297	-0.0816740999126382	0.223671815269571	0.184817374375807	-0.101751729280595
-0.0343971635973355	-0.0854230689336174	0.218680887100268	-0.0382171347655662	-0.130579798932696
-0.0307760687794861	0.16018117376943	-0.0871972420822782	-0.039567251842614	0.44345014643835
-0.0316638384148538	-0.0930947989083309	-0.150833930959688	0.0553918585837272	-0.0163032012258173
0.190503672324801	-0.112111099944042	-0.345847401111146	-0.0403144401282884	-0.08646011116018
-0.0259430676832742	-0.0803028432377559	0.0871204444477064	-0.0269739395277974	0.560416744524834
-0.0306591239758235	0.10695928560044	0.205914189380478	-0.0386227570914733	0.367739833115913
-0.0346933753323286	0.0502443855013262	0.11313383075059	-0.0448438064715758	-0.194575185480901
-0.0358457510842824	0.0312831602767732	0.268279556083545	-0.0425648016431527	-0.188283221283747
-0.0379308586275842	0.0945906782947401	-0.334878805068979	-0.0448839031847472	-0.176096650295578
0.0247643538075255	-0.0474640850083332	0.120554461579894	-0.0356553767887494	-0.0518269495216541
-0.0318852861335531	-0.0898977678384214	-0.122013947920877	-0.0432661103965492	-0.0153852884542905
-0.029537129992696	-0.0836679559696674	0.356707514950208	-0.0360307827496864	-0.443910136292124
-0.03059831854815	-0.0938723395965057	0.152638393150413	-0.0308847971561768	-0.0776841470445798
-0.0434552814344747	-0.00548351126710104	0.231301125612039	-0.0547436478733946	0.105040841717472
-0.0311699224186856	-0.0915005641418099	0.194273534736535	-0.0376276759237643	0.31030028999383
-0.0322646560157957	-0.0793772628607164	0.344541589671051	-0.0376476640709378	0.0331830944194091
-0.0259171826453868	-0.100586311907364	-0.362138111084816	-0.0308382140007159	-0.254208686267019
-0.0360813503549911	-0.0944230494968785	-0.0497050122696597	-0.0356797696515964	-0.373090237766903
-0.0322500681938912	-0.0757058756704528	0.0640719478770204	-0.0427135258423167	-0.248286260622033
-0.0310588766835562	-0.0960032478183053	-0.351557095956537	-0.03047107517142	-0.666510383348077
-0.0262229569094164	-0.105106096325368	0.0567384379891777	-0.0297839485163496	-0.108429727717542
0.00597798433904981	-0.00533582358469663	-0.0477528464638273	-0.0441053704253438	-0.0648315639527265
-0.0259622329670817	-0.0348050697758142	0.258814388308624	0.0283354548401902	0.0907944183256944
-0.031752082044294	-0.0979954581478867	-0.340345269314015	-0.0314810213728046	-0.068151818044744
-0.0343892905630623	0.0272318590738464	0.0834741243629652	-0.0466623643546545	0.187684262888063
-0.0362612288246633	0.0199453077244769	0.00125859795016668	0.141920133739077	0.253767374315225
-0.0287412634087092	-0.0125227059223661	0.0699489098707013	0.0362116697062171	0.209963148544734
0.254709441725412	-0.10941619275745	-0.0705601901083546	0.246174374995583	0.343774682470516
0.104884510049148	0.154151102805465	-0.206229714824789	-0.0381903866693203	0.0386883014503204
-0.0367902376361875	0.0917280906927275	-0.0508522511672047	-0.0419276714069584	-0.00717033092390818
-0.0403384974875137	-0.0879983356211676	0.165570949627667	0.11153112598862	-0.244672630482864
0.149402457515478	0.249995456883215	-0.135653463978033	-0.0341830719299227	0.0140036127163544
-0.0361432005721193	-0.0976373803642487	0.348176363201113	-0.0416449309447196	0.297122361357331
-0.0315246724164435	-0.0912198092952221	-0.329043162088428	-0.039646766326068	-0.25253586754211
0.0769849416528259	0.00409245618843287	0.152759640567924	-0.0329726944151221	0.0862597697592454
0.0554844063339145	-0.093812446079832	-0.0349145967319117	-0.041006922939757	-0.152943015730905
-0.0258335798759018	-0.0963580855913812	0.211420609293706	-0.0360448666460223	-0.0984767956178525
-0.0262574430959396	-0.101370422093735	0.0712481603323596	-0.0230123452949962	-0.198950180611366
-0.0332730474558056	0.0179727156003589	0.225598273205422	-0.031492736066614	0.136113674357226
-0.0270424959735065	-0.0854974973135753	0.189654339159547	-0.0296536997562212	0.163527807951866
-0.0218714872870699	0.416291969975114	-0.349335149219791	-0.0339123697370578	-0.663900558869604
-0.033320105190565	-0.0879806084038881	-0.331084693190213	-0.0393623145050345	0.0352851934213182
0.254884392447742	0.207348041514849	-0.0419964991273867	-0.0348294291917206	0.0180624260848333
-0.0244237946175642	-0.0931616816599799	-0.355431080610381	0.370170884363002	-0.249087422665522
-0.0314173989553363	0.11945359381812	-0.139813304670344	-0.0400501197063004	-0.234662257984447
-0.030323858805028	-0.101231396080211	-0.346778237771113	-0.0320296858172438	0.179356885614864
-0.044198445337558	-0.0270925668053769	-0.0255873915172406	-0.0520337390172088	-0.0700521063624646
0.00928814622706915	0.0266997388863422	-0.0285416516366608	-0.0256341729004003	-0.130212360109662
-0.0347186558202583	-0.0964892074623013	-0.0253482500118817	0.0531846832038744	-0.0251787863363468
0.0331824718451808	-0.0897706234503584	-0.138736153711118	0.0290709543482608	-0.19918912123527
0.0591111972901633	0.0571041764800925	0.0599712257821411	-0.0366476156859206	-0.201196135331653
-0.0370082145725288	-0.0828483511148141	-0.0450002630749252	-0.0403073394621478	-0.255127468161711
-0.0358641432003199	-0.0108418486509558	0.142400491495974	0.140440331556903	0.154173899765147
-0.0344863546913529	0.000126330121236635	0.0641825554238249	-0.0375341734677112	0.29933271182106
-0.02842225375626	-0.114749533776911	0.052037222172596	-0.0335882407552645	0.213726895720439
-0.0315727750632651	0.0949987130224453	0.0650723929141193	-0.042054299675886	0.182173996662202
-0.0214416193242901	-0.0938650271341994	0.0932105187376098	-0.0347356877434483	-0.300467382834948
0.148638219003011	0.0799195833116698	-0.171361943558428	-0.0386074465470692	-0.3099834494319
-0.0314125729196844	-0.0871218153777499	-0.166306428192223	-0.0283501620112615	-0.0938682468559319
-0.0311807647704371	-0.0991569057797005	-0.359937233172292	-0.0356096143703372	0.445702824894272
-0.0369135760846837	0.0141989249845819	-0.141179097772702	-0.0446260419441969	-0.123665815384327
-0.0289618934230548	-0.0874429537844133	-0.184611539196225	-0.0371719717952246	0.111279706313463
-0.033023684382047	0.160300664664677	0.116839105569551	-0.0353478597025117	0.0614478745418601
-0.0373014480718053	-0.0371272685609019	0.0184180676152368	0.0665386478957414	0.166755111039407
-0.0314859055138335	0.0841459696449611	-0.0283358404514862	0.321369603765814	-0.121886852595446
0.0445032551881583	0.0430539705017161	0.0345260442150674	-0.0330541188459987	0.0991002519522934
-0.0265744911153415	0.0747413174681624	0.105937200233534	-0.0352546829790891	-0.0629508211187752
-0.0241273571291977	-0.0912660704064801	-0.122932229641501	-0.0352450971077289	0.253603655512477
-0.0261584925253575	0.227037285386822	0.112763134840451	-0.0317969072364348	0.297108186198216
-0.0381762775782182	0.313427755978989	-0.0624887919775128	-0.0456625181424502	0.208096445550705
-0.0331871729475829	-0.0989569793192644	-0.348530517017037	-0.0384878504132321	0.0425143246611588
-0.0316838107284909	-0.108189974899692	-0.332517150391783	-0.0341703405271772	0.0280418601181914
0.0506427403297082	0.0787001067271565	-0.192678927977593	-0.0458554090601606	0.143570608100328
-0.0326124558914446	0.0621060202346494	0.0547541038929467	0.172423648293265	-0.197550371467192
-0.0328389326777643	-0.115146757554838	0.00607663336119151	-0.037951994588418	-0.0160408665168097
-0.0393032193487718	0.169023525033007	-0.00232790490860669	0.0503546095882078	0.0067801529912464
0.0360273227731707	0.182918630322223	0.114151415017454	0.0905964329819076	0.102580115943383
0.057618998488397	-0.0205650536234238	0.108573471317173	-0.0292813998083287	-0.129683297467909
0.119682131933342	0.0609682426171362	0.0894359791885048	0.112609182092532	0.0305944344040653
0.0244995393765627	0.0782756677962893	0.00740202022792641	0.106713356284206	0.0361161933560585
0.0964540577415222	-0.0824097719121731	0.0323262724051827	0.0935623909710418	0.0973739298226008
-0.0362274658653541	-0.0242153398593008	-0.011138806887135	-0.0380088390680498	0.119976335659421
0.208369968673699	0.16156171224542	-0.091053937061057	0.197153112626322	0.0743325409181552
-0.0342299751598745	0.00432364320921719	0.280677653684249	-0.0361652051113223	-0.0756470266321805
-0.0301074503530856	-0.11274472409806	-0.127887604268479	-0.0372505965953191	0.0437937745353764
0.185289796691272	0.225273048315115	0.0649537731598683	-0.036705810062173	-0.342616365217882
0.0573172664303916	-0.00358281204676889	0.0409058337315804	0.0463097183000583	-0.166077462288515
-0.0259692086225934	-0.0965234726707517	0.149670871285046	-0.0301380989069705	-0.0165727236257157
0.0863351488774778	-0.0985365327196354	0.0856083892309509	0.0790193748019245	0.392775184582902
0.466694405144026	-0.0741438257355261	-0.358863203983834	-0.0517635249510271	-0.112278012043379
0.0584350941141394	-0.0976725981471832	0.118378300539372	-0.0338369976312391	-0.0290682468574281
-0.0333067718568697	0.0188181572023251	-0.104090576584341	-0.0411288080725953	-0.0231933968247975
-0.0307402519843092	0.0732091913188709	-0.017867909019252	-0.0364231851802082	0.0443420404649191
-0.033291760209709	-0.0909630505372384	0.155067672726974	-0.037300658155295	0.489753204128676
0.185128557682707	-0.0974770371565132	0.216013688109391	0.182097067940585	-0.430387928436962
0.120538718340052	-0.0952881780812803	-0.0749012456391048	-0.0388836787915217	0.0472848834951488
-0.0288309133452805	-0.0980237999877693	-0.156488400143295	-0.0387956354150621	-0.318840373037002
-0.0345076638968131	0.0400780898124416	0.111866706015161	-0.0317246643732658	0.272116900980158
-0.0288213070727023	-0.105699781334211	1.047308931455	-0.0305356661188853	-0.668230378159474
-0.0347991565705857	-0.101252880017953	-0.336029733414546	-0.0378603495311229	-0.656772440972994
-0.0357088194914212	0.0600928309087146	-0.026465320141052	-0.0394768576844748	-0.220333582987815
-0.0337527140966094	-0.023755171533411	-0.213496004654591	-0.0319412609100705	-0.130333884464627
-0.0352286922948163	-0.0856121086898635	0.305500945152654	-0.0370565818831751	0.0251124210494116
-0.0367917307280167	0.0404554530705994	0.0818774126102655	-0.0385186624540328	-0.0407299233182785
-0.038430765452045	-0.0978260578961583	-0.348359871331628	-0.0486081559412936	-0.217934085015671
0.0695766703425863	-0.111530885127024	0.0398105495623729	-0.038025076149624	-0.149556375048711
0.0805176821020921	-0.0991958977677089	-0.260005250561648	-0.044198939886048	-0.212965429232291
0.192644195769622	-0.0852717509181917	0.0781269280810726	-0.0369179274105971	0.0255049327176619
-0.0275358978778201	0.367287216891385	-0.343880004916634	-0.0286852294084137	0.0218787309080848
-0.0358345058236685	0.119806843079416	-0.189431137371252	-0.0381934302892001	-0.0948456925259118
-0.0302347742849919	0.18522678366795	-0.0724583984699314	-0.0375878615768651	0.451622217558418
-0.0303013185236112	-0.0863799971323356	-0.0325406152507525	-0.0326319292249535	-0.388163340877398
0.149654991158388	-0.0934898165680425	0.0236879784535286	-0.0396246811434214	-0.197852785069372
-0.0339420318958785	0.0204700588519383	-0.226586713640697	-0.0318027089635555	0.145427760575675
-0.0320223061484716	0.0325532895202725	0.191037635497334	-0.0335997979116975	0.102569485602833
0.00229616336850258	-0.101960639223704	0.0309003919266163	0.0546922202199351	0.0256506054531453
0.126498152594477	0.0654771966179544	-0.179077417050897	-0.034952053544196	-0.382214935583815
-0.0306459178158492	-0.0875972948229083	0.0486467199128902	-0.0377669159179625	0.0279998868098399
-0.0318052626889272	-0.0508701257134289	-0.106452295758408	-0.0329342976599488	-0.111982771911688
-0.0345166213828455	0.0949505671285379	-0.149061245087053	0.2943531582748	-0.183915800956401
-0.0304569302403345	0.274048588910015	-0.330537524968219	-0.0352957690196721	0.0223226599835597
-0.0239578699189071	0.223679853900053	-0.172867581988695	-0.0282085289847235	0.124533279067337
-0.0252074821909777	0.1110035770169	0.210024811049322	-0.0309779685470975	0.251733984402043
-0.0304677228482251	-0.0909926569199333	-0.333274889620138	0.368501422113704	-0.255534391274683
-0.0308776876767917	-0.105220835923301	0.331039002479544	-0.0396612882812324	-0.0807286577547869
-0.0289190907467332	-0.096174535190345	-0.337801982207616	-0.0399861300174262	0.0388624578697379
-0.0337479358413046	0.29050085852047	-0.104563927325469	-0.0382401690334133	0.520890730196916
-0.0294556782732068	0.155573660400854	-0.0981328366434271	-0.0400483515059028	-0.0266490982629243
0.256323346427381	-0.0952888828471816	-0.340756148816104	-0.0323325325842684	-0.378746157980522
-0.0300951950365599	0.0436723240321968	0.0497849697052034	-0.0325508771904775	0.260523432748311
-0.0279352108924643	0.00151442084746526	0.0355575265174597	-0.0408284267738932	0.0797958671832382
-0.0285421988320168	0.253596392019713	-0.0654570493790449	-0.0334904531752573	-0.0333930583962284
-0.0355512964043172	0.103671543534952	0.0103854947776707	-0.0357508275402304	0.0681478574847208
0.0364866985986846	0.0343814240079992	0.166940951073061	-0.0364882331451178	0.0669058604358289
-0.0330145656252975	0.0403443610785629	0.0658739403715329	-0.0385903676041934	-0.139699637786745
0.0835962156394154	-0.0964851566444479	-0.191592856923257	-0.0407913354251358	0.0274447284395042
-0.0297616599476661	-0.0975883257792893	0.0122126652433227	-0.0372090205410096	0.12181818110269
-0.0225094804125776	-0.107836632068643	-0.220787495446131	-0.0322813917359961	-0.0905506019051361
-0.0282948878137379	0.0472290180464691	-0.0816588274781574	-0.0387832173813392	-0.234869660240755
-0.0327997743614191	-0.0922647576895969	-0.332922086163485	-0.0416237855392161	-0.316588949263294
0.145427483408672	0.0889003769699982	0.115363276122331	0.138887906430565	-0.457307477744553
-0.0286126359962486	-0.105989993220057	-0.0152261611643133	-0.0297706019023386	0.0204075792502572
-0.0306831019441046	-0.0936485941408317	0.255099003701552	-0.038484688997545	0.498201914409992
-0.0308188479487932	-0.094201369949254	0.368801604929233	-0.0384622112070648	-0.257996535442365
-0.0386481512840211	-0.0916849628656135	-0.107981072888199	-0.0463188386661908	-0.0204634637524824
-0.0278694717162717	-0.0907913828820002	-0.137734566300445	-0.0308892310078457	0.25232797918769
-0.0249721105125407	0.20368983618661	0.348926621001621	0.254774051174247	0.178893077037503
-0.0310840010467752	-0.102921908253381	0.0520276659972024	-0.0349062498257833	0.263060071395253
-0.0340275292888608	-0.0879540469259666	0.0651226243126406	-0.0429417061996824	0.269224743220058
0.0636619229480854	-0.0168327107146705	-0.16218293926972	-0.0375894588145663	-0.247626022155238
-0.0353737088983488	-0.0999602627512206	-0.0158179248437569	-0.0419521990552313	0.0278125671884064
-0.0311333228953647	-0.106881751153268	-0.0569631045911063	-0.0360875616159506	0.326606718465265
-0.0248344552768173	-0.0846487389848511	0.115562650673576	-0.0383305928047396	-0.47352915587529
-0.0320123239539906	0.172904648580797	0.155332430871726	-0.0391850008965487	0.104995167527231
0.0490167775248065	-0.0814209101288325	0.0802414284262224	-0.0314609928597173	-0.123709884416413
0.125916288699887	-0.0897484338480382	0.0482240396394824	-0.0322866275360926	0.108630159854057
-0.0290808229408104	-0.10166101303092	0.326118722234091	-0.0366659368290789	-0.240536907696743
-0.0346700457911173	0.0567093533861882	0.117541451244469	-0.0379485072119904	0.294342197063303
-0.0355045192277377	0.00248996100028134	0.183503960577541	-0.0378670686540325	-0.47491839991247
0.0639845413195631	-0.00255483354039332	0.0651655730400221	-0.0330169159576526	0.0274547515435375
-0.0323587080943962	0.138121173114023	-0.332485743883392	-0.0402825265193185	-0.252330096884236
-0.0429647859591883	-0.0931909122479444	-0.129801947972746	-0.0479569413699847	0.0653257875700354
0.658866935031377	-0.107056053925535	-0.344704414783218	-0.0396413478460084	0.738162501538986
-0.0350553403482481	0.131589425806339	-0.100644479253044	-0.0431135469956773	0.156900857992621
-0.0399404123426517	-0.0768993574944243	0.360778445460576	-0.0503724101613252	0.0526567340166643
-0.0315842669731584	-0.099985303835685	-0.00918843048923064	-0.0306861332237675	-0.326478623989007
-0.0300286605265146	-0.0093925629001528	0.190558059550968	-0.0329953851035613	0.122949318442841
-0.0223681164689283	-0.108412937800948	-0.0786832556971816	-0.0304382784950908	-0.0518232561063653
-0.0332736430718526	0.169866220565651	-0.33704843017062	-0.0371719263691769	-0.140530012157271
0.0535922635360277	-0.0862055519157585	0.0237198810537236	-0.0324751088097517	-0.0724623861072892
-0.039726795215996	-0.0794608956816459	-0.00176739597299509	-0.0456867521374238	0.080169478825411
-0.0370422445275174	-0.0791052446276269	0.00891237392711971	0.0248275595530101	-0.00561581213219888
-0.0343742518887626	-0.0852582992892687	0.354660943221396	-0.0322683942859415	0.421514008932151
-0.0328647822408249	0.040022285636519	-0.0366805529320405	-0.0356209154584423	-0.0617977871773427
-0.0306767196487812	-0.0927379315543082	-0.324438105204093	-0.03648180677233	0.249859078100238
0.195644355377195	0.314519297488682	0.0873694352040093	-0.0311402833160549	0.130293264436866
-0.0317943463595169	0.32850663027006	-0.117410348207347	-0.0381967999730912	0.088456454076836
-0.0255448255367049	-0.0988483523820624	-0.362371413173539	-0.0334288152471022	-0.252250068552404
-0.0393067929353567	-0.0759919767895411	-0.323563312500747	-0.0404578325151999	-0.664708998063083
-0.0257813956177728	-0.085889471634557	-0.338629412534159	-0.0345710786943518	0.120364288993503
-0.0386255025350059	-0.0990749919476808	-0.172588318677629	-0.0457274733658941	-0.0435680590655914
-0.0315024488707087	0.0160801744568259	0.175004781250383	-0.0406532436665734	-0.147370353489468
0.0258176770204852	-0.0219785833769913	0.018048566571478	-0.0475442428766063	0.19681542723184
-0.032459245238381	-0.0931345530458626	0.267510379682399	-0.0389217595142325	0.266511725805315
0.161426845440678	0.184740419873358	0.010271200519223	-0.0404370859068786	0.161417902904562
-0.0282798088796641	0.194798975272682	-0.0618464298075846	-0.0384262047871208	-0.140912046182352
-0.0317451364906474	-0.104947823164455	-0.334566130228163	-0.0319348969978845	0.426651447213544
-0.0290623917328334	-0.0894378846034825	-0.314668386890597	-0.0322924034043557	-0.274271405228277
-0.0423120212585285	0.316664105048045	0.349168245818707	-0.0498945903992871	-0.229796041517741
-0.0276423687180656	-0.109032339772389	0.347207452120644	-0.0332693859476678	-0.665638196549653
-0.032350429438817	-0.0852773459788536	0.097650644387427	-0.0352897644511345	0.0184087373632812
-0.0262721179899021	0.121815382326475	-0.0318861878957133	-0.0328178331308412	-0.226357594407329
-0.0305679423005905	0.0421489492637749	-0.099445782619284	-0.0300978334828638	-0.0247477682435097
-0.0265684706066185	0.0959398441503916	0.105719072477449	-0.0258578381648349	-0.0436667098136593
-0.0309977052808686	-0.0666479672839041	0.0599229189768957	-0.0349260441393839	0.0732579828586022
-0.0292371837434983	0.0238113809570368	-0.111703609312848	0.0435771474971712	0.00197983088269532
0.181932997024365	-0.081133625503045	0.362978780459363	-0.0486381409418895	-0.417873279514182
-0.0344211465455889	0.103244943830384	-0.0524305434383694	-0.0379612135546996	0.0788176650027689
-0.0318919524408919	-0.0896873648194079	-0.0181301989639387	-0.0393222610181676	0.0973295209813336
-0.0388431398306837	-0.0925548839032055	-0.190850708322397	0.111646320437001	-0.0416085062992741
-0.0358755059787093	-0.100563789567194	-0.115999918083734	-0.0445335461469111	-0.0758076608568507
-0.0314270368378898	0.0778142453975969	-0.0218991503521602	-0.0380169390031272	0.309827790227017
0.0687452364370065	0.165795622716671	-0.259114786830932	0.145278308870817	-0.00648200149185844
0.00287728110875354	-0.0199393513691445	-0.000138156504650391	-0.0400042664749876	-0.134866317989149
-0.020045841832118	-0.0527713936786266	0.0302642889420001	-0.0261113911907032	-0.105603104917378
0.0398456634279613	0.189668295149997	0.161221310119058	0.0994754974402078	-0.257558218439294
-0.0279261630926087	0.185422077312071	0.00962506759858366	-0.0322516661887665	-0.0265488298803747
-0.0254607004794995	0.181464667924099	0.0179912435747078	-0.0304683646389248	0.0271626444661295
0.0545287540605274	-0.00845622467501379	0.0899204442189899	-0.0352832095949143	0.27471530789382
-0.0316303269486529	-0.0413073410630413	0.00905964994009319	-0.0376096000531031	0.0547066587347348
-0.0328618945706065	-0.116675541011509	0.16195434740595	-0.0380409689616448	0.131017438982686
-0.0324566685568574	0.03266154641367	-0.34344940452014	0.0968121614758285	0.102726084005886
-0.0246251892726951	0.158151471859163	0.343397717485656	-0.0267356111627442	-0.0302721570986039
-0.0294122730328487	-0.116244952670755	0.05613937613601	-0.0352659004052258	0.265911931116166
-0.0328223784205435	0.0661692471981689	0.18329954455125	-0.0402874265426156	0.113707410433814
-0.0380629379012314	0.186810415360746	0.0272676439501384	-0.015310688052364	0.22496115271867
-0.0267017453725963	0.151183479106828	0.0543893058972205	-0.0344492577626974	0.0844585336659073
-0.0291687239978961	0.00384712409100721	0.136157161873403	0.0064479265977358	0.102162974594254
-0.0405005405162297	-0.0676880884299656	0.0411496156268924	-0.0439548421508829	0.231284347598934
-0.0280856000499635	-0.112474675891076	-0.0343216854041522	-0.0319551009514847	0.0302929889648623
-0.0353781575169712	-0.0982592330938489	-0.0546793768619752	0.0159907602399394	0.109251366225851
-0.0346786046569133	0.171062185501759	-0.324964038682056	0.248438990285694	0.189629629739303
-0.0323551026016307	0.0295391008126258	-0.217424791694946	0.0802708409296055	-0.174271062414054
-0.0350776702527104	0.0542791166352715	0.0144188152860469	-0.0382969335848727	-0.28812286490746
-0.0337702886555707	0.129007193832868	0.0844903065080871	-0.0386910084817927	-0.253689995332049
-0.0374950406344441	-0.0121755376728102	0.0583069041575393	-0.0445323749931195	0.272523661836019
-0.0364580727539729	-0.0199239121820607	-0.145413934203203	-0.0417606784904747	0.00788603598012579
0.107490301478975	-0.0975125369253695	-0.0241960399613326	0.0351968747324182	0.282127466742339
-0.0252028292041685	-0.00709636558512607	-0.156308371646551	-0.025768488375195	0.0621736118330339
0.194765024133695	0.125660873577379	-0.232221513261727	-0.0322936994764562	-0.10493458059814
-0.0366211706111591	0.0347042574626626	0.0163907398905847	-0.03892238451128	0.0380496204800479
-0.0340379696056685	0.314856470304356	-0.121886970211629	-0.0357766900610464	-0.105701600767314
-0.0280184959218302	-0.101069966977989	-0.161258421546488	-0.0353903356302856	0.192893281900604
-0.0328233872290381	-0.0903597831822854	-0.330034136118789	-0.039396377198808	0.0329426775071913
-0.0307605247451458	-0.0724029182804843	0.372665910870543	-0.0291998907457305	0.406407398946487
-0.0375993896719774	0.0856526643068489	-0.313193928702302	-0.0451355462923193	0.22149471962313
-0.0354641528947506	-0.0833227258428704	-0.103971180703328	0.041419410376858	0.286000444988729
-0.0295565549127323	-0.0987450043245621	0.0158281018555797	0.14518787887374	0.0251686008993607
-0.0396859392770238	-0.0936579842628859	0.0609166182533067	0.0356044280405946	-0.0350417516580807
-0.000125433945288318	0.0116233456057174	0.186219281411747	-0.0352335854057436	-0.0277207211881348
-0.0253805600206338	-0.00491315324223206	-0.072052530490897	-0.0227826374271415	0.189704705861306
-0.0302930768488285	-0.104300753051033	-0.0741544297778511	0.164989276414797	0.0998120899332486
-0.0298868418234908	-0.0822983107924124	-0.0527336712142516	-0.0322018227386312	-0.0474002532528846
-0.034591615043464	-0.0899984624650592	0.0596251688281794	-0.0366583312129716	0.0787500199294991
-0.0238718474637412	-0.0612526109820729	0.0213288619259263	0.0156359744192656	0.0908508549221225
-0.0415801001755346	-0.0812795851987135	0.0901105646783441	-0.0504590102125051	-0.648725649277062
-0.0350779856777802	-0.0810210160933842	0.186086386527746	-0.0388287065128447	-0.379616280190949
-0.0321397036826273	-0.092654789987974	-0.346573027019922	-0.0298553632627638	-0.674784891566218
-0.0357847782926165	-0.0028692777725922	-0.0073402142369906	-0.0450369802129206	0.310163415104551
-0.0327780170167541	0.114569366698794	0.120755741427762	0.0675941785672989	0.314838476562889
-0.0413849769625356	-0.0323332616038983	-0.208385025174119	0.108883478785677	0.162282182060055
-0.028681081163147	-0.0925111219371038	0.140082526989165	0.0377624388285047	0.0306164401946852
-0.0407071716510615	-0.0955011446535202	-0.149113898760863	-0.0482802327765986	0.3499726084354
-0.0368639409058262	-0.0427413287253498	0.109502993125129	-0.0326538951809513	-0.0450448842475602
-0.0309655415922426	-0.0332870209310964	0.0624744404319991	-0.034067317266236	0.155700865176152
-0.0324915397517538	-0.107363718332896	-0.344951183807389	-0.0358440904339995	0.262536766647526
0.0954550451206037	0.0516501473640143	0.133282174279095	-0.0434128552101643	0.168206370491401
-0.0296781657043384	-0.0102417257136312	-0.0615883762859241	0.014535454335271	0.186779562007397
-0.0375793369550753	-0.0862800287601031	-0.332565097456298	-0.0456598771501448	0.230400965552245
-0.0282419872038961	-0.0954860070933137	-0.140919967882901	-0.0278294142314698	0.252571637991226
-0.029639558026078	-0.0966018099610039	-0.341177666854886	-0.0277825309755362	-0.197421707156906
-0.0349081668396763	-0.0888720045961147	-0.336313591661944	-0.0420392111996728	-0.137542295572639
-0.0294208144528473	0.00271286532254115	0.2530927681287	-0.0363506104994431	0.116033614933412
-0.0352874671263577	0.22905620819041	0.16303674689508	-0.0411254018769043	-0.251908583814277
0.0666980898161239	0.183696708239452	0.144270261298839	-0.0326998277001373	-0.273997002970372
-0.0289167528315604	-0.0784766387997995	-0.162356415886249	-0.0338720562552196	-0.0809988340168903
