AC007308.6	APOBEC3G	APOBEC3H	ARSA	ARVCF
-0.0020707081805495	0.121694912891084	0.0332008445396631	-0.0104155658300166	-0.00727892347908336
-0.00325088875974951	-0.0363370731418457	-0.00745788781667233	-0.00518424110819796	0.012464811739002
-0.00364186700921876	-0.195274160213965	-0.0113358448658523	0.00601569759751344	0.0115323952366429
-0.00363942386607744	-0.0467762975079451	-0.0230560389689028	0.0324161261218391	-0.0223871284029194
0.00343160241560912	-0.0764925521781287	-0.00595902139851827	-0.00554514821417827	0.00206846476738041
0.00534647708221358	-0.0210085712607943	-0.0132439549219292	-0.00633252969546314	0.0141381616485247
-0.00180442319807339	-0.0759150968617053	-0.0224382258736161	-0.0109898180966702	0.0122081987284275
-0.00257397529312399	-0.140416353203264	0.0145492627793571	0.0177248626575654	-0.0133578139861405
-0.00169148281978129	0.0346432072723494	-0.017108752265288	-0.0184982688088673	-0.0139890569282307
-0.00294090985549547	-0.158633840176053	-0.0102017301663284	-0.0121387680492381	-0.0106081757467322
-0.00341971024652757	-0.188341196694212	-0.0151276545639144	-0.0341082695520573	-0.0223113921300104
-0.00244644984705819	-0.179187920450984	-0.0357678693084611	0.00965502962097116	0.0463300091063889
-0.00175778748215743	-0.113291849279555	-0.0149772934303941	0.00309780154007132	-0.023060949805279
-0.00343324557225999	-0.16837587176304	-0.0377092258255425	-0.0354470822782024	-0.0245547463606656
0.00474649907536764	-0.0197468109322341	0.0214283720488453	-0.0209070109439021	0.0057478671495949
-0.00185999679074113	0.0883430302800017	-0.00189005825306316	0.00740140994964357	-0.0115609840279043
-0.0017879276626612	-0.0229839575751896	0.00240982843686759	-0.00854105375111167	-0.00695453010826449
-0.0035756277975145	-0.122030390288882	-0.0254276640071373	0.0329056568039842	0.0123269957823765
0.00147368636895502	-0.000618732735483763	-0.0101898570408938	-0.00562016650643689	0.00978107221131746
-0.00162437368657886	0.0894587366538417	0.0622297997520025	-0.00674727000851505	-0.0078603985950158
-0.00143894894188086	0.00189348316574348	-0.01976115952136	-0.017092277569788	-0.0157641833111158
-0.00242167854053446	0.0967903493582822	0.0200879192976923	0.017989507458067	-0.00124125064750847
-0.00239439773808591	-0.0763309015002369	-0.00836926435299909	-0.00160894367434704	-0.00708600244891689
-0.00328399090530065	0.0621213248717674	-0.014555938068413	0.0310645642668478	-0.0127528723151783
-0.00325440755939134	0.145826812546765	0.00401856208458086	-0.0361998620244334	0.0384378794898443
0.00147578445674815	0.0533421351819702	0.00591033322931893	0.00242097811785344	-0.0116700234065274
-0.00240495148834336	-0.192170002414393	-0.00837447639857523	0.00213310555097936	-0.0108267865715677
-0.00346899039227462	-0.0691933590293654	-0.0217519724533855	0.00376439510900184	0.0215227104302908
-0.00196240700407956	0.134306568125329	0.00423228430304742	-0.0107817565316745	0.00217214352060429
-0.00269437601161037	-0.069724820965588	0.00817831739196961	-0.00930291261691073	-0.0113039482122736
-0.00176488808561362	-0.0291834268078581	-0.0165834571028813	-0.00624593658613746	-0.00678272526620082
0.00264887126367769	-0.178337468678189	-0.0212481084973587	-0.0128378372396036	-0.0110355314547712
0.00283291521746045	-0.0908352977952846	-0.0171383725263424	-0.0159228286206438	0.00701535534907863
-0.00314956610299354	-0.13027700619592	0.0121937705480783	-0.0339407238947968	-0.0230212195435168
-0.00235146702034156	-0.036169334126333	-0.00997688978663563	-0.00901899463562919	-0.00987600562834423
-0.00168828725070483	-0.128816185169122	-0.00598268158780476	-0.0307174872891114	-0.0176067039365413
0.00149122213884612	0.0461348286336353	-0.0176384370953052	0.00722098705170754	-0.00134111018847007
-0.00165485629209347	-0.0730836540824247	0.0141671157427729	-0.00450329711032007	-0.0229769956214704
-0.0012531723211034	-0.228353995197529	0.00694759691682358	0.00584651775865371	0.0172934754710819
-0.00213884272626395	-0.154014456671705	-0.00767798394969937	-0.0320938054385495	0.0287910399764913
-0.00259915882568645	-0.0626365701036941	0.00674091801043432	-0.0120035462128254	-0.0163219307079797
-0.00271669685724847	-0.0887123320458512	0.00952162832048503	0.0221431624860002	0.0172611445737165
-0.00353057208031403	-0.271256744715496	-0.020128513837459	-0.0102470607303223	-0.0186661327089104
-0.00241126855970975	-0.168611944091876	0.0206951305006772	-0.0234788792532289	0.0175930689541426
-0.00215024040400051	-0.190095462423679	-0.0245555927819628	0.0190353870193538	-0.014127615093585
-0.00278003577265708	-0.0798196796252206	-0.0239582113252051	-0.0244574767649998	0.00515334062080524
-0.0024595923551231	-0.189096938291783	0.0318374383121047	0.00231515998961616	0.000607161458709727
-0.00267512298543118	-0.216384221945285	-0.0377816440572697	-0.00972340393827443	-0.0110687865886614
-0.00239805170316931	-0.00452676733670847	0.0345831424224659	-0.0114342308735857	0.0250002969286783
-0.00199108468974008	-0.081928509649879	-0.00713369774933639	0.0169044028173128	0.0167069257974609
-0.00338914156178766	0.0397735749804758	-0.00514299415624907	0.0574444148316941	0.0197120558145225
-0.00199271968021194	-0.211672626407285	0.00038516536024702	0.0170193285156843	-0.0254229356648698
-0.00252506246337035	0.0492385209839531	-0.00614163830410726	-0.0195524059916096	0.00796585666679543
-0.00220598185601247	-0.359798165828115	-0.0357072726458096	0.130168363873873	-0.0247883046929378
-0.0023367367079992	0.194164724363796	0.0178267098308127	-0.0196767662563757	0.0137405553985745
-0.00177017995126174	-0.203322385475989	-0.0176127176078845	0.00350424078454544	0.0117756498392869
-0.00143178827303177	0.279837536687478	0.0144813448942843	-0.0330130413091937	0.00484302118505408
-0.0029254823802753	0.0298117087284982	0.0179749645261472	0.00149488110149126	-0.0116059775178929
-0.00281919560102315	-0.232011683516335	-0.00810851274134678	-0.018178058186793	-0.0147303699079206
0.00135821297710297	-0.161456463733622	-0.00750479250468023	-0.0170092610897971	-0.0109565767413759
-0.00344300541683902	-0.170315311064228	0.115783423496349	-0.0351381695574727	-0.024201432418256
-0.00336909787584505	-0.157387482325422	-0.0068731874108366	-0.0172047033217699	-0.00411723447372139
0.00201018859544213	-0.173878264065835	-0.0128263377852318	0.0151627288964219	0.00065890572090723
0.000159444056086012	-0.17807258117627	-0.00754250437439761	-0.00454570066256278	0.00741265227207331
-0.0022228179426848	0.1491249413397	0.0214159484701302	-0.0223569890670782	-0.0239718838724973
-0.00327461640783516	0.0431104961478281	-0.0255087060586801	0.0569019367889659	0.0347832870756679
-0.00282690875981619	0.016676265571347	0.0548055162403084	0.0107910125245819	0.0235158673124101
-0.00355079857785709	0.049013735952061	0.016281219471324	0.0209822325521005	-0.0125436506772202
-0.00283316691251142	-0.274654292555549	-0.010022120337468	0.0071656148259401	0.00445635956142508
0.00783109052012922	-0.0390862964865077	0.0143505470180464	0.0300295769375005	0.00939616982199455
0.00974732836624173	-0.216517330728981	-0.00977459513997674	0.026201680804336	0.0219611659084952
-0.00165939549254706	-0.0649512028215095	-0.0199714254113962	0.00539556809779298	0.0126478931478907
0.00228665136744308	0.231894349629804	0.00950739728356241	-0.00251993695375994	-0.015935264281746
-0.00270562979774118	-0.0444938936464443	0.0131515484592316	0.0459923968915694	0.0101375042540837
-0.00196556015598506	-0.194031922886877	-0.0135734554972078	0.0360458288509845	0.0118620220738242
0.000267757120149177	-0.108118833444003	-0.0165481999202143	-0.000185693653121257	-0.00950254318686122
-0.00263163127199328	-0.251786284495106	0.00528852612680021	-0.000530362923938981	-0.0127009887337221
-0.00179290839522713	-0.0540986476834843	-0.0113775634743005	0.0164535747988704	-0.0128230265935183
0.00763434701147285	0.029001059611375	-0.0144724145245357	-0.0156059865542446	-0.00229585469420857
-0.00216860533018914	-0.00298350458091733	0.0153116012786388	0.0155291202521478	0.00740734782281332
-0.00216360380062965	-0.0583391142192796	-0.0257481275220291	-0.0124447459790028	-0.0170846055235172
0.00710700675186227	-0.116624020936716	0.0196445022711679	-0.0185855297769083	-0.0162399001077195
-0.00431626221029949	0.121660199253362	-0.0128116778597003	0.012461779495378	-0.0149932349903691
-0.00269358745111682	0.0966207020174713	0.0105663509205596	-0.0272259111193968	-0.00531034749646763
-0.00195931638190554	-0.0388106738043809	0.00813853646665795	-0.00641256140891578	0.00473441974520735
-0.0027472776447605	0.109207918415936	0.00165081550922796	0.00121090485979802	-0.00854577904754176
0.00656495180483349	0.0977973920795169	-0.000301632294377077	0.00885620239680846	-0.00579116338707032
-0.00265269540496527	-0.0114925690534428	0.0346284317554456	-0.0144447823684627	0.00217556509166771
-0.00179671279059991	0.0152510165140181	0.00292480621233774	0.0034711674566221	-0.000987401438385051
-0.00376785776307492	0.0307166022174254	-0.0146493563119444	0.0211646878854646	0.0156738391081192
-0.00324330723622194	-0.0230828658869907	0.0162274856013276	0.00679113161643978	0.00208844275680109
-0.0025007151669363	-0.0896103804202141	0.00862711355985355	-0.00176017158714479	-0.000827544908068572
-0.00223116987072299	-0.0990852237146972	-0.0240958475132463	-0.0137502034240725	0.0280679283560585
-0.00387513601861568	-0.101587459790749	-0.0115052384135284	0.0164331205104827	0.000702547974509591
0.00361314604706252	0.0485683589835465	0.0116064487162407	0.00977053624501452	-0.000267558611262098
0.00216381748258179	0.110004718205648	-0.00953151339098281	0.0182396736676188	0.0156179242626796
0.00145767014074935	-0.0457025014229693	0.00221514241348273	0.00841340621420158	-0.00982288051924914
-0.0019633718582949	0.0088474494447764	-0.00103126701521666	-0.0168983444393315	-0.00130636018318123
-0.0024643944867197	0.0537615989129438	0.031437279696348	0.0139063184946473	-0.012493115744398
-0.00143457088497137	0.0658104742912206	-0.0179899108339015	0.0104571494057159	-0.00349447277657464
-0.00320928757041954	-0.010782734856233	-0.0248394164428886	0.0378475483102146	-0.00463125800529002
-0.00214497565048947	-0.018193964263575	-0.0144443624180168	0.0441945279377838	-0.0121161177776234
-0.00288175703137917	0.159426293716959	0.0697611321246986	-0.0259594091078818	-0.0230827060423018
0.00147467103717932	0.213769017100971	-0.0123656340439481	0.0251912639545754	-0.0038939452888842
-0.00244640019021528	0.0597284234738132	0.00419149181809234	-9.7770925663918e-05	0.00565138014840853
-0.00305977087734944	0.0632865231212349	0.0128414057089458	0.00584847467333306	0.0217295833992824
0.00460198298450115	0.173106745073203	5.25677292690982e-05	-0.0029309659960135	0.0189766331560265
0.00253192768637246	0.220912593698413	-0.0166025061041553	0.00775639569878312	0.0124916589299928
-0.00159531177917521	0.0487810092161596	0.00985789410349911	0.000918486530324178	0.0136712608734242
-0.00298698757003426	0.258046621387106	0.0073581744003836	0.0230385392735062	0.0226039995826393
-0.00335827421032301	0.158408326614877	0.00686501099738308	0.00423228652478791	-0.000602316296185714
0.00187431719031479	0.246841344439528	0.00702537791588856	0.0103152490600082	0.0370986655776212
0.00253546295901328	0.130183491216324	-0.00253808411097807	0.0168712358982642	-0.00492648617710336
-0.00347042663652516	0.187973747916344	0.0396301747964272	0.00705749410350053	0.00635539566609134
-0.00266506001826401	0.13012467872789	0.0135204358927692	-0.00728627882050742	0.0326097921030136
0.00420006543556048	0.0737772636525812	0.00423908222787122	0.000482873165120411	-0.00293470887952796
-0.0024672941727665	0.0341148144965737	-0.0195066698115997	-0.0103516404183393	0.0190659650120563
-0.00262593638146102	0.150604570025236	0.0306897058050211	-0.0106214568433636	-0.010509693170386
0.00805748414880426	0.13197860844596	0.0143076696993851	-0.00526893616594024	0.0252861046582059
-0.00301050931403837	0.154798910492016	0.0276335387770833	-0.0176592503342424	0.0149370570646497
-0.00287854810561439	0.152344909123528	0.00718362757771317	0.0296464232269304	0.0314640704837833
-0.00225796203385071	0.14766920962063	0.0207338042157698	0.0185562525064691	-0.00214074722918347
-0.00255472255914778	0.180541329149053	-0.0123103294137532	-0.0169731687157581	0.0042411473085004
-0.0029275426215565	0.0125790659737629	0.0329039793213377	-0.0353252198130893	0.0108077170635861
0.0141817121091535	0.0209675305397611	0.0127728616232399	-0.000514284139156945	-0.00143829263531934
-0.0029475419278263	0.245468923299286	0.058655319240038	-0.00323211819853479	-0.0265884569236992
-0.00258238252194021	0.0614388100613606	-0.0109839683897544	-0.0316885508997516	-0.0248026061243918
-0.00263962024980747	0.082082096978787	0.00308101928009205	0.0304284391533766	0.00225538841516081
-0.00264601383355977	0.187246251099379	0.00832463463777321	0.00873778968005919	-0.00492450559295504
-0.00327911398574501	0.162069207934566	0.0558516167570675	-0.0351068620577442	0.0392642618302755
-0.00257853510467781	0.110661480533041	0.00429602034769376	0.0181944327695628	0.0282140038603789
0.00777141505896385	0.249863709797022	0.0390635084935889	-0.0119809509545009	0.0643909315242997
0.0172419155997797	0.000388889991531095	0.0773086798903845	-0.00573707308902535	-0.0140362139491036
-0.00201580841845606	0.0978659791778482	0.0131327807414719	-0.0123635943412533	0.00329875843134094
-0.00316686950727516	0.251009616260806	0.0511026374953525	0.0389274847319481	0.00012548511751458
0.00270487607559161	0.1698789583949	-0.00559364184906049	0.0281716315433711	-0.00404306212979978
0.00138438768581149	0.0934662116723415	-0.0083324273123536	0.0117402807670462	0.0204395559467838
0.000941406671151637	0.0528229079341883	0.00969365417479069	-0.010039292888569	-0.0137138571549404
0.003461711845069	0.153033958765156	-0.00627711561250372	0.00761119247869555	0.0185012036841024
-0.00289860733167551	0.100269603303429	0.0343041708784469	0.0109158783335788	0.0261197719918906
-0.00271116642081317	0.153821280622461	0.00125596454591815	-0.00947213936598835	0.0141512015798735
-0.00295245781028351	0.0506950546140711	-0.0242947357581082	-0.0199153824114343	0.0235760117731444
-0.00288541567705042	-0.0361288809406867	-0.011115193635501	0.00742044227457056	-0.00685427645249578
0.00264063009759991	0.188344726885683	0.00323212705454848	-0.00522237011837452	0.0145333320306929
-0.00333122168449399	0.135538244814951	-0.00619108089317004	-0.0120276185435911	0.015280518388238
-0.00395030770224236	0.195310994718945	0.0366886839704918	0.013344089209536	0.00829609329325511
-0.00212372823655296	0.188494417429131	0.0353817249342339	0.0520821762913345	0.021832020153622
-0.0017628903442791	-0.049584583989489	-0.0175574556641346	0.0125855729585323	0.0055365918394243
-0.00281103364577342	0.190162784446321	0.0240706694016497	0.00736575823262153	0.03621058559239
0.0130852417234293	0.108863285453493	-0.00464656076996962	0.0198413334952927	0.0308526454475827
0.00455566074100777	0.304595290135624	-0.022396592860964	0.0100219121164139	0.0272354694877608
-0.00274988252068583	0.260321568772787	0.0338714703329846	0.0128376970808968	0.00128946219704876
-0.00209261764345678	0.0999017453479524	0.000208053220842821	0.00560707991055533	0.00466817372501389
-0.00274271306006932	0.133087387440876	0.0338404599958382	0.0155732191596694	0.0788655456560794
-0.00342435102387465	0.276584400861458	-0.0120692620499841	0.0170051970635606	0.0307935018983644
-0.00257305736176838	0.248378363847548	0.0349627117232185	-0.00689274300985268	0.0182756192593399
-0.00322630266235086	0.0710569591610966	0.0427386196585965	0.0205196622343281	0.00428348166026041
0.00697633598248996	0.316195443860627	0.0441087772438728	-0.00681775529316855	0.00452727820743785
-0.0028085882186327	0.171544743407428	-0.0132281940072707	0.02332542863493	-2.23442261116114e-05
-0.00225610637315888	0.161342156167687	-0.0352605738940267	-0.00708748310204057	-0.00860720343780706
0.00300849036439692	0.103725921493607	0.0197881526855821	0.00304789852123791	-0.000996595464311312
-0.00314149601973895	0.0304315424310525	-0.00790000234218752	0.0162923509254845	0.0134434302935525
-0.0032711757601355	0.0436684676736004	0.0149682475809197	0.0360288037619199	0.0164395011551846
0.00224373316385372	0.159183424927522	0.0141487857190925	0.0382069398444027	0.0211007808158112
-0.00256686473686408	0.244450181664749	0.00695664706979315	-0.000231008205773275	0.0545514771131083
-0.00332165419310178	0.127503091841882	0.0081063106806226	0.0432349820402398	-0.00079624712889626
-0.00321530106280305	0.0543741489931751	0.00169181787494792	0.0318304196115655	0.0272243257652065
-0.00196415848486101	0.118542244414796	-0.00328433891740483	0.0144883222963415	-0.0077979136347986
0.0217828401103153	0.238873675973376	-0.0129394659818882	0.0139452419758551	-0.0240220314114104
0.00862424867855433	0.437563772732092	0.0255869823003656	0.00523937738346846	-0.00684982989886804
-0.00163531285976295	0.0763213136570665	0.011439471007937	0.00145772875929509	-0.00875688971252668
-0.00289460993642498	0.101507982291836	0.0363815566873	0.0049058846972642	0.0236415784081466
-0.00408497704892896	-0.181069124037508	-0.018745832394875	-0.0128549257934728	-0.00244350039919475
-0.00207171849849227	-0.0457069170102727	0.00280617079896957	0.00956397574923214	-0.00461917918160662
-0.00298951328433021	0.149141533937071	-0.00160001339393671	0.0174500198606753	-0.00362292971737872
0.00189493859277918	0.108370631895092	0.0149192924731298	-0.0153581485582952	0.00239226151135694
0.00147954703855494	0.0264803130532626	0.0128374242374412	-0.00233124368669931	0.0130029034639415
-0.00269577476614103	0.195547853079776	-0.00996697427135577	0.0276522181936151	0.0122762147731906
0.00308643472479465	0.088231354879281	-0.00761496794594718	0.00716493602299527	0.0108483485928433
-0.00222217758673794	0.0071920962690821	0.019286380845017	-0.0128923245184189	0.017761501340522
-0.00310034100142714	0.162134932675364	0.0493721320188767	0.0354900095877639	0.000230667716298975
0.00949498447291105	0.30908341934454	0.00124717018465406	0.00273438069703869	0.0142462066062564
0.00631725280977349	0.150721104896719	0.0134191675158338	0.00957913315517611	0.00220585012215068
0.00276377806870554	0.181595019113957	0.00874204744428731	0.0290757116874444	-0.0158912232654751
-0.0025748492743593	0.123352596806527	0.0257878345901962	-0.0176516524323502	0.00941073187881056
0.00489911427107917	0.0493533390155292	0.0108467472498049	-0.0107344966538265	0.049079789354534
-0.00251924049550737	0.126965101002024	-0.00414768829441228	-0.00226111485341163	0.0324783545703088
0.00326979866698301	0.183113268174831	0.0377147636680522	-0.00155273541154031	-0.0058802779336587
0.00138875552111567	0.301691969541439	0.0234658513087361	-0.000400639569185099	0.0090257883272674
0.00247748640871742	0.142582931970685	0.011957342663684	-0.006981273441833	0.0362929978930903
0.00309434071832736	-0.0407387628064129	0.0215093020799096	-0.000158710909643447	0.0281049437690166
0.00663894960166948	0.126378062432436	0.0368190607653485	-0.0118445349839626	0.0175653394691256
0.00997949718229726	0.149721817167661	0.059361863345026	0.0494185422014708	0.0382821367340852
0.0114681253811531	0.167698589888411	0.0157525038861326	-0.0258685108355184	0.0392811460559363
-0.00210861518407128	0.143022598350448	0.0262256485657764	-0.0131518606428771	0.00254692930589839
-0.0026307017717394	0.100745422777552	-0.0126617745862268	-0.0122324479439014	-0.00822161147693467
-0.00387422900806315	0.145593956852299	0.0475252974671936	-0.0202997830545402	0.0164617428771431
-0.0028347115418961	-0.188939747209087	-0.021948197177243	-0.00335189495524579	-0.00834765113017452
-0.00328129786670995	0.149572548309794	0.0234411417660436	-0.0152236989617342	-0.00322827997080466
0.00552755692373623	0.286051618521629	0.0171573969589236	-0.0068025191046568	0.027560684645415
-0.0021992470198263	0.0138892373336116	0.023540922341519	-0.0372219820664797	0.0330517187198791
-0.0021037541498463	0.317713063066615	0.0397835997758733	0.0588535847347971	0.0181110527297028
0.0012447849407702	0.158080598487698	-0.00455891186305433	-0.00420356350123382	-0.00750273159037823
-0.00310257832421174	0.143134806038179	-0.00259497116909133	-0.0111888385251436	-0.00328193061230728
-0.00266110696107904	-0.0104906239659493	0.00677270426550697	0.0205826262639433	-0.00206003476828571
-0.00334547991069897	0.0954187670710589	-0.027886648382894	-0.00254345574080085	0.00778282440372448
-0.00302386539588442	0.336158934213082	0.0234631199710213	0.0161444899048996	0.0190005530509781
-0.00264438634496173	0.110219904486311	-0.00591453357031946	-0.00372802472169092	-0.000411603619059041
-0.00353952880379746	0.15763185330267	0.00540814912454273	-0.00659604797464809	0.0124731453139344
-0.00243852377308273	-0.0753469952141707	-0.0184551558237377	0.00766926261963236	0.00952936575652897
-0.00213215564787359	-0.0123839126319483	0.00691075622410749	0.0292398870812249	-0.0139229675820366
-0.00144398278115346	0.222470231265648	0.0354890953914881	0.0151975783921487	-0.00352361733911554
-0.00319857581431077	0.0569736133648951	-0.00378501250131333	0.0193118753537233	0.00355143736455332
0.00293508886305769	0.120129891500632	-0.00486809991237955	0.0151456244603901	0.00656152590810403
-0.00265257045125921	0.0361711061704788	-0.036970057810993	0.0239714311007281	0.00537592948131651
-0.00248556583370823	0.0314118765228552	0.00768036093256749	-0.000852001583771997	0.0137349299488191
0.00692186346869988	0.0978829520181965	0.0353851715398777	-0.0154405443410037	0.0135101838454039
6.99786184406191e-05	0.154422587251925	0.0161686389644589	0.0326756519083897	0.010338337936109
-0.0020934243408279	-0.035315504285076	0.00475175837973097	-0.00325960936139176	-0.00802687600999078
-0.00282067142920115	0.0209949484058527	-0.0354921373269175	-0.03545021682738	-0.0231049404229714
-0.00250082624318443	0.212461157541801	-0.0139415270422405	0.0201536690465178	0.0167262687775497
0.0053045404726604	0.0494860328831731	0.0126744119309462	-0.0248196710479365	-0.00633757090883273
-0.00223685170151891	0.0607691890414719	-0.0130419238397554	0.0152691902127443	-0.0102795669017399
-0.00354520786493042	0.0504360471763581	-0.0330630683351952	0.00667999073677362	0.0225914563941638
0.00130471230845161	-0.00816723626126818	0.0217936678039367	-0.0133939216217688	0.00223761878252985
-0.00293747743812062	0.0309845197080176	0.00715343507949753	-0.00687282552964808	0.00830531352220991
0.000403213625891173	-0.0620226225404877	-0.0230393649328542	-0.00264080674192026	-0.0119424654767832
-0.00194113114901123	0.0879928607332554	-0.0157843327557259	-0.0293473063044774	0.0272905475018136
0.0141586335299253	0.0767741779540203	0.0520427490594339	0.0100579001526034	0.00541734123598525
-0.00184558052109993	0.11679073032608	0.0324096958717728	0.0106428809305266	0.00182581490240222
-0.000769800588270019	0.238431446876768	0.0384419729665918	0.0258756517806943	0.0132700691261088
-0.00169643990047625	-0.0587039093617257	0.000457764216923573	0.0282737361402013	0.0211660297617874
-0.00262652919866405	0.213112471057092	0.0249537058697863	-0.00460602143987462	-0.00449147297702215
0.000850267693387747	0.118976894650726	0.00553571134993199	0.00883307509002314	0.022096292702877
-0.00298712379521996	0.127513746172534	0.0274111436185216	0.0065269379081284	0.030197592684348
-0.00292395901717277	0.0920283846828091	0.00545158954442099	-0.00582871170745379	0.0019414303271287
0.00445714097559906	0.169127819341763	0.0214344676878095	0.00971310419544316	-0.00560854720705118
-0.00323371012131507	0.0353669121703875	0.0170260618148824	0.00899653888335593	-0.00880556621706502
-0.00300750365745662	0.128685616502103	0.017179021354143	0.0337842871313551	0.00628628561027128
0.00747486371916734	0.079929956045187	0.00242235723252322	0.00916797476076715	0.00302259518715867
0.00400440305246214	0.0381156874272058	-0.0161320246815501	0.00302373235461005	0.00857191454476378
-0.00175737691567597	-0.0729017523777762	-0.00807933913858702	-0.01812695761736	0.0203574021886707
0.00249631243305592	-0.0515771431021058	-0.0180024050459202	-0.00217546321399232	-0.00394026369744178
-0.00328899487004825	0.000770329507815586	-0.00903168400899943	0.00138054676486003	-0.00308623298248804
0.000983377170230353	0.0716522012820079	-0.0099794687624914	0.0166589240274418	-0.012583543752478
-0.00194426014301315	-0.0668336580444102	-0.0155858764800798	-0.00204748186978919	-0.00866290015798042
0.00118328822608484	-0.14185721967031	-0.0262497241662159	-0.0155363646753208	0.00661078911026249
0.00239124007904852	0.0345194596810531	0.00809370847052412	-0.027135110620966	0.00913244516636514
-0.00351396792997907	-0.0373488951221572	-0.0132691762027957	-0.0180443286991782	0.0233166205022354
0.0133144411633083	0.0147719434120295	0.00616033335443888	-0.0233683729107793	-0.0203537926589606
0.00452904027079063	-0.104935265698844	-0.0119740071973691	-0.0183525253892201	-0.00370962425392383
0.00561653379353579	-0.103772316073952	-0.010273652877778	-0.00410803033075906	-0.00455172926287446
0.00399443705627855	0.0242388107878458	-0.0215751448836982	-0.00980146496982221	-0.00354725816687506
0.00553474194409415	-0.146075725663353	-0.0159431695642507	0.00297584184096677	-0.00407962767367668
-0.00257648708084946	0.103232426087487	0.00241883908692459	-0.00949323272880194	0.0225700729636887
-0.00276576397494361	0.0318988141614598	-0.00378286377274109	0.0102290471711351	-0.0188957556236187
-0.00194069521956739	-0.0300054468881917	0.00129855165646684	-0.0264689760283888	0.00435760432219527
-0.00393512810345889	0.0157882892249695	-0.00275201805018604	-0.00585356575355659	0.00343703574011218
-0.00189182722147785	0.0386621009749395	0.00179563066813267	0.0129115747010866	-0.0166178642068777
-0.00322614030200758	0.189248782579277	-0.00486295800796188	-0.015968190321166	-0.0110286645397876
-0.00315521886235375	0.0804983489856789	0.00503822503708106	-0.0100501641222943	0.01381979765539
0.00105378819644704	0.0697387403439625	-0.0203742544084208	0.00183163967712017	0.00759249856914096
-0.00232355297283108	-0.0298447286839733	0.00472614231928248	-0.0122490501837932	0.0161130857479501
0.00557831393545559	0.215369201520637	0.0379456158713564	0.0136739885378129	-0.0156702999834038
-0.00283725470667215	-0.0712398019575358	0.00142028528921784	0.00396990850491872	0.0512846754267522
-0.00189787721852166	0.0761554938191483	0.00744453423015481	-0.0207286696407466	0.0175245435690739
-0.0026684165592249	-0.0268711060266392	-0.0229058702843945	-0.021266248856577	0.00303581538413507
-0.00306303080549827	0.0332850516954936	0.0031204164637306	0.014825320844824	0.00207236067597001
0.00137286251246577	0.0673721434077821	0.00391824049461023	0.00494183688538002	0.0157836969107114
0.000769030555580369	0.0834477222905839	0.00306531605836978	-0.00640053846400805	0.00534066544693946
0.00205927552097882	-0.0122350524241492	0.0126848876874652	0.00541308167652617	-0.000418614172728402
-0.00189365171586382	0.0295810801785618	-0.0101690881120495	0.014979870329487	0.00081210712980484
0.010309652742352	0.00818997013402786	-0.0211191690226919	0.0293339602415688	0.00253437032352386
-0.00324683778536064	0.0737462000653543	-0.0159839673502544	-0.0106099723612788	0.0249959830655628
-0.00343802452815011	0.0338299163843892	0.0329481260772867	-0.00636453681316502	-0.0092308764174926
-0.00196748937447076	0.284887842661759	0.0795747451140229	0.0374982035245343	0.00509758363626947
0.00465911479325794	-0.00228905242386028	0.0130004625210779	-0.00683721173372822	-0.00168250896314549
-0.00326407455525572	0.0743092673869034	0.0302867820984653	0.0737867757753235	0.00912518490614157
0.00394749704448025	-0.0178310941391441	-0.00277767442509396	-0.0354355986647795	-0.00322408359705312
-0.00213734953182717	0.155710626076882	0.0321179126481412	-0.00797939483766746	-0.00732769011280201
0.00156617527806648	0.247182121315702	0.00571084303333126	0.0287832909415285	0.0105466866157792
-0.00229716375656727	0.225530110287037	-0.016019131809056	0.0133258209553738	0.00187146277019945
0.000329957011474489	0.0363972835685413	0.000735081203317	0.0247948579226818	-0.00772979698652114
-0.002096353987772	0.25038120508131	-0.00212304577878279	0.0248259675922015	-0.00912076970249957
-0.00362561843102025	0.233049672256256	0.00941158948007421	0.0293534642073491	-0.024428480017192
-0.00394434881995631	0.109754607082098	-0.0135578566711549	0.0251059706187315	0.0101090266227613
0.00203727336829267	0.129335381887358	-0.00410550258534885	0.0126513872232865	0.028739995771679
-0.00150653815492031	0.189513842316217	0.00741509807097709	0.000899406550962962	0.00197458284096352
-0.00383579892785835	0.0839876431309769	0.00611865654266655	0.0150725470177035	0.00734460709588935
-0.00117039247628422	0.0814286048202742	-0.00562746605644944	0.0192203152751051	0.0262460581200958
0.000522356076221416	0.137603591050855	0.0144841835101666	-0.000330991283256116	-0.00314553829896034
0.00518327486587855	0.196838605318558	-0.0248964324936937	0.0215265388317672	0.0159869172322047
0.00387842634300698	0.149152258053483	0.00515779610976299	-0.0209434490375183	0.0254624083754366
-0.00237576988471264	0.182235367370395	0.0273067290399842	-0.0137392180820509	0.0382252444640382
0.0024720985563744	0.127053633418342	-0.00146148694952726	0.0435882530327961	0.00582842373106857
0.000298019774987759	0.174108908783813	-0.00349924292594955	0.0204748213399218	0.01749508331272
-0.00165961289070156	0.129069562682625	0.0114612923753764	-0.0279849095229057	0.00232920676802488
-0.00292235122877974	0.267001337852895	0.0233414947892272	-0.0025847836975285	-0.00440291679208737
0.00323236672627623	0.191864867001489	0.0116179836490327	-0.0136333631797328	0.0084879214701619
-0.00154129658794308	0.367267149586696	0.0682631230826126	0.0185239607969106	0.00321015024325688
-0.00201780760906836	0.220816651263035	0.0226838566364661	0.03555605275788	-0.00137240750829468
-0.00172262906875644	0.264285558087161	0.0138261922487351	0.0203271150887433	-0.00373004814237932
-0.00212927763874821	0.246054367595435	0.000802310336125489	0.0467639943143988	0.0240898082413919
-0.00241074680704365	0.270742615126876	0.00454699937499241	-0.00370225849583109	-0.00418846786739575
-0.00378624346662352	0.0440955058631933	-0.00524628438227874	-0.0126704638576974	0.0218675001106465
-0.00171957933760098	-0.026292389326544	-0.0170661562430436	-0.00130003101027061	0.0109412119499924
-0.00243398585826621	0.138464180102639	-0.0371174485695231	-0.0382347854319361	0.00436373578847882
-0.00298821275041186	0.182836343724381	0.0551739124649674	-0.0168908372410641	0.0184377882470421
-0.00295227528939704	0.192007466697296	0.00299927179821318	0.00308437106587087	0.00241063141126679
-0.00226824020597844	0.156127924073882	-0.0125922159250136	0.0121312092213904	0.000200841820054177
0.00132175662621643	0.168161021201885	0.00428184936518515	-0.00971879071788111	0.0325183276595664
-0.00211448077626189	0.240467746233266	-0.0111762056223502	0.0136339114066381	0.0220791346923885
0.0007619285856194	0.25976664691924	0.0329702408247062	0.0163345571968592	0.00861992924983532
-0.00279846948071119	0.365131861443103	0.0212042015763565	0.00644469317935045	0.0142560053364589
0.00264844552019833	0.279993000454382	0.0154076882410799	0.0069711584202908	0.0221416805755886
-0.00302824896610816	0.116905144863074	-0.016416062212599	0.0222152547102241	-0.00298701186357053
-0.00142420949531969	0.138315951352673	0.0196311115611419	0.00455819664366729	0.0103069921598182
-0.00281413077433453	0.014291410803636	-0.00377632132203407	0.0249608483876542	0.00507901187707876
0.00393160033510054	0.0655622871107536	0.00340316360600741	0.00987687608982871	-0.0171144368498538
0.00930315017863492	0.0728675781223213	-0.00146749560446571	-0.0139206135770208	0.032084514237721
0.00231442022252491	0.228045536618168	0.042507599776733	0.043077464716008	0.0129923342986868
-0.000494725402519021	0.14331115119822	0.0404850199056228	0.00398736768216854	-0.00481610939760037
-0.00259150640077542	0.353050560855373	0.0160890883596375	0.0585111780947807	0.0386020151774456
-0.00181561768063967	0.405729131481549	0.0438555201732698	0.0285453397738746	-0.0129705914537944
-0.00188991822396713	0.121836941630134	0.0450368566189658	0.0348759023355718	0.00647394873117163
-0.00167850021597828	0.242501428178408	0.00486029957912861	0.012878008608264	-0.00674807701698231
-0.00324928593180345	0.0948127832738142	0.0110940384954831	0.0128526611876143	0.00329645295348709
-0.0020755468952593	0.327311268327763	0.0058188964818101	0.00561954059721976	0.0135464554455936
0.00308604329567985	0.195442810064629	0.0132044800229969	0.0266875776010705	-0.0158119251616615
-0.00110176420843616	0.318324123597624	0.0257523408782655	0.0396519902079816	0.0454324076955975
-0.00327803413137603	0.285393287845065	0.0123715408159647	0.0210191200058295	-0.0127826438326399
0.0061494372649836	0.273765065958248	-0.0285694614239656	0.0126896774227874	0.0183264489304651
-0.00210590128863749	0.232077340136513	0.00721020233051854	0.0151273843250439	-0.010547713109929
-0.00273963373408421	0.110130133900802	0.012022254466282	0.0302534601764382	-0.00667637607875357
-0.00186319383421769	0.352621420515045	0.033904256841766	0.0436985030518284	0.0341231515041588
0.0056113349812263	0.20772541940331	0.0274613177587363	0.0130644865509877	0.0168859133672323
0.0071337128575078	0.15906209538303	0.0225397315136905	0.0151066571812986	0.0554832207749729
0.00202692248059307	0.171552569889593	0.0421993134508807	0.0487475281480525	6.68637163833667e-05
-0.0018053989183314	0.152264639334895	0.0348773142400872	0.0333370503738965	-0.0168094255076927
-0.00266565851088543	-0.0414284273288726	0.0220707980943271	-0.0169282641472657	0.0343096274035729
-0.00309391792884865	-0.0443347918033925	-0.0188534965413638	0.00256321256655104	-0.00117785444606235
0.000611150748308006	-0.00943589572299861	0.00944586842710342	0.0013771264367895	0.00381075595567016
0.00305870386678773	0.13177784883531	-0.0106055366458951	0.0336057585560363	-0.00850457097271001
0.000499356613930846	-0.0300477962346498	-0.0145223367154628	0.0310691195215962	0.0202327235775664
0.00977614508209739	0.0520061253287096	0.000216546365716946	0.0191273095983823	-0.0236497240754644
-0.00293733790921425	0.253161211592032	0.024061468322653	0.0108661065100566	0.014773513523814
-0.00271595536536282	0.247228404590572	-0.000954196528675817	0.00515769165022214	0.0122915018976757
-0.00304495860810428	0.0912551684512687	-0.0247850014192686	0.012693440829134	0.0726032764741558
-0.00385743135525238	0.140246288293167	-0.00759678063016123	0.00705960695776629	-0.00219174458737687
-0.000755130575416693	0.0958064711628776	-0.00422600488033928	0.0173752538148253	-0.00156854634987276
-0.00177653435242786	0.125746390783802	0.0190624041439548	0.0142455398994221	0.00907479287839875
0.00300823820404346	0.0292409730669666	-0.000511326054119907	0.0330157184768136	-0.00402916038800159
-0.00213548941893452	-0.0507284692278849	-0.00788674375420319	0.0140724759792453	0.0119000368349343
-0.00306606932242006	0.00797539590247467	0.00816507968095077	0.0313791866447737	-0.0128938632149462
-0.00205844793835655	0.0595382554167476	-0.00403929782954863	0.0105922572023161	0.0166958139867947
-0.00340857524759172	0.107529270122948	-0.0273202914664369	0.0349640456418378	-0.021957675536759
-0.00363428965074752	-0.171615978761614	-0.0058088937812663	0.0178293454988276	-0.000918524839825182
0.00177147007748703	0.0903851379111344	0.0208319852839258	0.00149966173534493	0.00305220400470578
-0.00193643439153281	0.0831578226596155	0.00717426981148949	0.00144873268056802	0.0182027210665584
-0.0024978812524461	0.0882491887172805	0.053463176811227	0.00629472388598591	0.0112242294543036
-0.00312041282701037	0.158411340039916	0.0295651667349182	0.0194571545273943	-0.0131828243224605
-0.00198825626946182	0.0854539898035822	0.00277365182032877	0.0140972630030833	0.014198107207055
-0.00285023051758921	0.0651385825405377	0.028369381851592	0.0513717299387172	0.000187477029784936
-0.00285259077055151	-0.0708193695113011	-0.0357522151717405	0.00672328436443344	-0.0115460092059144
0.00564351605435632	0.155877282738034	-0.0149190554883203	0.0411783711932879	0.0144017440119095
0.00370774770022101	0.0606602988862242	0.0184929280768668	-0.0170317773865155	-0.0030356410303499
0.0163824839467615	0.0191244748343935	0.0198644047772904	-0.0156374338943578	-0.010104440042168
-0.0025570775814568	-0.0990398526218002	-0.0093577280711855	0.00081454450157123	-0.023917414517807
-0.00305999302730082	-0.0688033716088429	0.03579258293005	0.00636475541953042	0.0181976023666496
-0.00320095429414281	0.121445118799097	0.0516837958952484	0.0211192780379431	-0.00308260300257489
-0.00290300845347449	0.0114792434071339	-0.00447694924000491	-0.00985075086135291	-0.00977916975404723
-0.00280213660880095	0.272110505588181	0.0348931180921845	-0.0134165770108546	-0.00263437766999334
-0.0025387394365272	0.142376071372276	0.0447719501669106	-0.0231618733163702	0.00299728106915389
-0.00299730937426639	-0.00393908187198563	0.0137621164084192	0.0363897841897846	-8.26485709521796e-05
-0.00197866618049292	0.186191609255837	0.0283170850940573	0.0150030865010822	-0.00606165273468425
0.00752067948519739	0.0859097367455013	0.0159569535386932	-0.00330185330763231	-0.00232080453924735
-0.00253372738802495	0.115461639954839	-0.0169365175726915	-0.000719039609201511	0.0127492622078395
-0.00227151649242031	0.151207930137842	0.0164858176711861	0.0460214036483114	-0.000631436358303332
-0.001793087871907	0.0715431267663631	-0.0101631727437661	0.0182550949904852	0.0408656829632889
-0.00300482429820812	0.240845814452761	0.0207376653874955	0.015675007390631	-0.0125135833382401
-0.00313688723573641	-0.115905677602817	-0.00148325012650225	-0.0255565197375824	0.00219250980441609
-0.00245192252085952	-0.0649257013120428	0.0132240810083014	-0.0216188841252749	-0.00347876670206524
-0.00387991906834872	0.130755418558407	-0.00186007003449223	0.0212129667722986	0.00605459743636333
-0.00189307427408335	-0.0346519158460993	0.00905229646933227	0.0404492292819055	0.00939508933194028
0.00763441360877793	0.0944244808933891	0.0221261732005749	0.00383802477730769	0.00318469691902561
0.000370602399613547	-0.0807692069786259	0.00176103073522475	0.0200926165168503	0.016852760970517
0.00129048301856879	0.0715821790257921	0.00877587712213276	0.0333938829347396	0.0187504256426277
0.000464400556805926	0.0865867668487387	0.0100446150042601	0.021315154627244	0.0160049397908974
0.00154237094027443	-0.00839088442108766	-0.0141957945800593	0.0092246762910176	0.00278821939246581
-0.00305968792571668	-0.0325817514958663	-0.0155191893512267	0.018113814974391	-0.00257416940542284
0.00270411924398503	0.149786900593118	0.047994941307788	0.0400532592644904	-0.0121067529386588
-0.00278881221681938	0.0919115548246522	-0.00427680350103218	-0.0355317457484973	-0.0134944545097364
-0.00418365002222651	0.168809458698774	-0.00199039744097423	0.00370179558871628	0.0515735325226788
-0.00249048534491527	0.115776507218376	0.0077012107200565	0.0217399318823331	-0.00219249132262655
-0.00245683238170348	-0.0306218244065129	-0.000680451378743624	0.0182229787601082	-0.023848139393846
-0.00258821404158414	0.0448129970123586	-0.00804654073378703	0.0164462621319137	-0.00667282318901018
0.00404846289811031	0.14567999887772	-0.0109532281629412	0.0101249965939306	0.0272824958372855
0.00308631094365763	-0.0413009268867174	-0.0142453257512134	0.0333813411302954	0.01507082710822
0.000111662717633866	-0.0134048776550504	0.0278819453873177	0.0185644293484237	0.0142750310639022
0.00141519314808742	-0.0792912441416005	-0.00720276789078263	0.0149777866565919	0.0242344847866413
-0.00311958138636878	0.151672063870749	-0.00408709078832582	-0.0115040146598846	-0.000641642410897456
-0.00240483821823385	0.142210977960898	0.0239878687087231	0.0575191320959386	0.0356054743804021
0.00712331071890216	0.12871116630701	0.0178827571129705	0.0351767864187839	0.00284486787528978
0.00123234519990891	-0.0482507673063279	-0.0163052183879296	0.00592978102544504	0.0373129328201234
-0.00191416896441981	-0.0569558447263892	-0.0115372538465332	-0.00288393872710949	0.00779041562673189
-0.00233406618012576	-0.0238761231313758	0.012147842563963	0.0115111647503478	0.00740561925992253
0.0262763886025218	-0.00615254124503168	0.0177115637092259	-0.00605009328605924	0.00468308193520204
-0.00227240995214012	0.0988722730698251	0.00638862213184974	-0.0114363142638854	0.017713889298857
-0.00298755220436034	-0.0194895844268602	-0.0153366001486556	0.0903189169017107	-0.0248822608182933
-0.00287299485991134	0.232089974089946	-0.0128828727448857	0.0329093602133722	-0.0157825853166036
-0.00282801577147972	0.138985936048836	-0.0113222894356585	-0.00719655136782776	-0.0138327419256781
0.0150778834952887	0.134485286208712	0.0598035934251345	0.0368490865296204	-0.00550505818010816
0.0201314894121685	-0.0442744493629634	0.025764911115086	0.0186355844654359	-0.0220071997854874
0.00388182898087237	0.111101486083926	0.00746037087166169	0.0194467842898948	-0.0165656306263841
-0.0016625558255226	0.179183337618683	0.00806537309294279	-0.0273047297528373	-0.0157366375301268
-0.00271206141280084	0.109810524023665	0.0229055107273676	0.0133576348254493	-0.00456257154323276
-0.00313855149656736	0.109744067896094	0.00392013671329006	-0.00972577215164974	0.00867356185795125
-0.00335820654604357	0.0366969730585627	0.0249320913141551	0.000395398099766957	-0.0150174977712373
0.0136933913609472	0.0820453337006119	-0.00335255906447691	0.0448925192339506	0.00914197834169799
-0.00268102505473549	0.247569827987142	0.0316442981466053	0.0952991493533949	-0.0234341926761966
0.00400976826626697	0.229273140151398	0.0159407875292542	0.0149305482920148	0.00837620150269815
-0.0025831871520701	-0.0290596615181068	0.0142835769869834	0.111395123751079	-0.0241024697630344
0.00775427999497805	0.156290273172584	0.0339685860280758	0.0405054370049781	-0.00472543239929636
0.00271193755064081	0.26348847432803	0.00715928206636593	0.0285462126206643	0.0200637039196649
0.00687164264496668	0.17984383078046	0.000782125292322839	0.0277704525061612	0.0218425509558494
-0.00226649765156221	-0.0253385247146443	0.0302738045851981	0.0038493196521636	0.016522635099825
-0.00206573525236409	0.0688546752463681	-0.00337083849363823	0.0122102553439884	0.0165713988911743
-0.002213320337148	0.131672824905818	0.0121504386607232	-0.00206846594352158	0.00142300036809777
-0.00372977870720112	0.0122839985160798	0.0239046509478853	0.0142086135658791	0.00410041799311068
0.00487479800662598	0.136016050167342	0.00374160775487713	0.0306554105067001	-0.0051241799248314
-0.0037247345714004	0.156213102486519	0.00460722672269116	0.0145384357562455	0.0184643064352829
0.0006406257642663	0.2596433248625	0.0297339702915807	0.0351352818305618	0.02219977184787
0.00350663033905895	0.196321672944779	0.0113303930553703	0.0128698296220303	0.0115696738071479
0.0078957109504943	0.107170362660235	-0.01629936607576	-0.00487504257795322	0.0255182025567723
-0.00175531237771295	0.197357329326002	0.0194784680702967	0.036303663126485	0.00832196356683983
-0.0027577742852533	0.032924325629437	0.0149338119923731	0.0179737166888897	-0.0228435155585203
-0.00225625680634891	0.0789088209523056	-0.00425713378078656	-0.0117027184731084	-0.0107155709645893
-0.0033333813706051	-0.0963229480574034	-0.0105518881670546	-0.0153422093548144	-0.00540405215717668
0.000691282885522627	0.0306629961613072	-0.00633554058864192	0.0200916750300466	-0.000908844142945587
-0.00267522546224276	0.0866337166431036	-8.69862739773036e-05	0.0215329531518789	-0.0227561672308592
-0.00349065308346079	-0.053833197525432	-0.0127760267841114	-0.0159371751262914	-0.0135924285753302
-0.0029687589230124	-0.172287889274849	-0.0188860675685888	-0.0275366101866858	0.00729330307954356
-0.00240127350472703	-0.0490240239402565	-0.00410426529091234	-0.0176509455332799	-0.000412831612076469
-0.00277269813028718	-0.028650582265087	-0.0119805137235995	-0.00478418263010032	-0.0148111833052766
-0.00275031200830032	-0.142163996849603	-0.0205050339773428	-0.0111266100763854	0.0117202376810429
0.00606085959047164	0.101724483801359	-0.0183167565511864	-0.0174135436484204	0.000162235186255567
-0.00182727089842358	-0.0937869784659462	-0.0169388174373895	-0.031215253190221	0.0176180327239923
-0.00285752849427018	-0.142400125926133	-0.0265189945853497	-0.0147345403146511	0.018797276779472
0.0185243174489055	-0.00844982921940495	-0.0174430711613243	-0.0356116754980723	-0.0139023265891072
0.0258897719490209	-0.306470412850922	-0.0383405425760162	-0.0220450463570656	0.00400865875798049
-0.00193401228773881	-0.0487836887474029	0.0208290646708178	0.00593141551301554	-0.00455280192726522
-0.00286102546804305	-0.123277050209858	-0.00558630644226836	-0.0189863822211574	0.00663188414319741
0.00504810038899519	-0.119189962957673	-0.0222121214261949	-0.0134022817145674	0.0135173098936926
-0.00324772279013775	-0.000558485182462562	0.014584418882106	-0.00187453163608327	0.0153521269413152
-0.00409710514751708	-0.0996943531663151	-0.00496139043833993	0.0518948252299886	-0.0198465600631585
-0.00334822881764319	-0.0856422021080036	-0.0303203668538604	0.00294123689044512	-0.00127574658865333
-0.00253896220284288	-0.18300708474165	-0.00404929809164606	-0.0242916251512083	-0.010303876497441
-0.00145250373925853	-0.0261609283967055	-0.0125790345643686	-0.00360819017807437	-0.011999965046501
-0.00338408324219172	0.0766460838714438	0.0335352394793706	0.00109519422074066	-0.00772142450310445
-0.00248586031172159	-0.138850075001131	0.0240506037623414	-0.0222910252504561	0.0723622654262578
-0.00284410282896628	0.0154025022503128	-0.0139042596152264	-0.0115686995280893	-0.000259730652897664
-0.00247355864599793	-0.127343536824978	-0.0271376920058435	-0.00868588565773226	0.0208762471595216
0.0142047138516496	-0.248300171162307	-0.0218370163840136	-0.0236977502464542	0.00618437195306623
-0.00308953420514418	-0.0257667915611667	0.00820817051316354	-0.0364361683520099	-0.0248491797115172
-0.0026393005306724	-0.100691619466734	-0.00728939772187842	-0.0238490668567998	0.00172685169257779
-0.00378021711919498	-0.037262243659573	0.00826053733369476	0.00725437665451321	-0.00493248330944617
0.00210671313206318	-0.0955549967709738	0.0014649460780977	-0.0224044835134914	0.00625926271544871
-0.00252150495811725	-0.0540472091466483	0.0118131685770747	0.00786080436437259	-0.0036125403676616
-0.00175845412939141	-0.0551164643187029	-0.0231904298527064	-0.00612551174184228	-0.0221022767047974
0.00627993829461341	-0.166407019807639	-0.0196421172038656	-0.00194937094234686	-0.0250241620166731
-0.00347803236825566	-0.100626643076054	-0.0227076897944282	-0.00355043032064725	-0.0220441463242664
-0.00277483249045203	-0.125553449617134	-0.025229298416968	-0.0058359779119983	-0.00594567824542267
-0.00207083023399555	-0.116247459514238	-0.0104259960748502	0.00562952853604674	-0.0185925658196922
-0.00326108057451046	-0.0926100978261472	-0.0279342550767256	-0.00744792127505057	-0.0234135700111574
0.00262847177480588	-0.182250204085838	-0.0287782062057724	-0.0074905746565295	-0.00835476776253355
-0.00154976603544575	-0.0949336359351363	-0.0313578826559637	-0.026411968312562	-0.0213149355648931
0.0153455570393045	0.096852409743497	0.00542002577719352	-0.00704468326555246	0.0104331252825832
-0.0034735420215471	-0.145080372223341	0.0589106962803569	-0.0185839529770863	-0.0226277579333213
-0.00239255459414701	-0.310796016764846	-0.0351475686007433	-0.0352796248804647	-0.0235383873852767
-0.00300136903703174	0.034357667022278	-0.0181805852933264	-0.0173470732241464	-0.00512927188488067
-0.00286135905008476	0.0309484540310312	-0.0168010820384344	0.0155627048540663	-0.0128810794770696
-0.00324784332252197	-0.0690432635886318	-0.0200771141443643	-0.0173175001984551	-0.00486048770415303
0.00239896544493644	-0.12986164652295	-0.0166543830536912	-0.0107338086203905	-0.00946567525711728
0.0286052863250851	0.0420379410588646	-0.0378838199892248	-0.0336192859392311	-0.0240750295097548
0.00431252966186992	-0.15339286338624	-0.00648632575659848	-0.02484409898546	-0.00564694429957889
-0.00166154265508074	-0.0737956408730677	-0.0175798800809927	-0.0273874069184494	0.0098473112182477
0.00816772614234169	-0.0693153416073326	-0.0156111850563769	-0.0353263824720406	-0.0241055748666662
-0.00301730358544262	-0.150648895405641	-0.0256787197917284	-0.00260867124326498	-0.00838605104912599
-0.00296884062700375	-0.113232079431831	-0.0129415718705604	0.000283278846891079	-0.00439296926407918
-0.00213982119647672	-0.0590597460739535	-0.00165020834633211	0.00673323261184591	-0.0250660983878184
-0.00146878283960023	-0.153689634976046	-0.010126363600854	-0.0394168388757835	-0.000698632312640171
-0.00215394550115748	0.0533479343434199	-0.0232028867209319	0.00217052681466315	0.00310427899966796
-0.00318193727966206	-0.0764936686696005	-0.00852920930622507	-0.0134826037043228	-0.000751612638107247
0.00287929782104359	-0.0721129042232425	-0.00838100327537913	0.0316414170976516	-0.0126124901140362
-0.00200541722661794	-0.016838459876754	0.0268750432961661	0.000598908214703291	-0.010573567045426
-0.00305727759830004	0.0192943199477455	-0.00768634254812806	0.00349981812057264	-0.00129979899128792
-0.00299592521967073	-0.130795957422066	-0.0210452511901366	-0.0125644968369436	-0.0229664719583166
0.0113672725391229	-0.148966343841425	-0.0374403301231402	-0.0188334707044693	0.00442543586188312
-0.00242199028919658	-0.00606097479543814	0.0175194683091522	0.0115167929175107	-0.00922619997162361
-0.00215360113770599	-0.104385905297947	0.00486205627146477	-0.0183322904365382	-0.00655497436350767
-0.00182963836669805	-0.139714681737182	-0.0124710425315666	-0.0218851515543955	-0.0210433855474223
-0.00187794780533136	-0.0470792407929493	-0.0276424795061297	-0.011880618610669	-0.0116725340737179
-0.00323295945909045	-0.0955491195884974	-0.00307461429304065	-0.00996172268691867	-0.0156952767916913
-0.00332636306035207	-0.0762126528307178	-0.00860601591347389	-0.015225173095851	-0.0136919491987459
-0.00188142670320536	-0.261504360856115	-0.0343336534295527	0.0384799430234102	-0.0240676760640399
-0.00273396382833195	-0.0477772759032708	-0.00920571101230611	0.000111512336205214	-0.01823734810214
-0.00261418582234612	-0.236776025071083	-0.0243353784722703	0.0616691239891076	-0.0250848129630111
-0.00182650469551759	-0.0880418998022621	-0.0168523274355019	-0.0109456209478838	-0.0255122765073468
-0.00226836312284979	-0.124256699031755	-0.0182708040143254	0.00142001596472395	-0.0154303626171523
-0.00221408972581507	-0.093180047717714	-0.016206405195203	-0.0362404552095974	-0.0138497844719115
-0.00271314372942269	-0.0645963069413891	-0.0225503053368195	-0.0263020303030411	-0.0219886356784618
-0.00297173696070138	-0.132279461943431	0.00720040475613739	0.0297684976701545	-0.0227139746070893
-0.00209877688077434	-0.293866178137316	-0.0364152630463292	-0.0368540140261303	-0.0249256637127187
-0.00264696026905312	-0.120022498444246	0.0342238671520982	-0.0334770166684755	-0.0212623290402951
-0.00239370570361095	0.15999693019936	-0.00140310532381897	-0.0070452579784621	0.00632224314453062
-0.000208400921462905	-0.108958718074897	-0.00359811391243357	0.0151303444672041	-0.00668847255719776
-0.00233506295307329	0.00658525523428331	-0.0098407514229405	-0.00608740968090018	0.000440201530720691
-0.00249607188356555	0.0440246170347008	-0.0091689478398609	0.0186775620781306	0.0129834437478028
-0.00313958419699755	0.0305451404184915	0.00717386718366059	0.0298095634818874	-0.0224641017499371
0.00257940644826601	-0.060368860932237	0.00430744324590319	0.0168432452184243	0.00172342625272304
0.00154898050375416	-0.0641378193032472	0.0127004199305101	0.00452856813267543	0.00661618891005273
-0.00334390899658035	-0.0374645434007161	0.0214672631383616	0.0212598487496237	-0.0104239692549331
-0.00201666102624204	-0.0566980768485525	-0.000933833415479722	0.0305097171414475	-0.00126462364352981
-0.00260567438153429	0.245413884484111	-0.00929489529031136	0.00947230561209134	-0.00589981073457348
-0.00254009076140722	0.0342567536491199	-0.00871942248260726	0.00625074373456576	-0.0169669863864165
-0.00272486786770127	0.0200699864982742	-0.00635813247852873	-0.00567692972578132	0.00612696386873591
-0.00202979521721592	0.144898832601764	0.0321644996670638	0.00179990495294139	0.00552242862676632
-0.00243876534084231	-0.116221779416685	0.00111682326239544	0.0454989725876116	0.012423542217022
-0.00280719653973741	-0.13782054455574	-0.0305911036721385	-0.0292452910576567	-0.000362446950661002
-0.0026437937670008	-0.0853208497546541	-0.0275140452851752	-0.0357544706131184	-0.0249205852714046
0.00217383851552342	-0.130939531847379	-0.0211318654183355	0.0010112456082917	-0.0154204649370893
-0.00191293983341544	-0.0517175280020331	-0.0158196254364646	0.01386714720565	-0.01285319597669
-0.00346426999930081	-0.151553658652403	-0.0216457358952682	-0.0363740317104804	-0.018896228432182
-0.00243600253637322	-0.0869040404101744	-0.0222381416805168	-0.0184831127861921	-0.00611765836260332
-0.00285965590680951	-0.00706651390031356	0.0116459679004753	-0.00484311374549252	-0.00186626357932194
-0.00379075242836263	-0.102075741979807	-0.0281073559575262	0.00477392913311345	0.00429875306082123
-0.00296263228522352	0.028685522672321	-0.00575857161129362	-0.00872198453026874	-0.00613626484640893
-0.00252348484901889	-0.141822170341515	-0.0286046658579403	0.0197451541740177	-0.00814498685169791
-0.00275835753441336	-0.0205909286807282	0.0198809624495479	-0.0244720332935778	-0.0132057480320314
-0.00298185041889611	-0.090423429332473	0.0100329618080982	-0.00184362556893845	-0.00399589331468826
0.00511870186876052	-0.170156959160979	-0.0295937459479002	-0.0268204067782836	-0.00890545657412303
-0.00233231494443242	0.0367323060637233	-0.0149835078207458	-0.0336502103291095	-0.0130748834607078
-0.00151901377602565	-0.017698527954499	0.00265575453121738	0.00930325830758398	-0.00695568184461247
-0.00239529641499306	-0.0200613355742401	0.0149458643798778	-0.00352094119782357	0.0130360859413441
-0.00142728963240711	-0.197314704887237	-0.0178054712946284	0.014990035521812	-0.0260841266777865
0.00686300975468993	0.0740414527969072	-0.0137778444405019	0.00271381163385203	0.0241510863546665
0.00617732150343998	-0.118968766059361	-0.00876418395920389	-0.000422825170254897	0.01341954897863
-0.00249880926143091	-0.140120327970768	0.0496332723260749	-0.0362500087215273	0.0913816158145633
-0.00324919751001853	0.0248189905402675	-0.0103617112413011	-0.00175810886326283	-0.0219639396594916
0.010482079122016	-0.112437809480933	-0.0283687274536568	0.014320874222246	-0.0229757662286747
0.00288136475674192	0.0239433234202868	-0.00115022161150116	-0.0174921851584295	0.0108809441163706
0.00667261070365273	0.0957030959426197	-0.00178777310694536	0.0340472828383323	0.00169211646025877
-0.00258059155980227	-0.0931541691357043	-0.00614082932514848	-0.00646976456582316	0.00679384448144319
-0.00181437024823713	-0.115169053764876	-0.0117003271998016	0.0100137333575128	-0.000712485983321926
0.0164934119645545	-0.0350277599953591	0.0207657589903929	0.0390346191643313	0.051135302106527
-0.00252780428020677	0.0272106128196715	-0.0139483444554618	-0.0360729451990257	-0.025114856339729
-0.00326821657847365	0.0407332872745486	0.0200376956830749	-0.0242631439253874	-0.0138796434391099
-0.00190634994482394	0.157614538293537	-0.0030091151270629	0.0068738353090903	-0.0045590784354228
-0.00183777716081916	-0.00397868374710844	-0.012019933310421	0.0205818543318811	-0.000685072884455078
-0.00167856928660088	-0.165491832250826	0.019702419353374	-0.031922954976232	0.00300862543560858
-0.0022656808759149	-0.191226946831546	-0.010975111050454	-0.026595408230594	-0.0233027155700487
-0.00238533974901377	0.0165643497379128	-0.00116067885471834	0.00281356913317956	-0.0116263371057059
0.0235391252918459	0.110680733331186	0.0400171844056984	-0.009445283810086	-0.0248469034473481
-0.00271113297558984	-0.131326769945485	-0.0184374436876537	-0.015534965109629	-0.0229798723493967
-0.00254924595716389	0.177192865701947	0.0127326149520935	-0.0248077536158006	-0.0195967274933093
-0.00249904311882056	0.0444034169849253	0.0315513119349482	-0.0226085682063616	-0.000219085820036382
0.000813590703423876	-0.00986200547486647	-0.0191789224434841	-0.0108455369577903	-0.00290667568141504
-0.00206983729431858	-0.0699094463826332	0.0293953344854194	0.0900268558929365	-0.0232786658113229
-0.00273258635467874	0.141556010575116	-0.0198857483012016	-0.00229554788699898	-0.00759551324568965
-0.00295140965170248	0.0765455198016953	0.0289677248818102	-0.0135451089616344	-0.00976974585784212
-0.00226497864084911	0.00757909216930212	-0.0170034623955023	-0.00815068362528302	-0.00549531820305027
-0.0020908642283542	-0.0879459081350137	-0.0277886745267313	-0.0152021143138697	-0.0251332586895588
-0.00173230477739831	0.0439322365779029	0.00334774879611989	0.00654681421544841	0.0131633367173427
-0.00268316538916877	-0.036804518832512	-0.0100236177736661	-0.00833523936575597	0.0185060338393324
0.00416229715737819	-0.119906385639481	-0.0235874934554282	0.00299179102518034	-0.0140258299037771
-0.00180136040382206	-0.086306711018342	-0.00622993396067077	-0.0187738379832691	0.00192933556501192
-0.0025695859022794	0.0636301531106757	0.0261989292157484	0.000259627732541527	0.0221409431870922
0.00453036514982695	-0.0308096983101199	-0.0144684438408945	0.00826656418221254	0.0339649034686227
-0.00378254888081273	0.037879963137318	0.00881646164209035	-0.00600846096515441	-0.00386071626417728
-0.00195267130408181	0.0228857008718719	-0.00925983450671711	0.0109778701958976	-0.00274125069519008
0.00234278978829911	-0.0701586846157234	-0.0313149387715285	-0.0242013675257117	-0.00345459905124871
-0.00191843229596662	0.0802139027715022	-0.0171083353054951	0.0080296488536823	-0.0144640769297483
-0.00300606185949473	-0.139792165302808	0.00685806270166094	-0.0161777390410276	-0.0105556464438491
0.00436311789879763	-0.20946968962341	-0.00469020864984915	-0.00352353297630346	-0.0235620877951319
-0.00365692239475321	-0.0971205891345027	-0.0274440392730283	-0.0129324927636286	-0.0212504041849732
-0.00207451775427393	-0.212588144886326	-0.026313554745856	-0.0145526342303676	-0.0146476390481208
-0.00255216006616978	-0.226843731020927	-0.0193145195610361	0.00394378331059717	0.000788646194204496
0.00768826725821071	-0.166559839790687	0.028234939957701	0.018443447168866	0.00296503815291404
-0.00254852175283955	-0.0823168175824528	0.00963074493297532	-0.0190118217721287	-2.7405840966181e-06
-0.00189180391234847	-0.273205589385763	0.00954237272634574	0.00814865774896749	-0.0224285628898299
-0.00392815424120945	-0.206425734328163	0.000660317317993672	-0.00799006671209179	-0.0186115743626817
0.00457786498519664	-0.0697101770614261	-0.0147809937472371	-0.0262369745720216	-0.00309472434392433
-0.0031794542518591	-0.121301512415312	-0.0219957183892872	-0.0277475487186556	-0.0153694389145727
-0.00269028902235836	-0.236971092764086	-0.0159657898966731	-0.0292781806325299	-0.0253106695836738
0.00405782157994614	0.0563378323772343	-0.0103444550688461	-0.0214327321295727	0.01659180201883
0.00395979237752019	0.0714822252148467	-0.0092411352732817	0.0252588057497525	-0.0100587266580225
-0.00350279034540479	-0.16137831515934	-0.027542494029456	-0.0044535609561467	-0.0244222530609935
-0.00291076967351087	8.99171732028459e-05	0.00113636541073027	-0.00705666075164605	-0.0146172205532966
-0.00285712107210084	-0.101913760512476	0.000809761088546918	-0.0236043892585081	0.00506151162785579
-0.00338967848266744	-0.0543644263950626	0.0067171868291954	-0.0267456001632067	-0.00464576989211341
-0.00250510390343531	-0.0753998591617006	0.00397505559585998	-0.025373007035224	-0.00967162859298021
-0.00159524309087275	-0.0213346995120772	-0.00750191894670377	-0.00202721161091599	-0.0234345066893877
-0.00248981334668837	-0.168450871905603	-0.0301153915382261	-0.016059897115036	-0.0109429505513959
0.0193063680543185	-0.0785384535486848	-0.000433472086018911	0.00168337177073794	0.0136718401713597
0.00334197240066988	-0.189555327243584	-0.0332683001657447	-0.0176904168127846	-0.0157361746584993
-0.00301093806410122	-0.049975707694798	0.049679918151541	0.0200915909195555	-0.00018480207788568
0.00395799787313514	-0.139013433637041	-0.0317463975616373	0.00266364880126898	-0.0164094203246541
-0.00172438405826156	-0.0821816401752498	0.00514630130084254	0.00286665545602374	-0.00724423590871739
0.00244982764209968	0.00427894658071952	0.0189545366563526	0.00820236880390416	-0.00344668620881011
0.00774860647381059	0.0160007361680051	-0.0265443778243668	0.0488537240192766	0.00480099398095044
-0.00308664203891411	-0.190668300051315	-0.0360910898790894	-0.0338176475746465	-0.0229234041811478
-0.00199176225805019	0.12782168357408	-0.00921961326450129	0.0140747653041706	-0.0237073177902756
-0.00195999777667257	-0.0233382630577835	-0.00960986281866725	0.00754882530807335	0.0257544915401704
0.00467200126082955	-0.000359721943924129	0.00565025637879338	-0.0216893686284651	-0.00904387118953779
-0.00315162619151719	0.206066506489909	0.0247526216000681	-0.00386769062820779	-0.0249913685759642
-0.00252754190107612	-0.0160353291440676	-0.0190792043224568	-0.0344913587272375	0.00325782919495108
-0.00225781715280174	-0.100732965107194	-0.0124862656651527	-0.00539568602909198	-0.0162196005678142
-0.00255889497570922	0.120676435865582	0.00206137584195229	0.00407377000162292	-0.0013519450178142
-0.00159867020367409	-0.0458856252465595	-0.0117391797725985	-0.014401541610718	-0.0123355301332987
-0.00319111998513247	0.00616239127582384	-0.00348273811934468	0.0117778287423542	-0.0174935894128374
-0.0025446814195868	-0.169293647635018	-0.0351717943400657	-0.00955994708989115	0.0271751028422299
0.00211069788249446	-0.0429884315323603	-0.0101224062105832	0.0040351543864373	0.00885920389648357
0.00702498068646741	-0.0648059453707959	-0.00671988242387045	-0.00361279597719641	-0.0242623876617802
-0.0019341799526766	-0.0427996257112029	-0.00879463922608744	-0.0224696557817139	-0.00981003447134897
-0.00334992872088394	0.0349836726120609	0.0444730809274428	0.0466884841059807	0.00386938289683798
-0.00256707710554482	-0.0679404190376091	-0.0139325342106939	-0.00226501734421802	0.0223383672784105
-0.00308221297280791	-0.0889388434016789	-0.0254243858166695	-0.0301506060926042	-0.00820231809431294
0.00122248968314268	0.0433878474354023	0.00960359460813669	-0.00329728280175858	0.00290209075023234
0.00348962953010381	-0.132172973626336	-0.0206906773570504	-0.0206788528337192	-0.00334100426056795
-0.00177612313354818	0.0872893281178308	0.0123143231118088	-0.0191174573301458	-0.0185326989123008
-0.00427964464840177	0.0545589650475193	0.0249882130392891	-0.0107358550847329	-0.00676046078933469
0.0098908256173843	-0.0990052454997866	0.0147849347401535	-0.0350159881615505	-0.0238470440653097
-0.00317249725059085	-0.133908323001354	-0.0288736185854493	0.0187982138265215	-0.0141020547641169
-0.00429504068628664	0.0820404142754141	-0.0230767299593215	-0.0351708320111604	0.0113528765492709
-0.00239569203414047	-0.0564333600926707	-0.00332287767783922	-0.0324628191585299	-0.0239089287266735
0.00555626777433504	-0.158220333894467	0.00477235950551003	0.0176049227121921	-0.0215830833370481
-0.00254478905975577	-0.0928626886488428	0.022322323530971	-0.0196210328324391	-0.0164894904526474
-0.00242103001594566	-0.202648146418744	-0.0222104008796284	-0.0114973163859296	-0.0139342379905069
0.00810580323390082	-0.0450762049311741	-0.00977762591712026	-0.00848042217899	-0.0121791733808801
0.0143526035152381	-0.254227431719457	-0.0268415146110066	-0.0142638932759489	-0.0150063624850733
-0.00385303967623395	-0.207049283545146	-0.00781201410314771	-0.0126215485851307	-0.0008888978321595
-0.00247834835256993	-0.0950155711713078	0.00434987565531567	0.0313608095364758	0.0112178329758043
-0.00345081321763116	-0.0782459816166775	-0.00304236817623953	-0.0113769265087466	-0.0185816915213441
0.00974532375173706	-0.234700705317239	-0.0143829098022581	-0.014349289853718	0.00131175247716918
-0.00345206953417708	-0.173844505118347	-0.0246970790790423	-0.029800959336119	-0.0184720935628617
-0.00373910565856308	-0.204054029755878	-0.00851255417711771	-0.0343225559035561	-0.0129042406860058
-0.00252096973943178	-0.178098101321352	0.0356968897062556	-0.0363772380329036	-0.0250786584234928
-0.00305635556729098	0.0105077248327466	-0.00455820106389422	-0.0323746960101587	-0.0095256231594946
-0.00220771193888271	0.0103745830809568	-0.0193017309458097	-0.0142452129401292	-0.00333317293583225
-0.00183240905128274	-0.0185172930845927	0.000231476954234293	0.0060914546829385	-0.00735867348553529
-0.00186433401314411	-0.044526795441408	0.00844140506659776	0.00832220883395958	0.0352035985563011
-0.00300866096653935	-0.0516114167185896	-0.0189245613578423	-0.00600126499510839	-0.0121183620265921
-0.00390969835890262	0.190675955413887	0.0105746629392095	-0.0195850517368593	-0.00912288314905916
-0.00205717428718483	-0.141686368740042	-0.00276822295627241	-0.00906215760613168	-0.000920793190608178
-0.00240611294796371	0.0587659754129953	0.025852289244666	0.0411263235773678	-0.0052533396796785
-0.00398213641686042	-0.0360163351911008	0.0354587463295364	-0.0184562327913228	-0.0122633758632107
0.00364927122033958	0.0722118027579526	0.0106298537104266	-0.00522339105105404	0.00645346001772085
0.00181167696597591	0.00651850325561439	0.0209763465507734	-0.0161171550406164	0.00465045676410148
-0.00263629833120906	0.115886353882413	-0.0046015707184226	0.00171168395221485	-0.0100499206055739
0.00231244001914711	-0.0978020864707691	-0.0170610543568359	-0.0128184591719712	0.00811426694389425
-0.00207518537334937	-0.0795461151116201	-0.018119651020238	0.0397728830348479	0.00596155389167107
-0.00276487929694106	0.0152599258030889	-0.00404083281959265	-0.0137693317698985	-0.00107048406608026
-0.0026487877904686	-0.202354275327835	-0.00625549513295511	-0.00179046568657055	-0.0057751663633895
-0.000807669530618352	-0.208980539972081	-0.000785923093521491	-0.00121508156835474	0.00229083555640946
-0.00246205429783837	-0.247821675353791	-0.0200266570025212	-0.0267433737955727	-0.00802690329749721
-0.00295281077408887	-0.268495506996071	-0.0217205515923973	-0.0129677239664969	-0.00859021497323755
0.00199082972537727	-0.11095648482138	-0.0101045957614368	-0.0169527534295944	0.0201788722387245
-0.00280170204860529	-0.026961584070252	-0.00200803627961387	0.00378584899359716	0.0128575009758746
0.00484385097684896	-0.1401996825231	0.0019228333242657	-0.0186309985170373	0.00082846156627338
-0.00327764948815072	-0.205781138109483	-0.0103221643431538	-0.036868250171566	-0.0244242201236014
-0.00188327650308134	-0.138215829706879	-0.00255571730824	-0.0259711756227355	-0.00695064127152903
-0.00195739358334215	-0.266195615003634	0.00440445858102951	0.0198122649431563	0.013116443939596
-0.00292980002174666	-0.157464405384674	0.0343194106748737	-0.00981497485596062	0.00278692293110624
-0.00197033243311193	0.0117188631236587	-0.0344621878392283	-0.0136190218674188	0.0323088463755777
0.00288902405657243	-0.0848980544968804	-0.0093838026034083	0.0184295200274255	0.00430853926888087
-0.00187749315788075	-0.101599024804004	0.0155108073880083	-0.0120378479481039	0.00920615695844206
-0.00223081444992411	-0.142264641512778	-0.0222585019252841	-0.0338516376986479	-0.0102166177630995
-0.00403433070363431	-0.0513157908512693	-0.0233583524879177	0.0117619283759206	0.00276986801439171
0.0109586228151761	0.00519548154240957	-0.00885842181778932	-0.0246616186032957	0.00286715446382131
0.00381633655238112	-0.0154138475302892	-0.0193005106917242	0.00509494761869805	-0.0191198822569488
-0.0023770407233985	-0.0559008089902332	-0.00316841631097607	-0.00351571820945295	0.00862073960043107
-0.00406622168438679	-0.0442186422680048	0.0262175195236007	0.013609938943751	0.00116386899688457
-0.00237866251199839	-0.173270334451575	-0.0296791158921465	-0.0156311254132922	0.0114036454171641
-0.0021004148749367	-0.0660240141438574	-0.0301036268034915	-0.0108069736482723	-0.0168015588523864
0.00345761348233193	0.105501473448339	-0.0180048811806774	0.0234711892458074	0.00921662212020497
-0.00291409287578322	0.11166804775297	0.00129678255097107	0.0158131532391648	-0.0101985261019929
-0.00268667106110086	-0.144719031033894	-0.00265752920489968	-0.0346166817248261	0.0280824471834852
-0.00289085331741735	-0.149979138711641	-0.0208130653203543	-0.00943566349735316	-0.0156801781047814
-0.00284492375627231	-0.0601453366495088	0.00606462056500952	-0.00887331899150299	0.00293156116408029
0.000446279426569482	0.129516305694226	-0.0179713956292119	-0.0069974328809961	-0.0143793775790647
-0.00316092266059455	-0.208400024158771	-0.03928179500429	0.00569703943054542	-0.0035480253968608
-0.0029576712062774	0.0300740854405643	-0.0010780209627635	-0.036279911001007	0.011580987657181
-0.0035650582498521	-0.12598721675455	-0.02913975367373	-0.0167534440123122	-0.0134942470939727
-0.00337615535601986	-0.0869360698277807	0.015043858642849	-0.0138899870216813	-0.013246427857756
0.00259588203363149	-0.0204354598674821	-0.00579700667074909	-0.0301889129729185	-0.0121442790919532
0.00955510100675097	-0.082182601153769	-0.00012178868976026	-0.0130474616046764	-0.0109532594953705
-0.00287822816946576	0.0547928167665841	-0.0057416033314098	-0.033685974721688	-0.0149427816985542
-0.00373143430187548	-0.163156586628933	-0.0137197453450123	-0.0105348974109742	0.000454644491585446
-0.00214167224658902	0.000856804402383996	0.0236458895079177	-0.00776507912499382	0.00602133631631783
-0.0037200819083938	0.220822874308987	0.0160537733117432	-0.00272700184226165	0.0407117130479777
-0.00207900165818454	-0.128857831541162	0.0178285885030989	-0.00861273036181141	0.0127341098255631
-0.00231570401402538	-0.251360128196786	-0.00544635952061667	0.0242065904735812	0.00608627021044763
0.0043424335849541	-0.0571365771748428	-0.0216605697103456	-0.0256333988248277	0.017988010723227
0.00611749100152433	-0.0919331961043867	-0.00213773540120988	0.0072000944248751	-0.00648466420028704
0.0195919487215192	0.0437763681478745	0.00181783621158479	-0.00631091511492075	0.00497857840616619
-0.00253016551443472	0.150887167942263	-0.0189036243543847	-0.0193409533018481	-0.00672608413953473
-0.00179046408888256	-0.10042254239347	-0.0157175604865628	0.00128405014689026	0.00335484664531485
0.0112596990053635	0.0197297668426643	0.0144785960168174	-0.00610232920384736	-0.00832222459457049
-0.00302813634718045	0.0160848836410907	-0.0199641038498001	-0.0115526995423026	-4.07177722752825e-05
0.00419851516155783	-0.0236670560706851	0.0169825507049829	0.00438938272964963	0.0481997267797599
0.00620713836325009	-0.0437340694752213	-0.0190911188663726	-0.0352890912417529	-0.0139347925554048
-0.00331571227405598	-0.0570290573546605	-0.0014492884882455	0.021225168526526	-0.0247144479506782
0.00151698885808166	-0.0155904849502615	-0.0271135050039488	0.00592720354527738	0.0103865813323331
0.00369638777315559	-0.0851726754517539	-0.0176826676182285	-0.0175864247848492	-0.0116474016193658
-0.00261219024547818	0.0849323932095899	-0.0248154601010375	0.0133626010218509	-0.0122057186254697
-0.00243342366521449	0.0467244240516425	-0.0312256249219825	-0.00406177632180211	0.00865702096040358
-0.00212886782399711	0.0166864147954986	-0.0108531096634784	-0.00429300429523598	0.000617920532093991
0.00673106312979775	-0.0917142499885047	-0.0185380625643052	0.00242134668411437	-0.0246090107283676
-0.00286560446362646	0.00954310482034754	-0.00875404354804428	-0.0179917731626692	-0.0172980382147379
-0.00248574657539388	-0.00915341850595665	0.0119463763154552	0.00741856205931904	0.0156236439395723
-0.00222098272288771	-0.0107599931134227	0.0626194849650067	-0.0206534791314948	-0.00831012314271603
0.0110492928716509	-0.0693528107093848	0.00398701091578575	-0.0360861526112601	0.00246015583560747
-0.00291102165336761	0.00903806499111247	-0.0103527592811613	-4.06328426194393e-05	-0.0158996942749234
-0.00231296692583386	0.073875542673195	0.0302976325314877	-0.0203647809452107	-0.0153216408517247
0.00581401866270949	0.00787520901106296	0.00107894897706516	0.00332507481527346	0.00700819474298811
-0.00174858466264317	-0.0289838891734072	-0.00321418611325673	-0.00474554752276909	-0.0250790407783652
-0.0025565829750509	-0.00974585273824451	-0.0211191974102149	0.0028341450406784	0.00709279500887541
-0.0040825325018172	0.125632744928543	0.0182255302828672	-0.0352047972636182	-0.00903536973892279
-0.00283561291942744	0.110324845604462	-0.00302614791757896	-0.00674785295445196	-0.005725931600587
-0.00260178118475278	0.0315787919021368	0.013241530016823	0.0112449429847465	-0.000255343507725174
-0.00209365768428152	-0.0803914058834799	-0.00596617212350272	0.0285336745974942	-0.0227915432625951
0.00964385129049599	0.0150898381873367	-0.0117120064613848	-0.0219799124285793	-0.00344716104781647
-0.00295282941869404	0.042567890444043	0.0518289166836527	0.00418131505213305	0.00111098097636649
-0.00360927666852569	-0.0171388416759947	0.000324006129015475	0.0110175242991015	-0.0151389824971689
-0.00155946903305406	-0.00383835192208367	0.0156039461307018	-0.0140698293797288	-0.00177619749001944
-0.00360146872878188	0.126736743842386	0.0583060355014557	-0.0120847957981279	0.000815713714280133
-0.0024188629726556	-0.0300878234005317	0.0283108169972786	0.00782525736498021	-0.02286157240385
0.00439423823283423	0.0678775413690264	-0.0149520821072791	-0.0210460768198615	0.00463771048388875
-0.00239184119166746	0.103351484785829	0.00703412623468483	-0.0210133133374474	-0.00194894192548825
-0.0033291218824522	0.0371543514698505	-0.0156496923792566	-0.0042193975985148	-0.000374978074904016
-0.00284034639710498	-0.00920218395735589	0.0485669113028376	-0.00442777468351646	-0.0123407169875296
-0.00259271301708979	0.0432638839494426	0.000912663880413053	-0.0230203169780411	-0.0122548642656463
0.00596443479080819	0.113164244591687	-0.000726248052024624	0.0102891111087589	-0.0118759825995393
-0.00184060460505699	0.102169147884177	0.0138294522937858	-0.0194871410300577	0.0251727206069978
0.0441568198983158	-0.0457020874416379	0.0984343041679338	-0.0360641253008879	-0.00847993195979381
-0.00287491222893403	0.0803033634947668	0.0120744940219234	-0.0206741116607764	0.0161001675839043
-0.00279371360254127	-0.0791378481740687	0.00642676753982365	-0.0198031277764839	-0.00656515700193995
-0.00170732980679818	-0.120875602914301	-0.0178558477211989	-0.0248853961688333	-0.0132357168045653
-0.0025350700350496	-0.0477193021495069	-0.0253599105915055	-0.0242785717337737	-0.0128046225405616
-0.00250743696963288	-0.0438153951257543	-0.0159773831821137	0.015407496743017	0.00234350621556337
-0.00268065081382828	-0.0743125712405295	0.0200665884609118	-0.0185694292262442	-0.0132393202383544
-0.00233409304871213	0.0188117592444028	-0.00704458198167174	0.006290943262048	0.0186594782842659
-0.00301251669110839	-0.0619990676639875	0.00696577729176676	-0.0189393052388389	-0.00717389012204089
-0.003431965861867	0.100282107173605	-0.00903061136659234	-0.0243907442653168	-0.00531168386862821
-0.00302973438352703	-0.0239854319761312	0.0202349242596826	-0.0183788833285952	0.000624826363294355
-0.00230911160392568	-0.0734184551774191	0.0125811838794247	0.013998880706425	0.0243761608823916
-0.00286346628012892	-0.098751569038834	-0.0371927140016747	-0.00451488498278328	-0.023252495491208
-0.00234356248294202	0.23125670442279	0.0103605215320947	0.027924226115901	-0.015053653433486
0.00497903470568829	-0.0630562922518486	-0.00662936386624577	-0.0273584115314783	0.00584320856400342
-0.0036337606505239	-0.0924635844804244	-0.0175544299723839	-0.00663871212689119	-0.00988177231308871
0.00408152668627186	-0.126057806035529	-0.0138916334046387	-0.0117589777580559	-0.0230598165874998
0.0126807402540353	0.0590104577204625	0.053817797749564	-0.00353774370274649	-0.0068956934304818
0.00671300133338148	-0.0860261788427341	-0.0184183447582594	0.00767743192435573	-0.00528223327810487
-0.00273421637726925	-0.146195256449813	0.00772501344029018	-0.0143233119281549	-0.00902007667469888
0.0284072576933562	0.0242427154550809	0.00937947386976044	0.0294222986718201	0.00974293108378606
0.0123259760043829	0.0637761163122496	0.023856702544474	-0.017814601872542	-0.00704571853569055
0.00728005992367331	-0.0740284679347686	-0.00241127962980153	-0.00788983663874937	-0.0200874285642985
-0.00309790510285914	0.0108509131398356	-0.00649350230677851	-0.0193449051318224	0.00800290117569187
-0.00321006655549567	-0.0701117853003803	0.013086473279793	0.00555664781527715	-0.00389000322608269
-0.00210245768145527	-0.0142547400077936	-0.00187154291285346	-0.016694209322173	0.00357766797835254
-0.0030404616664086	-0.0833723635020082	0.0132233932502641	-0.00981377229524891	-0.0227671395201536
-0.00187232410246583	0.0139585217774373	0.000967770574591768	-0.0176366006094475	0.000834620996345823
0.000983848858432343	0.216186226781211	0.0222107515100791	-0.02349627729451	-0.0183269521825605
-0.00285104833419309	0.025892057330434	-0.014002374604667	-0.0246425405363912	-0.0114535456307874
-0.00234031296058977	0.012649283184094	0.00826789114376807	-0.0279882947786028	-0.00480809458590333
-0.00266015259811854	0.149030596666828	-0.0376268277880545	0.0384634337135627	0.000933663211367131
-0.00331321059316689	-0.0636873881964836	0.026479838802963	-0.0218480762038456	-0.0241693416729919
0.00153195727631525	-0.0496056164817806	-0.00194815485283663	-0.0134277963416914	-0.0028276279725112
0.0197877669488694	-0.0821814490869112	0.0130789689109101	0.000716270599153712	-0.00250068406899669
-0.00407298631058727	-0.0813761673307239	-0.0288334497476196	0.0092633076546218	0.00565194532834596
-0.00270784393358593	0.0399416047111591	0.0117595182907269	0.00310886746069392	-0.00863536585131734
-0.00345704007983642	-0.0314799375615254	-0.0215582075377647	0.030740889480266	-0.00521987293726894
-0.00128929274058476	0.0459101718797815	0.0159999439803295	-0.0343004002611697	-0.0229230597447883
-0.002749778958114	-0.105077206402943	0.000206227936575948	-0.0088339538080267	0.00302603215076796
-0.00176763481167701	-0.0958733209558853	0.0204120166121847	-0.00961776561514374	0.00151494254073981
-0.000388900829833658	-0.0638345141990945	-0.00508620700427864	-0.00278402233108286	0.0162395067110059
-0.00312227543066418	-0.164514730035161	-0.0143488611912892	-0.0246502089770291	-0.00134017854659673
0.00419295646375534	-0.105689877359222	-0.0155956863508992	-0.0148853991846304	-0.0094254003537966
-0.00362882974196704	-0.161894784753995	-0.0319989857435243	-0.0140439548240406	0.0130705941521904
0.00587740835986992	-0.0883025619277598	0.0237432128733487	-0.0164682481282008	0.0126662276379169
0.0105803451909334	-0.0100375123970982	0.0494480065171177	-0.012288206701535	-0.0125002199634787
-0.00214557415780706	-0.0820262373602049	0.0230414995794816	0.00987733179808578	-0.0150531009037142
-0.00348744699436464	0.0440299766359236	-0.0103621187458278	-0.00780130963394785	-0.00848028036515102
-0.00333948725368221	-0.0832621998777718	-0.0283984505029825	-0.00880050744252639	0.0163988069501183
-0.00213652658090596	0.0412578619325079	-0.00444043395495596	-0.00508437412522758	0.0357154805946102
-0.00186904689354358	-0.13540826745518	-0.0286391635607482	-0.00735418888248893	0.00339460915383297
0.0173406497904906	-0.0984645521813286	-0.00630903992405694	-0.00367367130369655	-0.0135575678289997
0.00156426002116989	0.255977327130543	0.00588789751879279	0.0489276591740782	0.0100377070979411
-0.00288372088695632	0.261798521334265	-0.0106607940557898	-0.0218746175833405	0.0147898972781824
-0.00132804439298643	-0.0364567434078762	-0.0216414246043881	-0.00830920324372154	0.0108554118093373
-0.00187647936923057	-0.0116594787692769	0.0340460428658548	0.033350385402743	0.00981030760918078
0.00390642630644892	0.0470722831658592	0.0199919326370858	0.0360820076869192	0.0223489741353728
-0.00210689594726131	0.0319929134311505	0.00139389140992952	0.027194824416416	-0.00326762759332611
-0.00288541836002095	0.022199381650902	0.0788660457648823	-0.0118681219791192	-0.000311848053175746
-0.00241988150672778	0.0837386648186961	-0.0073916442227487	0.0131052059762444	0.0324215673188398
-0.00378735217267805	-0.0479911577593587	0.00675375123530975	0.0552544160166452	-0.00261904015480933
-0.00175753818712144	-0.161860265170832	0.0318342772693589	0.0241614604853229	-0.00849949185155673
-0.00240461237140887	0.0572764706741011	-0.0123611832398336	0.0110317105386803	-0.0244847349929822
-0.00313149644738244	0.179530692029124	0.0297965793401547	0.0325308343775858	-0.0103638010266353
-0.00285297994676736	-0.0153992896335559	0.00671877754269637	0.00963050180309198	-0.0109089223445846
0.0136671037320443	0.0584240165671514	0.00776633150126349	0.0158930508882773	0.00317656780622597
-0.00189533462315364	0.0474316773632786	-0.0352027508938749	-0.0036599144902934	-0.0243694025306539
-0.00386292991940876	-0.285912612264843	-0.00526829880098452	-0.0091017535467358	-0.0238268157192073
-0.00228293971960754	-0.203503591010894	-0.00612958172856887	-0.0145615229084482	-0.00196808199293949
-0.00274288420433532	-0.0763413089313959	-0.0243617690897089	0.00192935312093888	-0.0246748782502167
0.00899551870209859	-0.0337925118533482	-0.0188782862994453	-0.015771349839234	0.0184780552737197
-0.00228577515512967	-0.0332782829836713	-0.00590177621530649	-0.0356993561620218	-0.00911368093411063
0.00808532888520624	-0.0665361107642853	-0.00833641375204416	-0.00758383253216881	-0.000184730912524596
0.00766834068409019	0.0414178917967534	-0.0155630777216713	0.00119956992694648	-0.0139359328044978
0.00388893372447356	-0.154763122910564	-0.0068220416163904	-0.0137712944294495	0.00508458679503898
-0.00229236353428942	-0.0782427052847494	-0.0190230470843959	-0.03535413354606	-0.0249984703787031
-0.00323856661174137	-0.204724070381882	-0.0236858656358427	0.0235548400808384	0.0202245750123094
0.00998204047667023	-0.0574754173624491	-0.0389185973415819	-0.035528874802601	-0.0220003575254633
-0.00286540994102721	0.0634219910219178	-0.0175043000117698	-0.0172173868034073	-0.0238069690610447
-0.00282246939026945	-0.168000553071327	-0.0383824779678703	-0.0151844540561678	-0.0250475231644444
-0.00244963642724435	-0.0518888573876096	-0.0104516007136348	-0.0163894209744852	0.0101367654242317
-0.00194208459864074	-0.0247372957699061	0.00742728532371499	-0.0276258902998172	-0.00483065448835942
0.0207468300864666	-0.176544984650896	-0.0385448535239759	-0.0363752435911521	-0.0121277435895377
-0.0026435476937703	-0.0769828728813933	-0.00153174412317951	-0.0222327858737376	-0.0247389383491629
-0.00140273540863673	-0.0888784140792153	-0.0224283513506265	-0.0377946286992334	-0.0120611767687923
-0.00264234789624442	-0.069038530983698	0.0110215845862773	-0.0352363323228035	-0.0084985646560547
-0.0030712645467103	-0.080874453101499	-0.000740965314383949	0.00728569826872336	0.0098676970351115
-0.00119945063558839	0.0489046903216184	0.0191306310699274	-0.0248426833742117	-0.0125642019845866
-0.00191643470430569	-0.0946423022651122	0.00299231078702827	-0.0165171902469269	0.0043510723089155
-0.0020944936848279	-0.00664865387382991	-0.00698702221282862	-0.0375303310974384	-0.0159129413034462
0.00918956798935155	-0.114079685258338	-0.00651929955079305	-0.0118960133971419	0.0230329262547808
-0.0026895523087177	-0.149817426102106	-0.0409086541187546	-0.0125378986159791	0.0240771154125054
-0.00218430968655862	-0.0633163801769061	0.0221044689213202	-0.0382101517302526	-0.0241205364865053
0.023613481455387	-0.163166888697885	-0.0181896277817378	-0.0327066911098743	0.0302928729237872
-0.00223824443773493	-0.0490538513993698	-0.0102014309794126	0.0219963788999141	0.0342098853952857
-0.00234471841975991	0.0628807239708127	-0.0186503771036252	0.00905683353892069	-0.011240891261398
-0.00223315366085361	-0.101497523086752	0.00899026355337457	-0.00640153998011701	0.00575155583436957
-0.00273350533393443	0.0125085834190978	-0.0358451604342083	-0.0232294554815856	-0.0121732656442694
0.00551347374586903	-0.0562512660247386	0.0280927104176778	-0.0185147458111562	-0.0233520808543013
-0.00249724317420407	-0.00316898467686046	0.0129599615532982	-0.0184403726826186	-0.0232465246394912
0.00208490681487312	-0.0979126417917167	0.0120547902862878	-0.0158075802182967	0.00668438027690947
-0.00186102006228289	-0.083424532435515	0.0132206083228497	0.0164457360077502	0.00905708496447492
-0.00300298461092703	0.146156019483656	-0.000742316902822022	-0.036118071230346	0.0319585835406765
-0.00257841401575697	-0.0436008696228017	-0.0068200360855086	0.00909923794884245	-0.0250239039898636
-0.00251788360812158	-0.234050097949956	-0.0379538886906949	-0.0214690247729516	0.0192418675282111
0.00903339051268227	-0.0471922998379545	-0.00267776030282535	0.0139766687025225	0.0109585348115289
-0.00323916294928663	0.0057074412056777	-0.0216368697789486	-0.00295374419220076	-0.0248907217059522
-0.00223931284350135	-0.0609835065284904	-0.014795861564079	-0.0176392938267789	-0.0100207129369383
-0.00269638000425004	-0.149246971078132	-0.0302261799716006	-0.0229378806267722	0.001166079243375
-0.00221162946372734	-0.0215868252119327	-0.00322069000025934	-0.00415391655600302	-0.00320228522488855
-0.00248801248749492	-0.0705131755246619	-0.00970804829615441	-0.0347320006722419	-0.0230400826679145
-0.00169849789139416	-0.0639794487401812	0.0313681558830789	0.0351932203079306	-0.0158037519914523
-0.002616799571066	-0.171857241496081	0.0355564892038471	0.00793933669865044	-0.0233245664279672
0.000939397413717786	-0.186638746996068	-0.036447219329937	-0.0120767790849769	-0.0146544151384896
-0.00304343898842443	-0.187343106315609	-0.0261157371516522	0.00135387220217715	-0.0105994259814163
-0.00356334517351089	0.0929939972604439	-0.00228701625901047	0.0355112684418277	0.00557861347568055
0.00923002075413202	-0.110225617902288	0.00970747960465742	0.00911745837828475	-0.0230344066809127
-0.00172834548727042	-0.0199456931323645	-0.022183329007828	-0.00181473342752849	-0.00228607634128599
-0.00362149723234818	-0.139536875569549	-0.0247202423479239	0.00839944137599482	-0.0238677058789637
-0.00263822536985839	-0.140889110810689	-0.0229565681363663	-0.0192723896585848	-0.0100285837071461
0.00471217183944884	0.0489495894488107	0.0309286184371855	0.0268627877442933	0.0311274943909565
-0.00146424999905765	0.0305582306461849	-0.00949212440881401	0.000797677902776816	-0.0158575162373582
0.00835138195162356	-0.0219323420169496	-0.0153045320086117	0.0102731685209303	-0.0230409684896926
-0.00327003856844354	-0.0342251755373005	-0.0167725778532583	-0.00559902575682707	-0.00814660479149725
-0.00143164190805917	-0.0187993404611676	-0.00118903228642292	-0.000180148542569992	-0.0121321706740032
0.00311402863528675	-0.0575925799841135	-0.0147011377433426	-0.019369868191384	0.00629515584709684
0.0145287391996271	-0.0528269588432185	-0.019242251311644	-0.0181672163109447	-0.0132052759721713
-0.003336924187406	-0.106698229914598	-0.0391602298366388	0.0249861146691759	0.00253544006750971
-0.00230226841595678	-0.00878592733256831	-0.00915523911461766	-0.0256171742210352	0.0135918413842882
-0.00382221072877327	0.256219301030278	0.0235257602684255	-0.00478209213698634	-0.00189291644062516
0.0278506179657841	0.0918459877238385	-0.0390761729872618	-0.00418131616602276	0.0384774129770537
-0.00262214809790318	-0.106864947357327	-0.0259336794591017	0.00744962799373062	0.00923048804946233
0.00986286303401898	0.0821526901428914	-0.0226872660647958	0.0013627628540883	0.00725227985454212
0.0128666176036016	-0.0810322530392074	0.040009522876085	-0.0185363257361873	0.00802778725520145
-0.00268167628187273	0.0359345593674669	-0.0383820989145582	-0.00970188324685788	-0.00666655582593605
0.00310352736616189	-0.112857704167098	-0.0125838257728151	0.0136937461002745	0.00508786637107753
0.00279529274381187	-0.190976820474609	-0.00954419614521015	7.72805390273961e-05	0.00244422880419127
0.00670932788655416	-0.133766115559396	-0.0171837818999051	-0.0158635020757934	0.0314523531206125
-0.00215862667830168	-0.100772797765979	-0.0187598431822346	-0.0293479777576092	-0.0113347418553845
-0.00326114690154115	-0.199161540231279	-0.0226517455316135	-0.026750186658207	-0.0077400833181097
-0.00278403192479975	-0.196640320706816	-0.00110088571701714	-0.0202019578349299	-0.0021390186251716
0.00755692144593469	-0.0668637263715911	-0.0244066449733382	-0.024491835936038	-0.0129704672382006
-0.00232320565957323	-0.19990012241679	0.0185697777471511	0.00332459836664907	0.0475447942171641
0.0136332477474126	-0.166373580942722	-0.0203208613893855	-0.0044478840798611	-0.000667125594693504
-0.00296615362876529	-0.191391276894088	-0.022895451291764	-0.034548605948619	-0.009423736508918
-0.00189040207089271	-0.0893961727619431	-0.00876520922415359	-0.0219488018353161	-0.00293051020699574
-0.00340546320417066	-0.284957612192665	-0.0116292723897782	-0.036629571286897	0.00399623112105283
-0.00196331239406667	-0.160009752274766	-0.00872727377461077	0.000150105713931631	0.0126246365799206
-0.00221306853808389	-0.119791196314585	-0.00541928996644856	-0.00280451289293741	0.0104840480352191
-0.00339860889430641	-0.0879511950733348	-0.0220659359880431	-0.0191392805012085	-0.0216507543279664
0.0019670111092177	-0.223645166594986	-0.0179391824435644	-0.00464894616121101	0.00773235991214153
0.00317460622306865	-0.225131045244537	-0.0291130735443608	0.0209070435231707	-0.016732402723238
0.0103848519776914	-0.169988995364585	-0.0398337919408462	-0.0059140810912292	-0.0101791294122414
-0.00218725000955328	-0.219581029488873	-0.0149603590078373	-0.00502480148481859	-0.0176197087650056
0.00272291633810949	-0.147294026481324	-0.0304952092999831	0.00628452607761082	0.00871906907705113
-0.00225473531301724	-0.00284601710346425	-0.0176639301108495	0.00861622618976633	-0.0143955447578871
-0.0025154442500118	-0.252549057148156	-0.0291551323684008	0.00658113536288919	-0.0174293154449931
0.00192781638878057	-0.174830767804538	-0.0132623040625442	-0.00424777336195502	0.00825183002160405
0.0148212965228623	-0.0378907243770871	0.0330611020841347	-0.0342050616541537	0.011786334855551
-0.00350018348709522	-0.0408174625258532	-0.0388238134085096	0.0821921929171075	-0.0235112087052348
-0.00299902878521861	-0.0373347856351364	-0.0374535044926	0.0239319685384731	-0.0247711385861612
-0.0021694464520043	-0.244043627884634	0.0145559676163207	-0.01539937071736	-0.0123946917114544
-0.00217208642570383	-0.107512486325228	-0.0378312322760823	0.0191879984392027	0.0185432068355208
-0.00172337661652322	-0.0643613022070213	-0.00963023881465199	-0.0166938516681725	-0.00464592111941474
-0.00227131588412935	-0.246711128959853	-0.0155849263708871	-0.00383842833111346	0.0277054455303474
-0.0030736894939372	-0.13728711597335	-0.00109479341310803	-0.0147527182072094	-0.00204504724471517
-0.00336889734686919	0.0191513571963923	-0.0251384350192429	0.005430835055823	0.00377733567525864
-0.0030394582244608	-0.136356335975116	-0.022960859347859	-0.00727878879777457	-0.00813604594888353
-0.00203153827551724	-0.112954544892741	-0.0243457859175069	-0.00668497684251217	-0.0218227535798316
-0.00332253487812921	0.0197163798303895	-0.0375339926274157	-0.0091796928640899	0.0821487257121139
-0.00243224355498283	-0.181800896021756	-0.0193373191577224	0.00158581680391158	-0.025779514513849
-0.00185133744021945	-0.0962420116440749	-0.00535106815209627	-0.00631559554743183	-0.0233128988371703
-0.002605303900805	-0.262919141665967	-0.0365643401132723	0.0232595422009446	-0.0251968291774584
-0.00227417261010127	-0.060209148359632	-0.0167702582967431	-0.00403278771918447	-0.00413914590681585
-0.00281899589663641	-0.062806521362146	0.00756742785949449	-0.00817584532865722	-0.0197497684709573
0.00074196756586418	-0.085047900812856	-0.0162135311416373	-0.0304171433213968	-0.00562397061600988
0.00318432418185224	-0.075336178698186	0.0160052090516863	0.0169694819450214	-0.0111992910609074
-0.00239298080410926	-0.207210920844132	-0.0152542321779389	-0.0141836214224652	-0.00805294655226727
-0.00249695772663513	-0.126312481201793	-0.0232198954635343	0.00894159738414565	-0.0109762251771257
-0.00179002577771174	-0.266619995637031	-0.00301804722675245	-0.0110101756824831	-0.00617086569053782
-0.00297619818409574	-0.0886721008204364	-0.0134951024756885	0.00557608627846653	-0.00775872885494248
-0.0025518026181977	-0.0835944556482943	-0.0187379173668628	-0.00235109202091654	0.00432455702048327
-0.00170820848124936	-0.161593927097816	-0.0033224836746692	0.00928797260062628	-0.0259889224143165
-0.00271434879568101	-0.0848327929396954	-0.0368310776767151	-0.000710919437811695	-0.0229391178839547
-0.0023625391916082	-0.00335386349026016	-0.0101877022663095	0.00729816975858565	0.0019473655051173
-0.00273349023926065	-0.136626193336294	-0.00663264010310313	-0.0201463149258323	-0.00905408141080746
-0.00247631820026546	-0.0786228413918813	-0.0161125766816731	0.00297954904584247	-0.000131727635295282
0.0101027944344789	-0.198642633189398	-0.0220166635738203	0.0134533726056087	-0.0233948911436447
-0.00332458550215404	0.150647188255545	0.0187318865541799	0.0134287980505131	-0.00484994617036161
0.00269190805016399	-0.187214634829891	0.0136396092685304	-0.000399118012086051	-0.00990463264410173
-0.00217624228987586	-0.0576520842756803	-0.0181685206868245	0.0015500354634186	-0.00633557742129861
-0.00373749040153913	-0.21651191275864	-0.010107255889177	0.0222038867983473	0.00469226949054012
-0.00303540858128912	-0.239935555750945	-0.0100983312524697	0.0193351849657713	-0.0106158712111267
-0.00243349919759914	0.0542100454871894	-0.00690794694993685	0.00236330601145541	-0.00118901623253934
0.0133090955344211	-0.133073233060514	0.0402080456442244	0.0276635931500979	-0.0250746639714732
-0.00371059433124546	-0.0720331984065621	0.00874020670141132	-0.0150894099660162	-0.00319357514093376
-0.00171549958958677	-0.0840347387208223	0.00611693533980738	0.00342412032002323	0.00784778815254431
-0.00205488440803356	0.0216193861192891	-0.000380404917857211	-0.00086904159373798	0.000456491438651154
0.00390034574852655	-0.0354400625995095	-0.0243876751409212	-0.0104345118536262	-0.0104901275755519
0.00995061776785155	-0.0710828684438448	0.0257711688117279	0.032534902631797	-0.0181438905486452
-0.00248611900675787	-0.0143503966747466	0.0254889949735588	-4.39227953099114e-05	0.0112558977212245
0.00291802601395506	-0.144795800354596	-0.0129577114110528	-0.00667265686541491	0.00129901741904384
-0.00276028143770572	-0.140087639671482	-0.0239808135965824	0.00360651197754411	-0.0151795940948959
-0.00265780180311139	-0.0883218314285665	-0.013346730287184	-0.00755483266246098	-0.01167929046862
0.00484060544094597	-0.0812467791561057	-0.00491971488883015	0.0101998467613043	-0.00615932663717866
-0.0018871323660955	-0.0793316844643098	0.0378102451164645	-0.0059944818443283	-0.014681482845451
-0.00128917613665383	-0.181726330534104	-0.0223221296279762	-0.00659156034038255	-0.00889536683453464
0.0060215720819644	-0.0431419384453198	-0.0101210947745886	-0.00651645907515194	-0.00448287841538984
0.00693244081144907	-0.167685142626353	0.00882339911905966	0.000233161024397622	0.00363869680309112
-0.00150095617647031	-0.0276943573945965	-0.0137450308168825	-0.00974990942133653	-0.0168439008961751
-0.00257420464349552	-0.132781267466807	-0.0110947015088462	0.0137631468100896	0.016595153700388
0.001223980075243	-0.158054781788021	-0.0035531853734507	0.00502717392664418	-0.00245285474768291
0.0121283591614253	0.00453330254878515	0.0158565409178444	0.00356855234698237	-0.015575105329241
0.00349511174596853	0.0407613092274048	0.0115836000251201	-0.0102983012410212	-0.0106324485503335
-0.000237122551417718	-0.138502390686034	-0.0026623165645924	-0.00112281340645498	0.000401668598493775
-0.00232332361813327	-0.140685671043255	-0.00970969986288411	-0.00949710885966761	-0.0241212932133963
-0.00291933387491185	-0.0719529740512146	0.00222132870089222	-0.00741083380560108	0.00263040143178817
0.00748753844135574	-0.154752653585193	-0.025885295222275	0.0174235222766034	-0.00440731367035183
0.000825246407424555	0.10276809075217	-0.00261038840452577	-0.0063526803810352	-0.00457754502417201
-0.00193749932619211	-0.0370446100061589	-0.0047528949564023	0.000714677850690317	-0.00803227592668698
-0.00158917602915515	0.118281572924904	-0.00802347729662372	-0.0277826549917279	-0.00647266817303043
-0.00204351494256235	0.183913088798834	0.0479985413150217	-0.0118395066993914	-0.0039735536689776
-0.00158963734210951	-0.014583472232428	-0.0032600843702111	-0.0128276989002475	0.00295567633799549
-0.00218344504582021	0.051197992951996	0.0206848323070491	0.0112275420918277	0.0165059504820075
-0.00243056650127748	0.0965772367133879	-0.00937603319720202	-0.0100286629532919	-0.0105508866477321
-0.00241709267749842	0.0281187278783546	0.00378223486687339	-0.0173354790330807	-0.00493442731415694
0.00408077504969605	-0.0662745685820258	0.0115564863566184	-0.00747762657861166	0.0043579607454829
-0.00219329346028228	-0.0100380618277639	-0.0261545814552149	0.00637795846014849	-0.0248703310706731
-0.00274687478088654	0.274924577840001	0.0650817677694873	-0.0120285713777605	0.0237865060078813
-0.00301709455956619	-0.053559779584115	0.00350548556107055	-0.00837000696506461	-0.0103386825838234
0.00889386650767861	-0.103885962269928	-0.0163204028551041	-0.0161928172612553	-0.0118966269082899
0.00322708663357107	0.0605509620888425	0.0153993581021398	-0.0176020480329551	0.0110177310374544
0.00820595592027238	-0.164861338981553	-0.021339871581827	-0.0104101490230245	-0.00938987681196781
-0.00307244588964885	-0.0523606828954146	0.00305552869430514	-0.0112671757531476	-0.00518888635640453
-0.00327264411829222	-0.0967991050648806	0.00520331471636594	-0.00406586226017646	-0.0056987097771695
0.0182460591448561	-0.177775844896809	-0.0315711429357349	-0.00700761129421525	-0.0166103253143977
-0.00226479940261909	-0.0279239462177212	0.0126905142399583	0.0087659235185886	0.0459775100019381
